Country,Region,Population,Jan_22_2020,Jan_23_2020,Jan_24_2020,Jan_25_2020,Jan_26_2020,Jan_27_2020,Jan_28_2020,Jan_29_2020,Jan_30_2020,Jan_31_2020,Feb_01_2020,Feb_02_2020,Feb_03_2020,Feb_04_2020,Feb_05_2020,Feb_06_2020,Feb_07_2020,Feb_08_2020,Feb_09_2020,Feb_10_2020,Feb_11_2020,Feb_12_2020,Feb_13_2020,Feb_14_2020,Feb_15_2020,Feb_16_2020,Feb_17_2020,Feb_18_2020,Feb_19_2020,Feb_20_2020,Feb_21_2020,Feb_22_2020,Feb_23_2020,Feb_24_2020,Feb_25_2020,Feb_26_2020,Feb_27_2020,Feb_28_2020,Feb_29_2020,Mar_01_2020,Mar_02_2020,Mar_03_2020,Mar_04_2020,Mar_05_2020,Mar_06_2020,Mar_07_2020,Mar_08_2020,Mar_09_2020,Mar_10_2020,Mar_11_2020,Mar_12_2020,Mar_13_2020,Mar_14_2020,Mar_15_2020,Mar_16_2020,Mar_17_2020,Mar_18_2020,Mar_19_2020,Mar_20_2020,Mar_21_2020,Mar_22_2020,Mar_23_2020,Mar_24_2020,Mar_25_2020,Mar_26_2020,Mar_27_2020,Mar_28_2020,Mar_29_2020,Mar_30_2020,Mar_31_2020,Apr_01_2020,Apr_02_2020,Apr_03_2020,Apr_04_2020,Apr_05_2020,Apr_06_2020,Apr_07_2020,Apr_08_2020,Apr_09_2020,Apr_10_2020,Apr_11_2020,Apr_12_2020,Apr_13_2020,Apr_14_2020,Apr_15_2020,Apr_16_2020,Apr_17_2020,Apr_18_2020,Apr_19_2020,Apr_20_2020,Apr_21_2020,Apr_22_2020,Apr_23_2020,Apr_24_2020,Apr_25_2020,Apr_26_2020,Apr_27_2020,Apr_28_2020,Apr_29_2020,Apr_30_2020,May_01_2020,May_02_2020,May_03_2020,May_04_2020,May_05_2020,May_06_2020,May_07_2020,May_08_2020,May_09_2020,May_10_2020,May_11_2020,May_12_2020,May_13_2020,May_14_2020,May_15_2020,May_16_2020,May_17_2020,May_18_2020,May_19_2020,May_20_2020,May_21_2020,May_22_2020,May_23_2020,May_24_2020
"Afghanistan","Afghanistan",38928346,0,0,0,0,0,0,0,0,0,0,0,0,0,0,0,0,0,0,0,0,0,0,0,0,0,0,0,0,0,0,0,0,0,0,0,0,0,0,0,0,0,0,0,0,0,0,0,0,0,0,0,0,0,0,0,0,0,0,0,0,1,1,1,2,4,4,4,4,4,4,4,6,6,7,7,11,14,14,15,15,18,18,21,23,25,30,30,30,33,36,36,40,42,43,47,50,57,58,60,64,68,72,85,90,95,104,106,109,115,120,122,127,132,136,153,168,169,173,178,187,193,205,216,218
"Albania","Albania",2877797,0,0,0,0,0,0,0,0,0,0,0,0,0,0,0,0,0,0,0,0,0,0,0,0,0,0,0,0,0,0,0,0,0,0,0,0,0,0,0,0,0,0,0,0,0,0,0,0,0,1,1,1,1,1,1,1,2,2,2,2,2,4,5,5,6,8,10,10,11,15,15,16,17,20,20,21,22,22,23,23,23,23,23,24,25,26,26,26,26,26,26,27,27,27,27,28,28,30,30,31,31,31,31,31,31,31,31,31,31,31,31,31,31,31,31,31,31,31,31,31,31,31,31,32
"Algeria","Algeria",43851044,0,0,0,0,0,0,0,0,0,0,0,0,0,0,0,0,0,0,0,0,0,0,0,0,0,0,0,0,0,0,0,0,0,0,0,0,0,0,0,0,0,0,0,0,0,0,0,0,0,0,1,2,3,4,4,4,7,9,11,15,17,17,19,21,25,26,29,31,35,44,58,86,105,130,152,173,193,205,235,256,275,293,313,326,336,348,364,367,375,384,392,402,407,415,419,425,432,437,444,450,453,459,463,465,470,476,483,488,494,502,507,515,522,529,536,542,548,555,561,568,575,582,592,600
"Andorra","Andorra",77265,0,0,0,0,0,0,0,0,0,0,0,0,0,0,0,0,0,0,0,0,0,0,0,0,0,0,0,0,0,0,0,0,0,0,0,0,0,0,0,0,0,0,0,0,0,0,0,0,0,0,0,0,0,0,0,0,0,0,0,0,1,1,1,1,3,3,3,6,8,12,14,15,16,17,18,21,22,23,25,26,26,29,29,31,33,33,35,35,36,37,37,37,37,40,40,40,40,41,42,42,43,44,45,45,46,46,47,47,48,48,48,48,49,49,49,51,51,51,51,51,51,51,51,51
"Angola","Angola",32866272,0,0,0,0,0,0,0,0,0,0,0,0,0,0,0,0,0,0,0,0,0,0,0,0,0,0,0,0,0,0,0,0,0,0,0,0,0,0,0,0,0,0,0,0,0,0,0,0,0,0,0,0,0,0,0,0,0,0,0,0,0,0,0,0,0,0,0,2,2,2,2,2,2,2,2,2,2,2,2,2,2,2,2,2,2,2,2,2,2,2,2,2,2,2,2,2,2,2,2,2,2,2,2,2,2,2,2,2,2,2,2,2,2,2,2,2,2,3,3,3,3,3,4,4
"Antigua and Barbuda","Antigua and Barbuda",97929,0,0,0,0,0,0,0,0,0,0,0,0,0,0,0,0,0,0,0,0,0,0,0,0,0,0,0,0,0,0,0,0,0,0,0,0,0,0,0,0,0,0,0,0,0,0,0,0,0,0,0,0,0,0,0,0,0,0,0,0,0,0,0,0,0,0,0,0,0,0,0,0,0,0,0,0,1,2,2,2,2,2,2,2,2,3,3,3,3,3,3,3,3,3,3,3,3,3,3,3,3,3,3,3,3,3,3,3,3,3,3,3,3,3,3,3,3,3,3,3,3,3,3,3
"Argentina","Argentina",45195774,0,0,0,0,0,0,0,0,0,0,0,0,0,0,0,0,0,0,0,0,0,0,0,0,0,0,0,0,0,0,0,0,0,0,0,0,0,0,0,0,0,0,0,0,0,0,1,1,1,1,1,2,2,2,2,2,2,3,3,4,4,4,6,8,9,13,18,19,23,27,28,36,39,43,44,48,56,63,72,82,83,90,97,102,111,115,123,129,132,136,147,152,165,176,185,192,197,207,214,218,225,237,246,260,264,273,282,293,300,305,314,319,329,353,356,363,373,382,393,403,416,433,445,452
"Armenia","Armenia",2963243,0,0,0,0,0,0,0,0,0,0,0,0,0,0,0,0,0,0,0,0,0,0,0,0,0,0,0,0,0,0,0,0,0,0,0,0,0,0,0,0,0,0,0,0,0,0,0,0,0,0,0,0,0,0,0,0,0,0,0,0,0,0,0,0,1,1,1,3,3,3,4,7,7,7,7,8,8,9,10,12,13,13,14,16,17,18,19,20,20,22,24,24,24,27,28,28,29,30,30,32,33,33,35,39,40,40,42,43,44,45,46,47,48,49,52,55,60,61,64,67,70,74,77,81
"Australia","Australia",25499884,0,0,0,0,0,0,0,0,0,0,0,0,0,0,0,0,0,0,0,0,0,0,0,0,0,0,0,0,0,0,0,0,0,0,0,0,0,0,0,1,1,1,2,2,2,2,3,3,3,3,3,3,3,3,3,5,6,6,7,7,7,7,8,8,13,13,14,16,17,18,20,24,28,30,35,40,45,50,51,54,57,60,61,62,63,63,66,67,67,67,67,67,75,79,80,83,83,89,91,93,93,94,95,96,97,97,97,97,97,97,97,98,98,98,98,98,99,99,100,100,101,101,102,102
"Austria","Austria",9006398,0,0,0,0,0,0,0,0,0,0,0,0,0,0,0,0,0,0,0,0,0,0,0,0,0,0,0,0,0,0,0,0,0,0,0,0,0,0,0,0,0,0,0,0,0,0,0,0,0,0,1,1,1,1,3,3,4,6,6,8,16,21,28,30,49,58,68,86,108,128,146,158,168,186,204,220,243,273,295,319,337,350,368,384,393,410,431,443,452,470,491,510,522,530,536,542,549,569,580,584,589,596,598,600,606,608,609,614,615,618,620,623,624,626,628,629,629,629,632,633,633,635,639,640
"Azerbaijan","Azerbaijan",10139177,0,0,0,0,0,0,0,0,0,0,0,0,0,0,0,0,0,0,0,0,0,0,0,0,0,0,0,0,0,0,0,0,0,0,0,0,0,0,0,0,0,0,0,0,0,0,0,0,0,0,0,1,1,1,1,1,1,1,1,1,1,1,1,2,3,3,4,4,4,5,5,5,5,5,7,7,8,8,9,10,11,11,12,13,13,15,15,18,19,19,20,20,20,21,21,21,22,22,23,24,25,25,25,26,26,28,28,28,31,32,32,33,35,35,36,36,39,40,41,43,44,46,49,49
"Bahamas","Bahamas",393244,0,0,0,0,0,0,0,0,0,0,0,0,0,0,0,0,0,0,0,0,0,0,0,0,0,0,0,0,0,0,0,0,0,0,0,0,0,0,0,0,0,0,0,0,0,0,0,0,0,0,0,0,0,0,0,0,0,0,0,0,0,0,0,0,0,0,0,0,0,0,1,1,1,4,4,5,6,7,8,8,8,8,8,8,8,8,9,9,9,9,9,9,11,11,11,11,11,11,11,11,11,11,11,11,11,11,11,11,11,11,11,11,11,11,11,11,11,11,11,11,11,11,11,11
"Bahrain","Bahrain",1701575,0,0,0,0,0,0,0,0,0,0,0,0,0,0,0,0,0,0,0,0,0,0,0,0,0,0,0,0,0,0,0,0,0,0,0,0,0,0,0,0,0,0,0,0,0,0,0,0,0,0,0,0,0,0,1,1,1,1,1,1,2,2,3,4,4,4,4,4,4,4,4,4,4,4,4,4,5,5,5,6,6,6,6,7,7,7,7,7,7,7,7,7,8,8,8,8,8,8,8,8,8,8,8,8,8,8,8,8,8,8,8,9,10,10,12,12,12,12,12,12,12,12,13,14
"Bangladesh","Bangladesh",164689383,0,0,0,0,0,0,0,0,0,0,0,0,0,0,0,0,0,0,0,0,0,0,0,0,0,0,0,0,0,0,0,0,0,0,0,0,0,0,0,0,0,0,0,0,0,0,0,0,0,0,0,0,0,0,0,0,1,1,1,2,2,3,4,5,5,5,5,5,5,5,6,6,6,8,9,12,17,20,21,27,30,34,39,46,50,60,75,84,91,101,110,120,127,131,140,145,152,155,163,168,170,175,177,182,183,186,199,206,214,228,239,250,269,283,298,314,328,349,370,386,408,432,452,480
"Barbados","Barbados",287375,0,0,0,0,0,0,0,0,0,0,0,0,0,0,0,0,0,0,0,0,0,0,0,0,0,0,0,0,0,0,0,0,0,0,0,0,0,0,0,0,0,0,0,0,0,0,0,0,0,0,0,0,0,0,0,0,0,0,0,0,0,0,0,0,0,0,0,0,0,0,0,0,0,0,1,2,3,3,3,4,4,4,4,4,5,5,5,5,5,5,5,5,6,6,6,6,6,6,7,7,7,7,7,7,7,7,7,7,7,7,7,7,7,7,7,7,7,7,7,7,7,7,7,7
"Belarus","Belarus",9449323,0,0,0,0,0,0,0,0,0,0,0,0,0,0,0,0,0,0,0,0,0,0,0,0,0,0,0,0,0,0,0,0,0,0,0,0,0,0,0,0,0,0,0,0,0,0,0,0,0,0,0,0,0,0,0,0,0,0,0,0,0,0,0,0,0,0,0,0,0,1,2,4,4,5,8,13,13,13,16,19,23,26,29,33,36,40,42,45,47,51,55,58,60,63,67,72,75,79,84,89,93,97,99,103,107,112,116,121,126,131,135,142,146,151,156,160,165,171,175,179,185,190,194,199
"Belgium","Belgium",11589623,0,0,0,0,0,0,0,0,0,0,0,0,0,0,0,0,0,0,0,0,0,0,0,0,0,0,0,0,0,0,0,0,0,0,0,0,0,0,0,0,0,0,0,0,0,0,0,0,0,3,3,3,4,4,5,10,14,21,37,67,75,88,122,178,220,289,353,431,513,705,828,1011,1143,1283,1447,1632,2035,2240,2523,3019,3346,3600,3903,4157,4440,4857,5163,5453,5683,5828,5998,6262,6490,6679,6917,7094,7207,7331,7501,7594,7703,7765,7844,7924,8016,8339,8415,8521,8581,8656,8707,8761,8843,8903,8959,9005,9052,9080,9108,9150,9186,9212,9237,9280
"Belize","Belize",397628,0,0,0,0,0,0,0,0,0,0,0,0,0,0,0,0,0,0,0,0,0,0,0,0,0,0,0,0,0,0,0,0,0,0,0,0,0,0,0,0,0,0,0,0,0,0,0,0,0,0,0,0,0,0,0,0,0,0,0,0,0,0,0,0,0,0,0,0,0,0,0,0,0,0,0,1,1,1,1,2,2,2,2,2,2,2,2,2,2,2,2,2,2,2,2,2,2,2,2,2,2,2,2,2,2,2,2,2,2,2,2,2,2,2,2,2,2,2,2,2,2,2,2,2
"Benin","Benin",12123200,0,0,0,0,0,0,0,0,0,0,0,0,0,0,0,0,0,0,0,0,0,0,0,0,0,0,0,0,0,0,0,0,0,0,0,0,0,0,0,0,0,0,0,0,0,0,0,0,0,0,0,0,0,0,0,0,0,0,0,0,0,0,0,0,0,0,0,0,0,0,0,0,0,0,0,1,1,1,1,1,1,1,1,1,1,1,1,1,1,1,1,1,1,1,1,1,1,1,1,1,2,2,2,2,2,2,2,2,2,2,2,2,2,2,2,2,2,2,2,2,3,3,3,3
"Bhutan","Bhutan",771608,0,0,0,0,0,0,0,0,0,0,0,0,0,0,0,0,0,0,0,0,0,0,0,0,0,0,0,0,0,0,0,0,0,0,0,0,0,0,0,0,0,0,0,0,0,0,0,0,0,0,0,0,0,0,0,0,0,0,0,0,0,0,0,0,0,0,0,0,0,0,0,0,0,0,0,0,0,0,0,0,0,0,0,0,0,0,0,0,0,0,0,0,0,0,0,0,0,0,0,0,0,0,0,0,0,0,0,0,0,0,0,0,0,0,0,0,0,0,0,0,0,0,0,0
"Bolivia","Bolivia",11673021,0,0,0,0,0,0,0,0,0,0,0,0,0,0,0,0,0,0,0,0,0,0,0,0,0,0,0,0,0,0,0,0,0,0,0,0,0,0,0,0,0,0,0,0,0,0,0,0,0,0,0,0,0,0,0,0,0,0,0,0,0,0,0,0,0,0,0,1,4,6,7,8,9,10,10,11,14,15,18,19,20,24,27,28,28,29,31,31,32,33,34,37,43,44,46,50,53,55,59,62,66,71,76,82,86,91,102,106,114,118,122,128,142,152,164,165,169,174,189,199,215,230,240,250
"Bosnia and Herzegovina","Bosnia and Herzegovina",3280819,0,0,0,0,0,0,0,0,0,0,0,0,0,0,0,0,0,0,0,0,0,0,0,0,0,0,0,0,0,0,0,0,0,0,0,0,0,0,0,0,0,0,0,0,0,0,0,0,0,0,0,0,0,0,0,0,0,0,0,1,1,1,3,3,3,4,5,6,10,13,13,16,17,21,23,29,33,34,35,36,37,39,39,40,41,43,46,47,48,49,51,53,54,55,57,59,60,63,65,69,70,72,77,78,79,86,90,98,102,107,113,117,120,122,128,129,133,133,134,136,140,141,141,144
"Botswana","Botswana",2351627,0,0,0,0,0,0,0,0,0,0,0,0,0,0,0,0,0,0,0,0,0,0,0,0,0,0,0,0,0,0,0,0,0,0,0,0,0,0,0,0,0,0,0,0,0,0,0,0,0,0,0,0,0,0,0,0,0,0,0,0,0,0,0,0,0,0,0,0,0,1,1,1,1,1,1,1,1,1,1,1,1,1,1,1,1,1,1,1,1,1,1,1,1,1,1,1,1,1,1,1,1,1,1,1,1,1,1,1,1,1,1,1,1,1,1,1,1,1,1,1,1,1,1,1
"Brazil","Brazil",212559417,0,0,0,0,0,0,0,0,0,0,0,0,0,0,0,0,0,0,0,0,0,0,0,0,0,0,0,0,0,0,0,0,0,0,0,0,0,0,0,0,0,0,0,0,0,0,0,0,0,0,0,0,0,0,0,1,3,6,11,15,25,34,46,59,77,92,111,136,159,201,240,324,359,445,486,564,686,819,950,1057,1124,1223,1328,1532,1736,1924,2141,2354,2462,2587,2741,2906,3331,3704,4057,4286,4603,5083,5513,6006,6412,6761,7051,7367,7938,8588,9190,10017,10656,11123,11653,12461,13240,13999,14962,15662,16118,16853,17983,18859,20047,21048,22013,22666
"Brunei","Brunei",437479,0,0,0,0,0,0,0,0,0,0,0,0,0,0,0,0,0,0,0,0,0,0,0,0,0,0,0,0,0,0,0,0,0,0,0,0,0,0,0,0,0,0,0,0,0,0,0,0,0,0,0,0,0,0,0,0,0,0,0,0,0,0,0,0,0,0,1,1,1,1,1,1,1,1,1,1,1,1,1,1,1,1,1,1,1,1,1,1,1,1,1,1,1,1,1,1,1,1,1,1,1,1,1,1,1,1,1,1,1,1,1,1,1,1,1,1,1,1,1,1,1,1,1,1
"Bulgaria","Bulgaria",6948445,0,0,0,0,0,0,0,0,0,0,0,0,0,0,0,0,0,0,0,0,0,0,0,0,0,0,0,0,0,0,0,0,0,0,0,0,0,0,0,0,0,0,0,0,0,0,0,0,0,1,1,1,2,2,2,2,2,3,3,3,3,3,3,3,3,3,7,8,8,8,10,10,14,17,20,22,23,24,24,25,28,29,32,35,36,38,41,41,42,43,45,49,52,54,55,56,58,58,64,66,68,72,73,78,80,84,84,86,90,91,93,95,96,99,102,105,108,110,112,116,120,125,126,130
"Burkina Faso","Burkina Faso",20903273,0,0,0,0,0,0,0,0,0,0,0,0,0,0,0,0,0,0,0,0,0,0,0,0,0,0,0,0,0,0,0,0,0,0,0,0,0,0,0,0,0,0,0,0,0,0,0,0,0,0,0,0,0,0,0,0,1,1,1,2,4,4,4,4,7,9,11,12,12,14,16,16,16,16,17,18,19,23,24,24,27,27,27,30,32,32,35,36,36,38,38,39,41,41,41,42,42,42,43,43,44,44,45,46,48,48,48,48,48,49,50,51,51,51,51,51,51,51,51,52,52,52,52,52
"Burma","Burma",54409800,0,0,0,0,0,0,0,0,0,0,0,0,0,0,0,0,0,0,0,0,0,0,0,0,0,0,0,0,0,0,0,0,0,0,0,0,0,0,0,0,0,0,0,0,0,0,0,0,0,0,0,0,0,0,0,0,0,0,0,0,0,0,0,0,0,0,0,0,0,1,1,1,1,1,1,1,1,3,3,3,3,4,4,4,4,4,4,5,5,5,5,5,5,5,5,5,5,5,6,6,6,6,6,6,6,6,6,6,6,6,6,6,6,6,6,6,6,6,6,6,6,6,6,6
"Burundi","Burundi",11890784,0,0,0,0,0,0,0,0,0,0,0,0,0,0,0,0,0,0,0,0,0,0,0,0,0,0,0,0,0,0,0,0,0,0,0,0,0,0,0,0,0,0,0,0,0,0,0,0,0,0,0,0,0,0,0,0,0,0,0,0,0,0,0,0,0,0,0,0,0,0,0,0,0,0,0,0,0,0,0,0,0,0,1,1,1,1,1,1,1,1,1,1,1,1,1,1,1,1,1,1,1,1,1,1,1,1,1,1,1,1,1,1,1,1,1,1,1,1,1,1,1,1,1,1
"Cabo Verde","Cabo Verde",555987,0,0,0,0,0,0,0,0,0,0,0,0,0,0,0,0,0,0,0,0,0,0,0,0,0,0,0,0,0,0,0,0,0,0,0,0,0,0,0,0,0,0,0,0,0,0,0,0,0,0,0,0,0,0,0,0,0,0,0,0,0,0,1,1,1,1,1,1,1,1,1,1,1,1,1,1,1,1,1,1,1,1,1,1,1,1,1,1,1,1,1,1,1,1,1,1,1,1,1,1,1,2,2,2,2,2,2,2,2,2,2,2,2,2,2,3,3,3,3,3,3,3,3,3
"Cambodia","Cambodia",16718965,0,0,0,0,0,0,0,0,0,0,0,0,0,0,0,0,0,0,0,0,0,0,0,0,0,0,0,0,0,0,0,0,0,0,0,0,0,0,0,0,0,0,0,0,0,0,0,0,0,0,0,0,0,0,0,0,0,0,0,0,0,0,0,0,0,0,0,0,0,0,0,0,0,0,0,0,0,0,0,0,0,0,0,0,0,0,0,0,0,0,0,0,0,0,0,0,0,0,0,0,0,0,0,0,0,0,0,0,0,0,0,0,0,0,0,0,0,0,0,0,0,0,0,0
"Cameroon","Cameroon",26545863,0,0,0,0,0,0,0,0,0,0,0,0,0,0,0,0,0,0,0,0,0,0,0,0,0,0,0,0,0,0,0,0,0,0,0,0,0,0,0,0,0,0,0,0,0,0,0,0,0,0,0,0,0,0,0,0,0,0,0,0,0,0,0,1,1,2,2,6,6,6,6,7,8,9,9,9,9,10,10,12,12,12,12,14,17,22,22,22,42,42,43,43,43,43,53,56,58,58,61,61,61,64,64,64,64,108,108,108,108,114,125,125,136,139,140,140,140,140,140,146,156,159,159,165
"Canada","Canada",37742154,0,0,0,0,0,0,0,0,0,0,0,0,0,0,0,0,0,0,0,0,0,0,0,0,0,0,0,0,0,0,0,0,0,0,0,0,0,0,0,0,0,0,0,0,0,0,0,1,1,1,1,1,1,1,4,5,8,9,12,19,21,25,26,30,38,54,61,64,80,101,109,139,179,218,259,339,375,407,503,557,654,714,781,901,1008,1259,1356,1401,1565,1727,1910,2078,2241,2402,2571,2687,2841,2983,3155,3310,3537,3684,3795,4003,4190,4366,4541,4697,4823,4991,5115,5300,5425,5592,5679,5800,5903,5960,6028,6150,6267,6360,6466,6534
"Central African Republic","Central African Republic",4829767,0,0,0,0,0,0,0,0,0,0,0,0,0,0,0,0,0,0,0,0,0,0,0,0,0,0,0,0,0,0,0,0,0,0,0,0,0,0,0,0,0,0,0,0,0,0,0,0,0,0,0,0,0,0,0,0,0,0,0,0,0,0,0,0,0,0,0,0,0,0,0,0,0,0,0,0,0,0,0,0,0,0,0,0,0,0,0,0,0,0,0,0,0,0,0,0,0,0,0,0,0,0,0,0,0,0,0,0,0,0,0,0,0,0,0,0,0,0,0,0,0,0,1,1
"Chad","Chad",16425864,0,0,0,0,0,0,0,0,0,0,0,0,0,0,0,0,0,0,0,0,0,0,0,0,0,0,0,0,0,0,0,0,0,0,0,0,0,0,0,0,0,0,0,0,0,0,0,0,0,0,0,0,0,0,0,0,0,0,0,0,0,0,0,0,0,0,0,0,0,0,0,0,0,0,0,0,0,0,0,0,0,0,0,0,0,0,0,0,0,0,0,0,0,0,0,0,0,2,2,5,5,10,10,10,17,17,27,28,31,31,31,40,42,46,48,50,53,53,56,57,58,58,60,60
"Chile","Chile",19116201,0,0,0,0,0,0,0,0,0,0,0,0,0,0,0,0,0,0,0,0,0,0,0,0,0,0,0,0,0,0,0,0,0,0,0,0,0,0,0,0,0,0,0,0,0,0,0,0,0,0,0,0,0,0,0,0,0,0,0,0,1,2,2,3,4,5,6,7,8,12,16,18,22,27,34,37,43,48,57,65,73,80,82,92,94,105,116,126,133,139,147,160,168,174,181,189,198,207,216,227,234,247,260,270,275,281,285,294,304,312,323,335,346,368,394,421,450,478,509,544,589,630,673,718
"China","China",1439323776,17,18,26,42,56,82,131,133,171,213,259,361,425,491,563,633,718,805,905,1012,1112,1117,1369,1521,1663,1766,1864,2003,2116,2238,2238,2443,2445,2595,2665,2717,2746,2790,2837,2872,2914,2947,2983,3015,3044,3072,3100,3123,3139,3161,3172,3180,3193,3203,3217,3230,3241,3249,3253,3259,3274,3274,3281,3285,3291,3296,3299,3304,3308,3309,3316,3322,3326,3330,3333,3335,3335,3337,3339,3340,3343,3343,3345,3345,3346,3346,4636,4636,4636,4636,4636,4636,4636,4636,4636,4637,4637,4637,4637,4637,4637,4637,4637,4637,4637,4637,4637,4637,4637,4637,4637,4637,4637,4637,4637,4638,4638,4638,4638,4638,4638,4638,4638,4638
"Colombia","Colombia",50882891,0,0,0,0,0,0,0,0,0,0,0,0,0,0,0,0,0,0,0,0,0,0,0,0,0,0,0,0,0,0,0,0,0,0,0,0,0,0,0,0,0,0,0,0,0,0,0,0,0,0,0,0,0,0,0,0,0,0,0,0,2,3,3,4,6,6,6,10,12,16,17,19,25,32,35,46,50,54,69,80,100,109,112,127,131,144,153,153,179,189,196,206,215,225,233,244,253,269,278,293,314,324,340,358,378,397,407,428,445,463,479,493,509,525,546,562,574,592,613,630,652,682,705,727
"Congo (Brazzaville)","Congo Brazzaville",5518087,0,0,0,0,0,0,0,0,0,0,0,0,0,0,0,0,0,0,0,0,0,0,0,0,0,0,0,0,0,0,0,0,0,0,0,0,0,0,0,0,0,0,0,0,0,0,0,0,0,0,0,0,0,0,0,0,0,0,0,0,0,0,0,0,0,0,0,0,0,0,0,2,2,2,5,5,5,5,5,5,5,5,5,5,5,5,6,6,6,6,6,6,6,6,6,6,6,8,8,9,9,9,9,10,10,10,10,10,10,10,11,11,11,15,15,15,15,15,15,15,16,16,16,16
"Congo (Kinshasa)","Congo Kinshasa",89561403,0,0,0,0,0,0,0,0,0,0,0,0,0,0,0,0,0,0,0,0,0,0,0,0,0,0,0,0,0,0,0,0,0,0,0,0,0,0,0,0,0,0,0,0,0,0,0,0,0,0,0,0,0,0,0,0,0,0,0,1,1,1,2,2,3,3,6,6,8,8,9,13,13,18,18,18,18,18,18,20,20,20,20,20,21,22,23,25,25,25,25,25,25,25,28,28,28,30,30,31,32,33,33,34,34,35,36,39,39,41,41,44,50,50,50,61,61,61,61,61,61,63,63,63
"Costa Rica","Costa Rica",5094118,0,0,0,0,0,0,0,0,0,0,0,0,0,0,0,0,0,0,0,0,0,0,0,0,0,0,0,0,0,0,0,0,0,0,0,0,0,0,0,0,0,0,0,0,0,0,0,0,0,0,0,0,0,0,0,0,0,1,1,2,2,2,2,2,2,2,2,2,2,2,2,2,2,2,2,2,2,3,3,3,3,3,3,3,4,4,4,4,5,6,6,6,6,6,6,6,6,6,6,6,6,6,6,6,6,6,6,6,6,7,7,7,8,8,9,10,10,10,10,10,10,10,10,10
"Cote d'Ivoire","Cote dIvoire",26378274,0,0,0,0,0,0,0,0,0,0,0,0,0,0,0,0,0,0,0,0,0,0,0,0,0,0,0,0,0,0,0,0,0,0,0,0,0,0,0,0,0,0,0,0,0,0,0,0,0,0,0,0,0,0,0,0,0,0,0,0,0,0,0,0,0,0,0,1,1,1,1,1,1,1,3,3,3,3,3,3,4,5,6,6,6,6,6,8,9,9,13,14,14,14,14,14,14,14,14,14,15,15,17,17,18,18,20,20,21,21,21,21,24,24,24,25,27,28,28,29,29,29,30,30
"Croatia","Croatia",4105267,0,0,0,0,0,0,0,0,0,0,0,0,0,0,0,0,0,0,0,0,0,0,0,0,0,0,0,0,0,0,0,0,0,0,0,0,0,0,0,0,0,0,0,0,0,0,0,0,0,0,0,0,0,0,0,0,0,1,1,1,1,1,1,1,3,3,5,6,6,6,6,7,8,12,15,16,18,19,20,21,21,23,25,31,33,35,36,39,47,47,48,48,50,51,54,55,59,63,67,69,75,77,79,80,83,85,86,86,87,90,91,91,94,94,95,95,95,95,96,96,97,99,99,99
"Cuba","Cuba",11326616,0,0,0,0,0,0,0,0,0,0,0,0,0,0,0,0,0,0,0,0,0,0,0,0,0,0,0,0,0,0,0,0,0,0,0,0,0,0,0,0,0,0,0,0,0,0,0,0,0,0,0,0,0,0,0,0,1,1,1,1,1,1,1,1,2,2,3,3,4,6,6,6,6,6,8,9,11,12,15,15,16,18,21,21,24,27,31,32,34,36,38,40,43,49,51,54,56,58,58,61,64,66,67,69,69,69,73,74,74,77,77,78,79,79,79,79,79,79,79,79,80,81,81,82
"Cyprus","Cyprus",1207359,0,0,0,0,0,0,0,0,0,0,0,0,0,0,0,0,0,0,0,0,0,0,0,0,0,0,0,0,0,0,0,0,0,0,0,0,0,0,0,0,0,0,0,0,0,0,0,0,0,0,0,0,0,0,0,0,0,0,0,0,1,1,3,3,3,5,5,5,7,8,9,10,11,11,9,9,9,9,10,10,10,11,12,12,12,12,12,12,12,12,12,13,13,14,14,14,15,15,15,15,15,15,15,15,15,15,15,15,15,16,16,16,17,17,17,17,17,17,17,17,17,17,17,17
"Czechia","Czechia",10708981,0,0,0,0,0,0,0,0,0,0,0,0,0,0,0,0,0,0,0,0,0,0,0,0,0,0,0,0,0,0,0,0,0,0,0,0,0,0,0,0,0,0,0,0,0,0,0,0,0,0,0,0,0,0,0,0,0,0,0,0,1,1,3,6,9,9,11,16,23,31,39,44,53,59,67,78,88,99,112,119,129,138,143,161,166,169,173,181,186,194,201,208,210,214,218,220,223,227,227,236,240,245,248,252,257,262,270,273,276,280,282,283,290,293,295,296,298,297,302,304,306,312,314,315
"Denmark","Denmark",5792202,0,0,0,0,0,0,0,0,0,0,0,0,0,0,0,0,0,0,0,0,0,0,0,0,0,0,0,0,0,0,0,0,0,0,0,0,0,0,0,0,0,0,0,0,0,0,0,0,0,0,0,0,1,2,3,4,4,6,9,13,13,24,32,34,41,52,65,72,77,90,104,123,139,161,179,187,203,218,237,247,260,273,285,299,309,321,336,346,355,364,370,384,394,403,418,422,427,434,443,452,460,475,484,493,503,506,514,522,526,529,533,527,533,537,537,543,547,548,551,554,561,561,561,562
"Djibouti","Djibouti",988000,0,0,0,0,0,0,0,0,0,0,0,0,0,0,0,0,0,0,0,0,0,0,0,0,0,0,0,0,0,0,0,0,0,0,0,0,0,0,0,0,0,0,0,0,0,0,0,0,0,0,0,0,0,0,0,0,0,0,0,0,0,0,0,0,0,0,0,0,0,0,0,0,0,0,0,0,0,0,0,1,2,2,2,2,2,2,2,2,2,2,2,2,2,2,2,2,2,2,2,2,2,2,2,2,2,3,3,3,3,3,3,3,3,3,4,4,4,7,7,9,10,10,10,10
"Dominica","Dominica",71986,0,0,0,0,0,0,0,0,0,0,0,0,0,0,0,0,0,0,0,0,0,0,0,0,0,0,0,0,0,0,0,0,0,0,0,0,0,0,0,0,0,0,0,0,0,0,0,0,0,0,0,0,0,0,0,0,0,0,0,0,0,0,0,0,0,0,0,0,0,0,0,0,0,0,0,0,0,0,0,0,0,0,0,0,0,0,0,0,0,0,0,0,0,0,0,0,0,0,0,0,0,0,0,0,0,0,0,0,0,0,0,0,0,0,0,0,0,0,0,0,0,0,0,0
"Dominican Republic","Dominican Republic",10847910,0,0,0,0,0,0,0,0,0,0,0,0,0,0,0,0,0,0,0,0,0,0,0,0,0,0,0,0,0,0,0,0,0,0,0,0,0,0,0,0,0,0,0,0,0,0,0,0,0,0,0,0,0,0,0,1,1,2,2,2,3,3,6,10,10,20,28,39,42,51,57,60,68,68,82,86,98,108,118,126,135,173,177,183,189,196,200,217,226,235,245,260,265,267,273,278,282,286,293,301,313,326,333,346,354,362,373,380,385,388,393,402,409,422,424,428,428,434,441,446,448,456,458,458
"Ecuador","Ecuador",17643054,0,0,0,0,0,0,0,0,0,0,0,0,0,0,0,0,0,0,0,0,0,0,0,0,0,0,0,0,0,0,0,0,0,0,0,0,0,0,0,0,0,0,0,0,0,0,0,0,0,0,0,0,2,2,2,2,2,3,5,7,14,18,27,28,34,36,48,58,60,75,93,120,145,172,180,191,191,242,272,297,315,333,355,369,388,403,421,456,474,507,520,537,560,576,576,576,663,871,883,900,1063,1371,1564,1569,1569,1618,1654,1704,1717,2127,2145,2327,2334,2338,2594,2688,2736,2799,2839,2888,2939,3056,3096,3108
"Egypt","Egypt",102334404,0,0,0,0,0,0,0,0,0,0,0,0,0,0,0,0,0,0,0,0,0,0,0,0,0,0,0,0,0,0,0,0,0,0,0,0,0,0,0,0,0,0,0,0,0,0,1,1,1,1,1,2,2,2,2,4,6,6,8,10,14,19,20,21,24,30,36,40,41,46,52,58,66,71,78,85,94,103,118,135,146,159,164,178,183,196,205,224,239,250,264,276,287,294,307,317,337,359,380,392,406,415,429,436,452,469,482,503,514,525,533,544,556,571,592,612,630,645,659,680,696,707,735,764
"El Salvador","El Salvador",6486205,0,0,0,0,0,0,0,0,0,0,0,0,0,0,0,0,0,0,0,0,0,0,0,0,0,0,0,0,0,0,0,0,0,0,0,0,0,0,0,0,0,0,0,0,0,0,0,0,0,0,0,0,0,0,0,0,0,0,0,0,0,0,0,0,0,0,0,0,0,1,1,2,2,3,3,4,4,5,6,6,6,6,6,6,6,6,7,7,7,7,7,7,8,8,8,8,8,8,9,10,10,11,11,13,14,15,15,16,17,17,18,20,20,23,25,26,30,30,30,31,33,33,33,35
"Equatorial Guinea","Equatorial Guinea",1402985,0,0,0,0,0,0,0,0,0,0,0,0,0,0,0,0,0,0,0,0,0,0,0,0,0,0,0,0,0,0,0,0,0,0,0,0,0,0,0,0,0,0,0,0,0,0,0,0,0,0,0,0,0,0,0,0,0,0,0,0,0,0,0,0,0,0,0,0,0,0,0,0,0,0,0,0,0,0,0,0,0,0,0,0,0,0,0,0,0,0,0,1,1,1,1,1,1,1,1,1,1,1,1,3,3,4,4,4,4,4,4,4,6,7,7,7,7,7,7,7,10,11,11,11
"Eritrea","Eritrea",3546421,0,0,0,0,0,0,0,0,0,0,0,0,0,0,0,0,0,0,0,0,0,0,0,0,0,0,0,0,0,0,0,0,0,0,0,0,0,0,0,0,0,0,0,0,0,0,0,0,0,0,0,0,0,0,0,0,0,0,0,0,0,0,0,0,0,0,0,0,0,0,0,0,0,0,0,0,0,0,0,0,0,0,0,0,0,0,0,0,0,0,0,0,0,0,0,0,0,0,0,0,0,0,0,0,0,0,0,0,0,0,0,0,0,0,0,0,0,0,0,0,0,0,0,0
"Estonia","Estonia",1326535,0,0,0,0,0,0,0,0,0,0,0,0,0,0,0,0,0,0,0,0,0,0,0,0,0,0,0,0,0,0,0,0,0,0,0,0,0,0,0,0,0,0,0,0,0,0,0,0,0,0,0,0,0,0,0,0,0,0,0,0,0,0,0,1,1,1,1,3,3,4,5,11,12,13,15,19,21,24,24,24,24,25,28,31,35,36,38,38,40,40,43,44,45,46,46,49,50,50,50,52,52,53,55,55,55,55,56,56,60,60,61,61,61,62,63,63,63,64,64,64,64,64,64,64
"Eswatini","Eswatini",1160164,0,0,0,0,0,0,0,0,0,0,0,0,0,0,0,0,0,0,0,0,0,0,0,0,0,0,0,0,0,0,0,0,0,0,0,0,0,0,0,0,0,0,0,0,0,0,0,0,0,0,0,0,0,0,0,0,0,0,0,0,0,0,0,0,0,0,0,0,0,0,0,0,0,0,0,0,0,0,0,0,0,0,0,0,0,1,1,1,1,1,1,1,1,1,1,1,1,1,1,1,1,1,1,1,1,2,2,2,2,2,2,2,2,2,2,2,2,2,2,2,2,2,2,2
"Ethiopia","Ethiopia",114963588,0,0,0,0,0,0,0,0,0,0,0,0,0,0,0,0,0,0,0,0,0,0,0,0,0,0,0,0,0,0,0,0,0,0,0,0,0,0,0,0,0,0,0,0,0,0,0,0,0,0,0,0,0,0,0,0,0,0,0,0,0,0,0,0,0,0,0,0,0,0,0,0,0,0,2,2,2,2,2,3,3,3,3,3,3,3,3,3,3,3,3,3,3,3,3,3,3,3,3,3,3,3,3,3,4,4,4,4,5,5,5,5,5,5,5,5,5,5,5,5,5,5,5,5
"Fiji","Fiji",896445,0,0,0,0,0,0,0,0,0,0,0,0,0,0,0,0,0,0,0,0,0,0,0,0,0,0,0,0,0,0,0,0,0,0,0,0,0,0,0,0,0,0,0,0,0,0,0,0,0,0,0,0,0,0,0,0,0,0,0,0,0,0,0,0,0,0,0,0,0,0,0,0,0,0,0,0,0,0,0,0,0,0,0,0,0,0,0,0,0,0,0,0,0,0,0,0,0,0,0,0,0,0,0,0,0,0,0,0,0,0,0,0,0,0,0,0,0,0,0,0,0,0,0,0
"Finland","Finland",5540720,0,0,0,0,0,0,0,0,0,0,0,0,0,0,0,0,0,0,0,0,0,0,0,0,0,0,0,0,0,0,0,0,0,0,0,0,0,0,0,0,0,0,0,0,0,0,0,0,0,0,0,0,0,0,0,0,0,0,0,1,1,1,1,3,5,7,9,11,13,17,17,19,20,25,28,27,34,40,42,48,49,56,59,64,72,75,82,90,94,98,141,149,172,177,186,190,193,199,206,211,218,220,230,240,246,252,255,260,265,267,271,275,284,287,293,297,298,300,301,304,306,306,306,307
"France","France",65273511,0,0,0,0,0,0,0,0,0,0,0,0,0,0,0,0,0,0,0,0,0,0,0,0,1,1,1,1,1,1,1,1,1,1,1,2,2,2,2,2,3,4,4,6,9,11,19,19,33,48,48,79,91,91,149,149,149,244,451,563,676,862,1102,1333,1698,1997,2317,2611,3030,3532,4414,5398,6520,7574,8093,8926,10343,10887,12228,13215,13851,14412,14986,15731,17169,17922,18683,19325,19720,20267,20798,21342,21858,22248,22617,22859,23296,23663,24090,24379,24597,24763,24900,25204,25537,25812,25990,26233,26313,26383,26646,26994,27077,27428,27532,27532,28111,28242,28025,28135,28218,28218,28218,28370
"Gabon","Gabon",2225734,0,0,0,0,0,0,0,0,0,0,0,0,0,0,0,0,0,0,0,0,0,0,0,0,0,0,0,0,0,0,0,0,0,0,0,0,0,0,0,0,0,0,0,0,0,0,0,0,0,0,0,0,0,0,0,0,0,0,1,1,1,1,1,1,1,1,1,1,1,1,1,1,1,1,1,1,1,1,1,1,1,1,1,1,1,1,1,1,1,1,1,1,2,3,3,3,3,3,3,3,3,5,5,6,6,6,8,8,8,8,9,9,9,10,10,11,11,11,12,12,12,12,12,12
"Gambia","Gambia",2416668,0,0,0,0,0,0,0,0,0,0,0,0,0,0,0,0,0,0,0,0,0,0,0,0,0,0,0,0,0,0,0,0,0,0,0,0,0,0,0,0,0,0,0,0,0,0,0,0,0,0,0,0,0,0,0,0,0,0,0,0,0,1,1,1,1,1,1,1,1,1,1,1,1,1,1,1,1,1,1,1,1,1,1,1,1,1,1,1,1,1,1,1,1,1,1,1,1,1,1,1,1,1,1,1,1,1,1,1,1,1,1,1,1,1,1,1,1,1,1,1,1,1,1,1
"Georgia","Georgia",3989167,0,0,0,0,0,0,0,0,0,0,0,0,0,0,0,0,0,0,0,0,0,0,0,0,0,0,0,0,0,0,0,0,0,0,0,0,0,0,0,0,0,0,0,0,0,0,0,0,0,0,0,0,0,0,0,0,0,0,0,0,0,0,0,0,0,0,0,0,0,0,0,0,0,1,2,2,3,3,3,3,3,3,3,3,3,3,3,4,4,4,4,5,5,5,5,6,6,6,6,6,7,8,9,9,9,9,9,10,10,10,11,11,11,12,12,12,12,12,12,12,12,12,12,12
"Germany","Germany",83783942,0,0,0,0,0,0,0,0,0,0,0,0,0,0,0,0,0,0,0,0,0,0,0,0,0,0,0,0,0,0,0,0,0,0,0,0,0,0,0,0,0,0,0,0,0,0,0,2,2,3,3,7,9,11,17,24,28,44,67,84,94,123,157,206,267,342,433,533,645,775,920,1107,1275,1444,1584,1810,2016,2349,2607,2767,2736,3022,3194,3294,3804,4052,4352,4459,4586,4862,5033,5279,5575,5760,5877,5976,6126,6314,6467,6623,6736,6812,6866,6993,6993,7275,7392,7510,7549,7569,7661,7738,7861,7884,7897,7938,7962,8003,8081,8144,8203,8228,8261,8283
"Ghana","Ghana",31072940,0,0,0,0,0,0,0,0,0,0,0,0,0,0,0,0,0,0,0,0,0,0,0,0,0,0,0,0,0,0,0,0,0,0,0,0,0,0,0,0,0,0,0,0,0,0,0,0,0,0,0,0,0,0,0,0,0,0,0,1,1,2,2,4,4,4,5,5,5,5,5,5,5,5,5,5,5,6,6,6,8,8,8,8,8,8,8,9,9,9,9,9,9,10,10,11,11,16,16,17,17,18,18,18,18,18,18,18,22,22,22,22,24,24,28,29,29,29,31,31,31,31,31,32
"Greece","Greece",10423054,0,0,0,0,0,0,0,0,0,0,0,0,0,0,0,0,0,0,0,0,0,0,0,0,0,0,0,0,0,0,0,0,0,0,0,0,0,0,0,0,0,0,0,0,0,0,0,0,0,1,1,1,3,4,4,5,5,6,6,13,15,17,20,22,26,28,32,38,43,49,50,53,63,68,73,79,81,83,87,92,93,98,99,101,102,105,108,110,113,116,121,121,125,130,130,134,136,138,139,140,140,143,144,146,146,147,148,150,151,151,151,152,155,156,160,162,163,165,165,166,168,169,171,171
"Grenada","Grenada",112523,0,0,0,0,0,0,0,0,0,0,0,0,0,0,0,0,0,0,0,0,0,0,0,0,0,0,0,0,0,0,0,0,0,0,0,0,0,0,0,0,0,0,0,0,0,0,0,0,0,0,0,0,0,0,0,0,0,0,0,0,0,0,0,0,0,0,0,0,0,0,0,0,0,0,0,0,0,0,0,0,0,0,0,0,0,0,0,0,0,0,0,0,0,0,0,0,0,0,0,0,0,0,0,0,0,0,0,0,0,0,0,0,0,0,0,0,0,0,0,0,0,0,0,0
"Guatemala","Guatemala",17915568,0,0,0,0,0,0,0,0,0,0,0,0,0,0,0,0,0,0,0,0,0,0,0,0,0,0,0,0,0,0,0,0,0,0,0,0,0,0,0,0,0,0,0,0,0,0,0,0,0,0,0,0,0,0,1,1,1,1,1,1,1,1,1,1,1,1,1,1,1,1,1,1,1,2,2,3,3,3,3,3,3,5,5,5,5,5,7,7,7,7,7,8,11,11,13,15,15,15,16,16,16,17,17,19,19,21,23,24,24,26,26,27,29,29,30,33,33,35,43,45,48,51,55,58
"Guinea","Guinea",13132795,0,0,0,0,0,0,0,0,0,0,0,0,0,0,0,0,0,0,0,0,0,0,0,0,0,0,0,0,0,0,0,0,0,0,0,0,0,0,0,0,0,0,0,0,0,0,0,0,0,0,0,0,0,0,0,0,0,0,0,0,0,0,0,0,0,0,0,0,0,0,0,0,0,0,0,0,0,0,0,0,0,0,0,0,1,1,3,3,5,5,6,6,6,6,7,7,7,7,7,7,7,7,7,9,10,11,11,11,11,11,11,11,14,15,15,16,16,16,18,18,18,19,20,20
"Guinea-Bissau","Guinea Bissau",1968001,0,0,0,0,0,0,0,0,0,0,0,0,0,0,0,0,0,0,0,0,0,0,0,0,0,0,0,0,0,0,0,0,0,0,0,0,0,0,0,0,0,0,0,0,0,0,0,0,0,0,0,0,0,0,0,0,0,0,0,0,0,0,0,0,0,0,0,0,0,0,0,0,0,0,0,0,0,0,0,0,0,0,0,0,0,0,0,0,0,0,0,0,0,0,0,1,1,1,1,1,1,1,1,1,1,2,2,2,3,3,3,3,3,3,3,4,4,4,6,6,6,6,6,6
"Guyana","Guyana",786552,0,0,0,0,0,0,0,0,0,0,0,0,0,0,0,0,0,0,0,0,0,0,0,0,0,0,0,0,0,0,0,0,0,0,0,0,0,0,0,0,0,0,0,0,0,0,0,0,0,0,1,1,1,1,1,1,1,1,1,1,1,1,1,1,1,1,1,1,1,2,2,4,4,4,4,4,5,6,6,6,6,6,6,6,6,6,6,6,7,7,7,7,7,7,7,8,8,8,8,9,9,9,9,9,10,10,10,10,10,10,10,10,10,10,10,10,10,10,10,10,10,10,10,10
"Haiti","Haiti",11402528,0,0,0,0,0,0,0,0,0,0,0,0,0,0,0,0,0,0,0,0,0,0,0,0,0,0,0,0,0,0,0,0,0,0,0,0,0,0,0,0,0,0,0,0,0,0,0,0,0,0,0,0,0,0,0,0,0,0,0,0,0,0,0,0,0,0,0,0,0,0,0,0,0,0,1,1,1,1,2,2,2,3,3,3,3,3,3,3,3,3,3,4,5,5,6,6,6,6,6,8,8,8,9,11,12,12,12,12,12,15,16,16,18,20,20,20,20,21,21,22,25,25,26,26
"Holy See","Holy See",801,0,0,0,0,0,0,0,0,0,0,0,0,0,0,0,0,0,0,0,0,0,0,0,0,0,0,0,0,0,0,0,0,0,0,0,0,0,0,0,0,0,0,0,0,0,0,0,0,0,0,0,0,0,0,0,0,0,0,0,0,0,0,0,0,0,0,0,0,0,0,0,0,0,0,0,0,0,0,0,0,0,0,0,0,0,0,0,0,0,0,0,0,0,0,0,0,0,0,0,0,0,0,0,0,0,0,0,0,0,0,0,0,0,0,0,0,0,0,0,0,0,0,0,0
"Honduras","Honduras",9904607,0,0,0,0,0,0,0,0,0,0,0,0,0,0,0,0,0,0,0,0,0,0,0,0,0,0,0,0,0,0,0,0,0,0,0,0,0,0,0,0,0,0,0,0,0,0,0,0,0,0,0,0,0,0,0,0,0,0,0,0,0,0,0,0,1,1,1,3,7,7,10,14,15,15,22,22,22,22,23,23,24,25,25,26,31,35,41,46,46,46,46,46,47,55,59,59,61,64,66,71,75,76,82,83,93,99,105,107,108,108,116,121,123,133,134,138,142,146,147,147,156,167,167,180
"Hungary","Hungary",9660351,0,0,0,0,0,0,0,0,0,0,0,0,0,0,0,0,0,0,0,0,0,0,0,0,0,0,0,0,0,0,0,0,0,0,0,0,0,0,0,0,0,0,0,0,0,0,0,0,0,0,0,0,0,1,1,1,1,1,3,4,6,7,9,10,10,10,11,13,15,16,20,21,26,32,34,38,47,58,66,77,85,99,109,122,134,142,156,172,189,199,213,225,239,262,262,272,280,291,300,312,323,335,340,351,363,373,383,392,405,413,421,425,430,436,442,448,451,462,467,470,473,476,482,486
"Iceland","Iceland",341243,0,0,0,0,0,0,0,0,0,0,0,0,0,0,0,0,0,0,0,0,0,0,0,0,0,0,0,0,0,0,0,0,0,0,0,0,0,0,0,0,0,0,0,0,0,0,0,0,0,0,0,0,0,5,0,1,1,1,0,1,1,1,2,2,2,2,2,2,2,2,2,4,4,4,4,6,6,6,6,7,8,8,8,8,8,8,9,9,9,10,10,10,10,10,10,10,10,10,10,10,10,10,10,10,10,10,10,10,10,10,10,10,10,10,10,10,10,10,10,10,10,10,10,10
"India","India",1380004385,0,0,0,0,0,0,0,0,0,0,0,0,0,0,0,0,0,0,0,0,0,0,0,0,0,0,0,0,0,0,0,0,0,0,0,0,0,0,0,0,0,0,0,0,0,0,0,0,0,1,1,2,2,2,2,3,3,4,5,4,7,10,10,12,20,20,24,27,32,35,58,72,72,86,99,136,150,178,226,246,288,331,358,393,405,448,486,521,559,592,645,681,721,780,825,881,939,1008,1079,1154,1223,1323,1391,1566,1693,1785,1889,1985,2101,2212,2294,2415,2551,2649,2753,2871,3025,3156,3302,3434,3584,3726,3868,4024
"Indonesia","Indonesia",273523615,0,0,0,0,0,0,0,0,0,0,0,0,0,0,0,0,0,0,0,0,0,0,0,0,0,0,0,0,0,0,0,0,0,0,0,0,0,0,0,0,0,0,0,0,0,0,0,0,0,1,1,4,5,5,5,5,19,25,32,38,48,49,55,58,78,87,102,114,122,136,157,170,181,191,198,209,221,240,280,306,327,373,399,459,469,496,520,535,582,590,616,635,647,689,720,743,765,773,784,792,800,831,845,864,872,895,930,943,959,973,991,1007,1028,1043,1076,1089,1148,1191,1221,1242,1278,1326,1351,1372
"Iran","Iran",83992949,0,0,0,0,0,0,0,0,0,0,0,0,0,0,0,0,0,0,0,0,0,0,0,0,0,0,0,0,2,2,4,5,8,12,16,19,26,34,43,54,66,77,92,107,124,145,194,237,291,354,429,514,611,724,853,988,1135,1284,1433,1556,1685,1812,1934,2077,2234,2378,2517,2640,2757,2898,3036,3160,3294,3452,3603,3739,3872,3993,4110,4232,4357,4474,4585,4683,4777,4869,4958,5031,5118,5209,5297,5391,5481,5574,5650,5710,5806,5877,5957,6028,6091,6156,6203,6277,6340,6418,6486,6541,6589,6640,6685,6733,6783,6854,6902,6937,6988,7057,7119,7183,7249,7300,7359,7417
"Iraq","Iraq",40222493,0,0,0,0,0,0,0,0,0,0,0,0,0,0,0,0,0,0,0,0,0,0,0,0,0,0,0,0,0,0,0,0,0,0,0,0,0,0,0,0,0,0,2,2,3,4,6,6,7,7,8,9,10,10,10,11,12,13,17,17,20,23,27,29,36,40,42,42,46,50,52,54,54,56,61,64,65,69,69,70,72,76,78,78,79,80,81,82,82,82,83,83,83,86,86,87,88,90,92,93,94,95,97,98,102,102,102,104,107,109,110,112,115,115,117,121,123,127,131,134,140,147,152,160
"Ireland","Ireland",4937786,0,0,0,0,0,0,0,0,0,0,0,0,0,0,0,0,0,0,0,0,0,0,0,0,0,0,0,0,0,0,0,0,0,0,0,0,0,0,0,0,0,0,0,0,0,0,0,0,0,1,1,1,2,2,2,2,2,3,3,3,4,6,7,9,19,22,36,46,54,71,85,98,120,137,158,174,210,235,263,287,320,334,365,406,444,486,530,571,610,687,730,769,794,1014,1063,1087,1102,1159,1190,1232,1265,1286,1303,1319,1339,1375,1403,1429,1446,1458,1467,1488,1497,1506,1518,1533,1543,1547,1561,1571,1583,1592,1604,1608
"Israel","Israel",9097000,0,0,0,0,0,0,0,0,0,0,0,0,0,0,0,0,0,0,0,0,0,0,0,0,0,0,0,0,0,0,0,0,0,0,0,0,0,0,0,0,0,0,0,0,0,0,0,0,0,0,0,0,0,0,0,0,0,0,0,1,1,1,3,5,8,12,12,15,16,20,26,36,40,44,49,57,65,73,86,95,101,103,116,123,130,142,151,164,172,177,184,189,192,194,199,201,204,210,215,222,225,229,232,235,238,239,240,245,247,252,258,260,264,265,266,268,272,276,278,279,279,279,279,279
"Italy","Italy",60461826,0,0,0,0,0,0,0,0,0,0,0,0,0,0,0,0,0,0,0,0,0,0,0,0,0,0,0,0,0,0,1,2,3,7,10,12,17,21,29,34,52,79,107,148,197,233,366,463,631,827,1016,1266,1441,1809,2158,2503,2978,3405,4032,4825,5476,6077,6820,7503,8215,9134,10023,10779,11591,12428,13155,13915,14681,15362,15887,16523,17127,17669,18279,18849,19468,19899,20465,21067,21645,22170,22745,23227,23660,24114,24648,25085,25549,25969,26384,26644,26977,27359,27682,27967,28236,28710,28884,29079,29315,29684,29958,30201,30395,30560,30739,30911,31106,31368,31610,31763,31908,32007,32169,32330,32486,32616,32735,32785
"Jamaica","Jamaica",2961167,0,0,0,0,0,0,0,0,0,0,0,0,0,0,0,0,0,0,0,0,0,0,0,0,0,0,0,0,0,0,0,0,0,0,0,0,0,0,0,0,0,0,0,0,0,0,0,0,0,0,0,0,0,0,0,0,0,1,1,1,1,1,1,1,1,1,1,1,1,1,3,3,3,3,3,3,3,4,4,4,4,4,4,4,5,5,5,5,5,5,6,6,6,7,7,7,7,7,7,8,8,8,9,9,9,9,9,9,9,9,9,9,9,9,9,9,9,9,9,9,9,9,9,9
"Japan","Japan",126476461,0,0,0,0,0,0,0,0,0,0,0,0,0,0,0,0,0,0,0,0,0,0,1,1,1,1,1,1,1,1,1,1,1,1,1,2,4,4,5,6,6,6,6,6,6,6,6,10,10,15,16,19,22,22,27,29,29,29,33,35,41,42,43,45,47,49,52,54,54,56,57,62,63,77,77,85,92,93,94,99,99,108,123,143,146,178,190,222,236,236,263,281,328,345,360,372,385,394,413,430,455,474,487,536,556,556,577,590,607,624,633,657,678,697,713,725,744,749,768,768,777,796,808,820
"Jordan","Jordan",10203134,0,0,0,0,0,0,0,0,0,0,0,0,0,0,0,0,0,0,0,0,0,0,0,0,0,0,0,0,0,0,0,0,0,0,0,0,0,0,0,0,0,0,0,0,0,0,0,0,0,0,0,0,0,0,0,0,0,0,0,0,0,0,0,0,0,1,1,3,5,5,5,5,5,5,5,6,6,6,7,7,7,7,7,7,7,7,7,7,7,7,7,7,7,7,7,7,7,8,8,8,8,9,9,9,9,9,9,9,9,9,9,9,9,9,9,9,9,9,9,9,9,9,9,9
"Kazakhstan","Kazakhstan",18776707,0,0,0,0,0,0,0,0,0,0,0,0,0,0,0,0,0,0,0,0,0,0,0,0,0,0,0,0,0,0,0,0,0,0,0,0,0,0,0,0,0,0,0,0,0,0,0,0,0,0,0,0,0,0,0,0,0,0,3,0,0,0,0,0,1,1,1,1,1,2,3,3,6,5,6,6,6,7,8,10,10,10,12,14,16,17,17,17,17,19,19,19,20,25,25,25,25,25,25,25,25,25,27,29,29,30,30,31,31,31,32,32,32,32,34,34,34,35,35,35,35,35,35,35
"Kenya","Kenya",53771296,0,0,0,0,0,0,0,0,0,0,0,0,0,0,0,0,0,0,0,0,0,0,0,0,0,0,0,0,0,0,0,0,0,0,0,0,0,0,0,0,0,0,0,0,0,0,0,0,0,0,0,0,0,0,0,0,0,0,0,0,0,0,0,0,1,1,1,1,1,1,1,3,4,4,4,6,6,6,7,7,7,8,9,9,10,11,11,12,14,14,14,14,14,14,14,14,14,14,15,17,21,22,24,24,24,26,29,29,30,32,33,36,40,42,45,50,50,50,50,50,50,50,50,51
"Korea, South","Korea, South",51269185,0,0,0,0,0,0,0,0,0,0,0,0,0,0,0,0,0,0,0,0,0,0,0,0,0,0,0,0,0,1,2,2,6,8,10,12,13,13,16,17,28,28,35,35,42,44,50,53,54,60,66,66,72,75,75,81,84,91,94,102,111,111,120,126,131,139,144,152,158,162,165,169,174,177,183,186,192,200,204,208,211,214,217,222,225,229,230,232,234,236,237,238,240,240,242,243,244,246,247,248,250,250,252,254,255,256,256,256,256,256,258,259,260,260,262,262,263,263,263,264,264,266,266,267
"Kosovo","Kosovo",1831463,0,0,0,0,0,0,0,0,0,0,0,0,0,0,0,0,0,0,0,0,0,0,0,0,0,0,0,0,0,0,0,0,0,0,0,0,0,0,0,0,0,0,0,0,0,0,0,0,0,0,0,0,0,0,0,0,0,0,0,0,0,0,0,0,1,1,1,1,1,1,1,1,1,1,1,1,4,5,5,7,7,7,7,8,8,11,12,12,12,15,18,18,19,19,20,21,22,22,22,22,22,22,22,26,26,26,27,27,28,28,28,29,29,29,29,29,29,29,29,29,29,29,29,29
"Kuwait","Kuwait",4270571,0,0,0,0,0,0,0,0,0,0,0,0,0,0,0,0,0,0,0,0,0,0,0,0,0,0,0,0,0,0,0,0,0,0,0,0,0,0,0,0,0,0,0,0,0,0,0,0,0,0,0,0,0,0,0,0,0,0,0,0,0,0,0,0,0,0,0,0,0,0,0,0,0,1,1,1,1,1,1,1,1,1,2,3,3,3,5,6,7,9,11,13,14,15,19,20,22,23,24,26,30,33,38,40,40,42,44,47,49,58,65,75,82,88,96,107,112,118,121,124,129,138,148,156
"Kyrgyzstan","Kyrgyzstan",6524195,0,0,0,0,0,0,0,0,0,0,0,0,0,0,0,0,0,0,0,0,0,0,0,0,0,0,0,0,0,0,0,0,0,0,0,0,0,0,0,0,0,0,0,0,0,0,0,0,0,0,0,0,0,0,0,0,0,0,0,0,0,0,0,0,0,0,0,0,0,0,0,0,1,1,1,4,4,4,4,5,5,5,5,5,5,5,5,5,5,7,7,7,8,8,8,8,8,8,8,8,8,8,10,10,11,12,12,12,12,12,12,12,12,12,14,14,14,14,14,14,14,14,14,14
"Laos","Laos",7275560,0,0,0,0,0,0,0,0,0,0,0,0,0,0,0,0,0,0,0,0,0,0,0,0,0,0,0,0,0,0,0,0,0,0,0,0,0,0,0,0,0,0,0,0,0,0,0,0,0,0,0,0,0,0,0,0,0,0,0,0,0,0,0,0,0,0,0,0,0,0,0,0,0,0,0,0,0,0,0,0,0,0,0,0,0,0,0,0,0,0,0,0,0,0,0,0,0,0,0,0,0,0,0,0,0,0,0,0,0,0,0,0,0,0,0,0,0,0,0,0,0,0,0,0
"Latvia","Latvia",1886198,0,0,0,0,0,0,0,0,0,0,0,0,0,0,0,0,0,0,0,0,0,0,0,0,0,0,0,0,0,0,0,0,0,0,0,0,0,0,0,0,0,0,0,0,0,0,0,0,0,0,0,0,0,0,0,0,0,0,0,0,0,0,0,0,0,0,0,0,0,0,0,0,1,1,1,1,2,2,3,3,3,5,5,5,5,5,5,5,5,5,9,11,11,12,12,12,13,13,15,15,16,16,16,16,17,17,18,18,18,18,18,18,19,19,19,19,19,19,21,21,22,22,22,22
"Lebanon","Lebanon",6825445,0,0,0,0,0,0,0,0,0,0,0,0,0,0,0,0,0,0,0,0,0,0,0,0,0,0,0,0,0,0,0,0,0,0,0,0,0,0,0,0,0,0,0,0,0,0,0,0,1,3,3,3,3,3,3,3,3,4,4,4,4,4,4,6,6,8,8,10,11,12,14,16,17,17,18,19,19,19,19,20,20,20,20,21,21,21,21,21,21,21,21,22,22,22,24,24,24,24,24,24,24,25,25,25,25,25,25,26,26,26,26,26,26,26,26,26,26,26,26,26,26,26,26,26
"Liberia","Liberia",5057681,0,0,0,0,0,0,0,0,0,0,0,0,0,0,0,0,0,0,0,0,0,0,0,0,0,0,0,0,0,0,0,0,0,0,0,0,0,0,0,0,0,0,0,0,0,0,0,0,0,0,0,0,0,0,0,0,0,0,0,0,0,0,0,0,0,0,0,0,0,0,0,0,0,1,3,3,3,4,4,5,5,5,6,6,6,6,7,7,8,8,8,8,8,8,11,12,12,16,16,16,18,18,18,18,20,20,20,20,20,20,20,20,20,20,20,20,21,22,23,23,23,24,26,26
"Libya","Libya",6871292,0,0,0,0,0,0,0,0,0,0,0,0,0,0,0,0,0,0,0,0,0,0,0,0,0,0,0,0,0,0,0,0,0,0,0,0,0,0,0,0,0,0,0,0,0,0,0,0,0,0,0,0,0,0,0,0,0,0,0,0,0,0,0,0,0,0,0,0,0,0,0,1,1,1,1,1,1,1,1,1,1,1,1,1,1,1,1,1,1,1,1,1,2,2,2,2,2,2,2,3,3,3,3,3,3,3,3,3,3,3,3,3,3,3,3,3,3,3,3,3,3,3,3,3
"Liechtenstein","Liechtenstein",38128,0,0,0,0,0,0,0,0,0,0,0,0,0,0,0,0,0,0,0,0,0,0,0,0,0,0,0,0,0,0,0,0,0,0,0,0,0,0,0,0,0,0,0,0,0,0,0,0,0,0,0,0,0,0,0,0,0,0,0,0,0,0,0,0,0,0,0,0,0,0,0,0,0,1,1,1,1,1,1,1,1,1,1,1,1,1,1,1,1,1,1,1,1,1,1,1,1,1,1,1,1,1,1,1,1,1,1,1,1,1,1,1,1,1,1,1,1,1,1,1,1,1,1,1
"Lithuania","Lithuania",2722289,0,0,0,0,0,0,0,0,0,0,0,0,0,0,0,0,0,0,0,0,0,0,0,0,0,0,0,0,0,0,0,0,0,0,0,0,0,0,0,0,0,0,0,0,0,0,0,0,0,0,0,0,0,0,0,0,0,0,0,1,1,1,2,4,4,5,7,7,7,8,8,9,9,11,13,15,15,15,16,22,23,23,24,29,30,32,33,33,35,37,38,38,40,40,41,41,41,44,45,45,45,46,46,46,46,48,49,49,49,50,50,50,54,54,54,55,56,59,60,60,61,61,63,63
"Luxembourg","Luxembourg",625978,0,0,0,0,0,0,0,0,0,0,0,0,0,0,0,0,0,0,0,0,0,0,0,0,0,0,0,0,0,0,0,0,0,0,0,0,0,0,0,0,0,0,0,0,0,0,0,0,0,0,0,0,1,1,1,1,2,4,4,8,8,8,8,8,9,15,18,21,22,23,29,30,31,31,36,41,44,46,52,54,62,66,69,67,69,69,72,72,73,75,78,80,83,85,85,88,88,89,89,90,92,92,96,96,96,98,100,100,101,101,101,102,103,103,104,104,107,107,109,109,109,109,109,110
"Madagascar","Madagascar",27691018,0,0,0,0,0,0,0,0,0,0,0,0,0,0,0,0,0,0,0,0,0,0,0,0,0,0,0,0,0,0,0,0,0,0,0,0,0,0,0,0,0,0,0,0,0,0,0,0,0,0,0,0,0,0,0,0,0,0,0,0,0,0,0,0,0,0,0,0,0,0,0,0,0,0,0,0,0,0,0,0,0,0,0,0,0,0,0,0,0,0,0,0,0,0,0,0,0,0,0,0,0,0,0,0,0,0,0,0,0,0,0,0,0,0,0,0,1,1,2,2,2,2,2,2
"Malaysia","Malaysia",32365999,0,0,0,0,0,0,0,0,0,0,0,0,0,0,0,0,0,0,0,0,0,0,0,0,0,0,0,0,0,0,0,0,0,0,0,0,0,0,0,0,0,0,0,0,0,0,0,0,0,0,0,0,0,0,0,2,2,2,3,4,10,14,16,20,23,26,27,35,37,43,45,50,53,57,61,62,63,65,67,70,73,76,77,82,83,84,86,88,89,89,92,93,95,96,98,98,99,100,100,102,103,103,105,105,106,107,107,107,108,108,109,109,111,112,112,113,113,113,114,114,114,115,115,115
"Maldives","Maldives",540544,0,0,0,0,0,0,0,0,0,0,0,0,0,0,0,0,0,0,0,0,0,0,0,0,0,0,0,0,0,0,0,0,0,0,0,0,0,0,0,0,0,0,0,0,0,0,0,0,0,0,0,0,0,0,0,0,0,0,0,0,0,0,0,0,0,0,0,0,0,0,0,0,0,0,0,0,0,0,0,0,0,0,0,0,0,0,0,0,0,0,0,0,0,0,0,0,0,0,1,1,1,1,1,1,2,2,3,3,3,3,3,3,4,4,4,4,4,4,4,4,4,4,4,4
"Mali","Mali",20250833,0,0,0,0,0,0,0,0,0,0,0,0,0,0,0,0,0,0,0,0,0,0,0,0,0,0,0,0,0,0,0,0,0,0,0,0,0,0,0,0,0,0,0,0,0,0,0,0,0,0,0,0,0,0,0,0,0,0,0,0,0,0,0,0,0,0,0,1,2,2,3,3,3,3,5,5,5,7,7,7,7,9,10,13,13,13,13,13,14,14,14,17,21,21,21,23,23,24,25,26,26,26,27,29,32,32,32,35,37,38,39,40,44,46,46,48,52,52,53,55,60,62,63,65
"Malta","Malta",441543,0,0,0,0,0,0,0,0,0,0,0,0,0,0,0,0,0,0,0,0,0,0,0,0,0,0,0,0,0,0,0,0,0,0,0,0,0,0,0,0,0,0,0,0,0,0,0,0,0,0,0,0,0,0,0,0,0,0,0,0,0,0,0,0,0,0,0,0,0,0,0,0,0,0,0,0,0,1,2,2,3,3,3,3,3,3,3,3,3,3,3,3,3,3,4,4,4,4,4,4,4,4,4,4,5,5,5,5,5,5,5,5,6,6,6,6,6,6,6,6,6,6,6,6
"Mauritania","Mauritania",4649658,0,0,0,0,0,0,0,0,0,0,0,0,0,0,0,0,0,0,0,0,0,0,0,0,0,0,0,0,0,0,0,0,0,0,0,0,0,0,0,0,0,0,0,0,0,0,0,0,0,0,0,0,0,0,0,0,0,0,0,0,0,0,0,0,0,0,0,0,1,1,1,1,1,1,1,1,1,1,1,1,1,1,1,1,1,1,1,1,1,1,1,1,1,1,1,1,1,1,1,1,1,1,1,1,1,1,1,1,1,1,1,1,2,2,3,4,4,4,4,4,5,6,6,6
"Mauritius","Mauritius",1271768,0,0,0,0,0,0,0,0,0,0,0,0,0,0,0,0,0,0,0,0,0,0,0,0,0,0,0,0,0,0,0,0,0,0,0,0,0,0,0,0,0,0,0,0,0,0,0,0,0,0,0,0,0,0,0,0,0,0,0,1,2,2,2,2,2,2,2,3,3,5,6,7,7,7,7,7,7,7,7,9,9,9,9,9,9,9,9,9,9,9,9,9,9,9,9,9,10,10,10,10,10,10,10,10,10,10,10,10,10,10,10,10,10,10,10,10,10,10,10,10,10,10,10,10
"Mexico","Mexico",128932753,0,0,0,0,0,0,0,0,0,0,0,0,0,0,0,0,0,0,0,0,0,0,0,0,0,0,0,0,0,0,0,0,0,0,0,0,0,0,0,0,0,0,0,0,0,0,0,0,0,0,0,0,0,0,0,0,0,1,2,2,3,4,5,6,8,12,16,20,28,29,37,50,60,79,94,125,141,174,194,233,273,296,332,406,449,486,546,650,686,712,857,970,1069,1221,1305,1351,1434,1569,1732,1859,1972,2061,2154,2271,2507,2704,2961,3160,3353,3465,3573,3926,4220,4477,4767,5045,5177,5332,5666,6090,6510,6989,7179,7394
"Moldova","Moldova",4033963,0,0,0,0,0,0,0,0,0,0,0,0,0,0,0,0,0,0,0,0,0,0,0,0,0,0,0,0,0,0,0,0,0,0,0,0,0,0,0,0,0,0,0,0,0,0,0,0,0,0,0,0,0,0,0,0,1,1,1,1,1,1,1,1,1,2,2,2,2,4,5,6,8,12,15,19,22,27,29,29,30,31,35,40,46,54,56,57,67,70,72,75,80,84,94,96,102,103,111,116,122,124,125,132,136,143,145,150,161,169,175,182,185,194,202,207,211,217,221,228,233,237,242,250
"Monaco","Monaco",39242,0,0,0,0,0,0,0,0,0,0,0,0,0,0,0,0,0,0,0,0,0,0,0,0,0,0,0,0,0,0,0,0,0,0,0,0,0,0,0,0,0,0,0,0,0,0,0,0,0,0,0,0,0,0,0,0,0,0,0,0,0,0,0,0,0,0,0,1,1,1,1,1,1,1,1,1,1,1,1,1,1,1,1,1,3,3,3,3,3,3,3,3,4,4,4,4,4,4,4,4,4,4,4,4,4,4,4,4,4,4,4,4,4,4,4,4,4,4,4,4,4,4,4,4
"Mongolia","Mongolia",3278290,0,0,0,0,0,0,0,0,0,0,0,0,0,0,0,0,0,0,0,0,0,0,0,0,0,0,0,0,0,0,0,0,0,0,0,0,0,0,0,0,0,0,0,0,0,0,0,0,0,0,0,0,0,0,0,0,0,0,0,0,0,0,0,0,0,0,0,0,0,0,0,0,0,0,0,0,0,0,0,0,0,0,0,0,0,0,0,0,0,0,0,0,0,0,0,0,0,0,0,0,0,0,0,0,0,0,0,0,0,0,0,0,0,0,0,0,0,0,0,0,0,0,0,0
"Montenegro","Montenegro",628066,0,0,0,0,0,0,0,0,0,0,0,0,0,0,0,0,0,0,0,0,0,0,0,0,0,0,0,0,0,0,0,0,0,0,0,0,0,0,0,0,0,0,0,0,0,0,0,0,0,0,0,0,0,0,0,0,0,0,0,0,0,1,1,1,1,1,1,1,1,2,2,2,2,2,2,2,2,2,2,2,2,3,3,4,4,4,5,5,5,5,5,5,5,6,6,7,7,7,7,7,7,8,8,8,8,8,8,8,8,9,9,9,9,9,9,9,9,9,9,9,9,9,9,9
"Morocco","Morocco",36910560,0,0,0,0,0,0,0,0,0,0,0,0,0,0,0,0,0,0,0,0,0,0,0,0,0,0,0,0,0,0,0,0,0,0,0,0,0,0,0,0,0,0,0,0,0,0,0,0,1,1,1,1,1,1,1,2,2,2,3,3,4,4,5,6,11,23,25,26,33,36,39,44,48,59,70,80,90,93,97,107,111,118,126,126,127,130,135,137,141,143,145,149,155,158,159,161,162,165,168,170,171,173,174,179,181,183,183,186,186,188,188,188,188,190,190,192,192,192,193,194,196,197,198,199
"Mozambique","Mozambique",31255435,0,0,0,0,0,0,0,0,0,0,0,0,0,0,0,0,0,0,0,0,0,0,0,0,0,0,0,0,0,0,0,0,0,0,0,0,0,0,0,0,0,0,0,0,0,0,0,0,0,0,0,0,0,0,0,0,0,0,0,0,0,0,0,0,0,0,0,0,0,0,0,0,0,0,0,0,0,0,0,0,0,0,0,0,0,0,0,0,0,0,0,0,0,0,0,0,0,0,0,0,0,0,0,0,0,0,0,0,0,0,0,0,0,0,0,0,0,0,0,0,0,0,0,0
"Namibia","Namibia",2540905,0,0,0,0,0,0,0,0,0,0,0,0,0,0,0,0,0,0,0,0,0,0,0,0,0,0,0,0,0,0,0,0,0,0,0,0,0,0,0,0,0,0,0,0,0,0,0,0,0,0,0,0,0,0,0,0,0,0,0,0,0,0,0,0,0,0,0,0,0,0,0,0,0,0,0,0,0,0,0,0,0,0,0,0,0,0,0,0,0,0,0,0,0,0,0,0,0,0,0,0,0,0,0,0,0,0,0,0,0,0,0,0,0,0,0,0,0,0,0,0,0,0,0,0
"Nepal","Nepal",29136808,0,0,0,0,0,0,0,0,0,0,0,0,0,0,0,0,0,0,0,0,0,0,0,0,0,0,0,0,0,0,0,0,0,0,0,0,0,0,0,0,0,0,0,0,0,0,0,0,0,0,0,0,0,0,0,0,0,0,0,0,0,0,0,0,0,0,0,0,0,0,0,0,0,0,0,0,0,0,0,0,0,0,0,0,0,0,0,0,0,0,0,0,0,0,0,0,0,0,0,0,0,0,0,0,0,0,0,0,0,0,0,0,0,0,0,1,2,2,2,2,3,3,3,3
"Netherlands","Netherlands",17134872,0,0,0,0,0,0,0,0,0,0,0,0,0,0,0,0,0,0,0,0,0,0,0,0,0,0,0,0,0,0,0,0,0,0,0,0,0,0,0,0,0,0,0,0,1,1,3,3,4,5,5,10,12,20,24,43,58,77,107,137,180,214,277,357,435,547,640,772,865,1040,1175,1341,1490,1656,1771,1874,2108,2255,2403,2520,2653,2747,2833,2955,3145,3327,3471,3613,3697,3764,3929,4068,4192,4304,4424,4491,4534,4582,4727,4811,4909,5003,5072,5098,5185,5221,5306,5377,5441,5459,5475,5529,5581,5609,5662,5689,5699,5713,5734,5767,5794,5807,5830,5841
"New Zealand","New Zealand",4822233,0,0,0,0,0,0,0,0,0,0,0,0,0,0,0,0,0,0,0,0,0,0,0,0,0,0,0,0,0,0,0,0,0,0,0,0,0,0,0,0,0,0,0,0,0,0,0,0,0,0,0,0,0,0,0,0,0,0,0,0,0,0,0,0,0,0,0,1,1,1,1,1,1,1,1,1,1,1,1,2,4,4,5,9,9,9,11,11,12,12,13,14,17,18,18,19,19,19,19,19,20,20,20,20,21,21,21,21,21,21,21,21,21,21,21,21,21,21,21,21,21,21,21,21
"Nicaragua","Nicaragua",6624554,0,0,0,0,0,0,0,0,0,0,0,0,0,0,0,0,0,0,0,0,0,0,0,0,0,0,0,0,0,0,0,0,0,0,0,0,0,0,0,0,0,0,0,0,0,0,0,0,0,0,0,0,0,0,0,0,0,0,0,0,0,0,0,0,0,1,1,1,1,1,1,1,1,1,1,1,1,1,1,1,1,1,1,1,1,1,1,2,2,2,2,2,3,3,3,3,3,3,3,3,3,3,5,5,5,5,5,5,5,5,5,8,8,8,8,8,8,8,17,17,17,17,17,17
"Niger","Niger",24206644,0,0,0,0,0,0,0,0,0,0,0,0,0,0,0,0,0,0,0,0,0,0,0,0,0,0,0,0,0,0,0,0,0,0,0,0,0,0,0,0,0,0,0,0,0,0,0,0,0,0,0,0,0,0,0,0,0,0,0,0,0,0,0,1,1,1,1,1,3,3,5,5,5,8,10,10,11,11,11,11,11,12,12,14,14,14,18,19,20,20,20,22,24,24,27,29,29,31,32,32,33,35,36,37,38,38,42,44,45,46,46,47,49,50,51,51,54,55,55,58,60,60,61,61
"Nigeria","Nigeria",206139589,0,0,0,0,0,0,0,0,0,0,0,0,0,0,0,0,0,0,0,0,0,0,0,0,0,0,0,0,0,0,0,0,0,0,0,0,0,0,0,0,0,0,0,0,0,0,0,0,0,0,0,0,0,0,0,0,0,0,0,0,0,1,1,1,1,1,1,1,2,2,2,2,4,4,5,5,6,6,7,7,10,10,10,11,12,13,17,19,21,22,22,28,31,32,35,40,40,44,51,58,68,85,87,93,98,103,107,117,128,143,150,158,164,167,171,176,182,191,192,200,211,221,221,226
"North Macedonia","North Macedonia",2083374,0,0,0,0,0,0,0,0,0,0,0,0,0,0,0,0,0,0,0,0,0,0,0,0,0,0,0,0,0,0,0,0,0,0,0,0,0,0,0,0,0,0,0,0,0,0,0,0,0,0,0,0,0,0,0,0,0,0,0,0,1,2,2,3,3,3,4,6,7,9,11,11,12,17,18,23,26,29,30,32,34,34,38,44,45,46,49,49,51,54,55,56,56,57,59,61,65,71,73,77,81,82,84,85,86,88,89,90,91,91,91,92,95,95,97,98,101,104,106,110,111,112,113,113
"Norway","Norway",5421241,0,0,0,0,0,0,0,0,0,0,0,0,0,0,0,0,0,0,0,0,0,0,0,0,0,0,0,0,0,0,0,0,0,0,0,0,0,0,0,0,0,0,0,0,0,0,0,0,0,0,0,0,3,3,3,3,6,7,7,7,7,10,12,14,14,19,23,25,32,39,44,50,59,62,71,76,89,101,108,113,119,128,134,139,150,152,161,164,165,181,182,187,194,199,201,201,205,206,207,210,210,211,211,214,215,216,217,218,219,219,224,228,229,232,232,232,232,233,233,234,235,235,235,235
"Oman","Oman",5106626,0,0,0,0,0,0,0,0,0,0,0,0,0,0,0,0,0,0,0,0,0,0,0,0,0,0,0,0,0,0,0,0,0,0,0,0,0,0,0,0,0,0,0,0,0,0,0,0,0,0,0,0,0,0,0,0,0,0,0,0,0,0,0,0,0,0,0,0,0,1,1,1,1,2,2,2,2,2,3,3,3,4,4,4,4,4,6,6,7,7,8,8,9,10,10,10,10,10,10,11,11,12,12,12,13,13,15,16,17,17,17,17,17,18,20,21,22,25,27,30,31,34,36,37
"Pakistan","Pakistan",220892340,0,0,0,0,0,0,0,0,0,0,0,0,0,0,0,0,0,0,0,0,0,0,0,0,0,0,0,0,0,0,0,0,0,0,0,0,0,0,0,0,0,0,0,0,0,0,0,0,0,0,0,0,0,0,0,0,0,2,3,3,5,6,7,8,9,11,12,14,21,26,27,34,40,41,47,53,57,61,65,66,86,91,93,96,111,128,135,143,168,176,201,212,237,253,269,281,292,312,343,385,417,440,457,476,514,564,585,599,636,659,706,737,761,770,834,834,873,903,939,985,1017,1067,1101,1133
"Panama","Panama",4314767,0,0,0,0,0,0,0,0,0,0,0,0,0,0,0,0,0,0,0,0,0,0,0,0,0,0,0,0,0,0,0,0,0,0,0,0,0,0,0,0,0,0,0,0,0,0,0,0,0,1,1,1,1,1,1,1,1,1,1,1,3,6,6,8,8,9,14,17,24,30,30,32,37,41,46,54,55,59,63,66,74,79,87,94,95,103,109,116,120,126,136,141,146,154,159,165,167,167,178,188,192,197,197,200,210,218,225,231,237,244,249,252,256,260,266,269,275,279,281,287,291,295,299,306
"Papua New Guinea","Papua New Guinea",8947024,0,0,0,0,0,0,0,0,0,0,0,0,0,0,0,0,0,0,0,0,0,0,0,0,0,0,0,0,0,0,0,0,0,0,0,0,0,0,0,0,0,0,0,0,0,0,0,0,0,0,0,0,0,0,0,0,0,0,0,0,0,0,0,0,0,0,0,0,0,0,0,0,0,0,0,0,0,0,0,0,0,0,0,0,0,0,0,0,0,0,0,0,0,0,0,0,0,0,0,0,0,0,0,0,0,0,0,0,0,0,0,0,0,0,0,0,0,0,0,0,0,0,0,0
"Paraguay","Paraguay",7132538,0,0,0,0,0,0,0,0,0,0,0,0,0,0,0,0,0,0,0,0,0,0,0,0,0,0,0,0,0,0,0,0,0,0,0,0,0,0,0,0,0,0,0,0,0,0,0,0,0,0,0,0,0,0,0,0,0,0,0,1,1,1,2,3,3,3,3,3,3,3,3,3,3,3,3,5,5,5,5,6,6,6,6,7,8,8,8,8,8,8,8,9,9,9,9,9,9,9,9,10,10,10,10,10,10,10,10,10,10,10,10,10,11,11,11,11,11,11,11,11,11,11,11,11
"Peru","Peru",32971854,0,0,0,0,0,0,0,0,0,0,0,0,0,0,0,0,0,0,0,0,0,0,0,0,0,0,0,0,0,0,0,0,0,0,0,0,0,0,0,0,0,0,0,0,0,0,0,0,0,0,0,0,0,0,0,0,0,0,3,5,5,5,7,9,9,11,16,18,24,30,38,55,61,73,83,92,107,121,138,169,181,193,216,230,254,274,300,348,400,445,484,530,572,634,700,728,782,854,943,1051,1124,1200,1286,1344,1444,1533,1627,1714,1814,1889,1961,2057,2169,2267,2392,2523,2648,2789,2914,3024,3148,3244,3373,3456
"Philippines","Philippines",109581078,0,0,0,0,0,0,0,0,0,0,0,1,1,1,1,1,1,1,1,1,1,1,1,1,1,1,1,1,1,1,1,1,1,1,1,1,1,1,1,1,1,1,1,1,1,1,1,1,1,1,2,5,8,11,12,12,19,17,18,19,25,33,35,38,45,54,68,71,78,88,96,107,136,144,152,163,177,182,203,221,247,297,315,335,349,362,387,397,409,428,437,446,462,477,494,501,511,530,558,568,579,603,607,623,637,658,685,696,704,719,726,751,772,790,806,817,824,831,837,842,846,857,863,868
"Poland","Poland",37846611,0,0,0,0,0,0,0,0,0,0,0,0,0,0,0,0,0,0,0,0,0,0,0,0,0,0,0,0,0,0,0,0,0,0,0,0,0,0,0,0,0,0,0,0,0,0,0,0,0,0,1,2,3,3,4,5,5,5,5,5,7,8,10,14,16,16,18,22,31,33,43,57,71,79,94,107,129,159,174,181,208,232,245,263,286,314,332,347,360,380,401,426,454,494,524,535,562,596,624,644,651,664,678,698,716,733,755,776,785,800,811,839,861,883,907,915,925,936,948,962,972,982,993,996
"Portugal","Portugal",10196709,0,0,0,0,0,0,0,0,0,0,0,0,0,0,0,0,0,0,0,0,0,0,0,0,0,0,0,0,0,0,0,0,0,0,0,0,0,0,0,0,0,0,0,0,0,0,0,0,0,0,0,0,0,0,0,1,2,3,6,12,14,23,33,43,60,76,100,119,140,160,187,209,246,266,295,311,345,380,409,435,470,504,535,567,599,629,657,687,714,735,762,785,820,854,880,903,928,948,973,989,1007,1023,1043,1063,1074,1089,1105,1114,1126,1135,1144,1163,1175,1184,1190,1203,1218,1231,1247,1263,1277,1289,1302,1316
"Qatar","Qatar",2881053,0,0,0,0,0,0,0,0,0,0,0,0,0,0,0,0,0,0,0,0,0,0,0,0,0,0,0,0,0,0,0,0,0,0,0,0,0,0,0,0,0,0,0,0,0,0,0,0,0,0,0,0,0,0,0,0,0,0,0,0,0,0,0,0,0,0,1,1,1,2,2,3,3,3,4,4,6,6,6,6,6,7,7,7,7,7,7,8,8,9,9,10,10,10,10,10,10,10,10,10,12,12,12,12,12,12,12,12,13,14,14,14,14,14,14,15,15,15,15,16,17,19,21,23
"Romania","Romania",19237691,0,0,0,0,0,0,0,0,0,0,0,0,0,0,0,0,0,0,0,0,0,0,0,0,0,0,0,0,0,0,0,0,0,0,0,0,0,0,0,0,0,0,0,0,0,0,0,0,0,0,0,0,0,0,0,0,0,0,0,0,3,7,11,17,23,26,37,43,65,82,92,115,133,146,151,176,197,220,248,270,291,316,331,351,372,392,411,421,451,478,498,524,545,567,601,619,641,663,693,717,744,771,790,818,841,864,888,923,939,961,982,1002,1036,1053,1070,1094,1107,1120,1137,1147,1156,1166,1176,1185
"Russia","Russia",145934462,0,0,0,0,0,0,0,0,0,0,0,0,0,0,0,0,0,0,0,0,0,0,0,0,0,0,0,0,0,0,0,0,0,0,0,0,0,0,0,0,0,0,0,0,0,0,0,0,0,0,0,0,0,0,0,0,0,1,1,1,1,1,1,3,3,4,4,8,9,17,24,30,34,43,45,47,58,63,76,94,106,130,148,170,198,232,273,313,361,405,456,513,555,615,681,747,794,867,972,1073,1169,1222,1280,1356,1451,1537,1625,1723,1827,1915,2009,2116,2212,2305,2418,2537,2631,2722,2837,2972,3099,3249,3388,3541
"Rwanda","Rwanda",12952218,0,0,0,0,0,0,0,0,0,0,0,0,0,0,0,0,0,0,0,0,0,0,0,0,0,0,0,0,0,0,0,0,0,0,0,0,0,0,0,0,0,0,0,0,0,0,0,0,0,0,0,0,0,0,0,0,0,0,0,0,0,0,0,0,0,0,0,0,0,0,0,0,0,0,0,0,0,0,0,0,0,0,0,0,0,0,0,0,0,0,0,0,0,0,0,0,0,0,0,0,0,0,0,0,0,0,0,0,0,0,0,0,0,0,0,0,0,0,0,0,0,0,0,0
"Saint Lucia","Saint Lucia",183627,0,0,0,0,0,0,0,0,0,0,0,0,0,0,0,0,0,0,0,0,0,0,0,0,0,0,0,0,0,0,0,0,0,0,0,0,0,0,0,0,0,0,0,0,0,0,0,0,0,0,0,0,0,0,0,0,0,0,0,0,0,0,0,0,0,0,0,0,0,0,0,0,0,0,0,0,0,0,0,0,0,0,0,0,0,0,0,0,0,0,0,0,0,0,0,0,0,0,0,0,0,0,0,0,0,0,0,0,0,0,0,0,0,0,0,0,0,0,0,0,0,0,0,0
"San Marino","San Marino",33931,0,0,0,0,0,0,0,0,0,0,0,0,0,0,0,0,0,0,0,0,0,0,0,0,0,0,0,0,0,0,0,0,0,0,0,0,0,0,0,0,0,1,1,1,1,1,1,1,2,2,3,5,5,5,7,7,11,11,14,20,20,20,21,21,21,21,22,22,25,26,26,30,30,32,32,32,34,34,34,34,35,35,35,36,36,38,39,39,39,39,40,40,40,40,40,41,41,41,41,41,41,41,41,41,41,41,41,41,41,41,41,41,41,41,41,41,41,41,41,41,41,41,42,42
"Saudi Arabia","Saudi Arabia",34813871,0,0,0,0,0,0,0,0,0,0,0,0,0,0,0,0,0,0,0,0,0,0,0,0,0,0,0,0,0,0,0,0,0,0,0,0,0,0,0,0,0,0,0,0,0,0,0,0,0,0,0,0,0,0,0,0,0,0,0,0,0,0,1,2,3,3,4,8,8,10,16,21,25,29,34,38,41,41,44,47,52,59,65,73,79,83,87,92,97,103,109,114,121,127,136,139,144,152,157,162,169,176,184,191,200,209,219,229,239,246,255,264,273,283,292,302,312,320,329,339,351,364,379,390
"Senegal","Senegal",16743927,0,0,0,0,0,0,0,0,0,0,0,0,0,0,0,0,0,0,0,0,0,0,0,0,0,0,0,0,0,0,0,0,0,0,0,0,0,0,0,0,0,0,0,0,0,0,0,0,0,0,0,0,0,0,0,0,0,0,0,0,0,0,0,0,0,0,0,0,0,0,1,1,1,2,2,2,2,2,2,2,2,2,2,2,2,2,2,3,3,5,5,6,6,7,7,9,9,9,9,9,9,9,9,10,11,12,13,13,17,19,19,19,21,23,25,25,25,26,30,30,33,33,34,35
"Serbia","Serbia",8737371,0,0,0,0,0,0,0,0,0,0,0,0,0,0,0,0,0,0,0,0,0,0,0,0,0,0,0,0,0,0,0,0,0,0,0,0,0,0,0,0,0,0,0,0,0,0,0,0,0,0,0,0,0,0,0,0,0,0,1,1,2,3,3,4,1,1,10,13,16,16,28,31,39,44,51,58,61,65,66,71,74,80,85,94,99,103,110,117,122,125,130,134,139,144,151,156,162,168,173,179,179,189,193,197,200,203,206,209,215,215,218,220,222,224,225,228,230,231,234,235,237,237,238,238
"Seychelles","Seychelles",98347,0,0,0,0,0,0,0,0,0,0,0,0,0,0,0,0,0,0,0,0,0,0,0,0,0,0,0,0,0,0,0,0,0,0,0,0,0,0,0,0,0,0,0,0,0,0,0,0,0,0,0,0,0,0,0,0,0,0,0,0,0,0,0,0,0,0,0,0,0,0,0,0,0,0,0,0,0,0,0,0,0,0,0,0,0,0,0,0,0,0,0,0,0,0,0,0,0,0,0,0,0,0,0,0,0,0,0,0,0,0,0,0,0,0,0,0,0,0,0,0,0,0,0,0
"Sierra Leone","Sierra Leone",7976983,0,0,0,0,0,0,0,0,0,0,0,0,0,0,0,0,0,0,0,0,0,0,0,0,0,0,0,0,0,0,0,0,0,0,0,0,0,0,0,0,0,0,0,0,0,0,0,0,0,0,0,0,0,0,0,0,0,0,0,0,0,0,0,0,0,0,0,0,0,0,0,0,0,0,0,0,0,0,0,0,0,0,0,0,0,0,0,0,0,0,0,0,1,2,2,4,4,4,4,7,7,8,8,9,11,14,16,17,18,18,19,19,26,26,27,29,32,33,33,34,35,38,39,40
"Singapore","Singapore",5850342,0,0,0,0,0,0,0,0,0,0,0,0,0,0,0,0,0,0,0,0,0,0,0,0,0,0,0,0,0,0,0,0,0,0,0,0,0,0,0,0,0,0,0,0,0,0,0,0,0,0,0,0,0,0,0,0,0,0,0,2,2,2,2,2,2,2,2,3,3,3,3,4,5,6,6,6,6,6,6,7,8,8,9,10,10,10,11,11,11,11,11,12,12,12,12,12,14,14,14,15,16,17,18,18,18,20,20,20,20,20,21,21,21,21,21,22,22,22,22,22,23,23,23,23
"Slovakia","Slovakia",5459642,0,0,0,0,0,0,0,0,0,0,0,0,0,0,0,0,0,0,0,0,0,0,0,0,0,0,0,0,0,0,0,0,0,0,0,0,0,0,0,0,0,0,0,0,0,0,0,0,0,0,0,0,0,0,0,0,1,1,1,1,0,0,0,0,0,0,0,0,0,0,1,1,1,1,1,2,2,2,2,2,2,2,2,2,6,8,9,11,12,13,14,14,15,17,17,18,18,20,22,23,23,24,24,25,25,25,26,26,26,26,26,27,27,27,27,28,28,28,28,28,28,28,28,28
"Slovenia","Slovenia",2078938,0,0,0,0,0,0,0,0,0,0,0,0,0,0,0,0,0,0,0,0,0,0,0,0,0,0,0,0,0,0,0,0,0,0,0,0,0,0,0,0,0,0,0,0,0,0,0,0,0,0,0,0,1,1,1,1,1,1,1,1,2,3,4,5,6,9,9,11,11,15,15,17,20,22,28,30,36,40,43,45,50,53,55,56,61,61,66,70,74,77,77,79,79,80,81,82,83,86,89,91,92,94,96,97,98,99,99,100,101,102,102,102,103,103,103,103,104,104,104,105,106,106,106,107
"Somalia","Somalia",15893222,0,0,0,0,0,0,0,0,0,0,0,0,0,0,0,0,0,0,0,0,0,0,0,0,0,0,0,0,0,0,0,0,0,0,0,0,0,0,0,0,0,0,0,0,0,0,0,0,0,0,0,0,0,0,0,0,0,0,0,0,0,0,0,0,0,0,0,0,0,0,0,0,0,0,0,0,0,1,1,1,1,1,2,2,5,5,6,7,7,8,8,8,16,16,18,23,26,28,28,28,28,31,32,35,38,39,44,44,48,51,52,52,52,53,53,55,56,57,59,61,61,61,61,61
"South Africa","South Africa",59308690,0,0,0,0,0,0,0,0,0,0,0,0,0,0,0,0,0,0,0,0,0,0,0,0,0,0,0,0,0,0,0,0,0,0,0,0,0,0,0,0,0,0,0,0,0,0,0,0,0,0,0,0,0,0,0,0,0,0,0,0,0,0,0,0,0,1,1,2,3,5,5,5,9,9,11,12,13,18,18,24,25,25,27,27,34,48,50,52,54,58,58,65,75,79,86,87,90,93,103,103,116,123,131,138,148,153,161,178,186,194,206,206,219,238,247,261,264,286,312,339,369,397,407,429
"Spain","Spain",46754778,0,0,0,0,0,0,0,0,0,0,0,0,0,0,0,0,0,0,0,0,0,0,0,0,0,0,0,0,0,0,0,0,0,0,0,0,0,0,0,0,0,1,2,3,5,10,17,28,35,54,55,133,195,289,342,533,623,830,1043,1375,1772,2311,2808,3647,4365,5138,5982,6803,7716,8464,9387,10348,11198,11947,12641,13341,14045,14792,15447,16081,16606,17209,17756,18056,18708,19315,20002,20043,20453,20852,21282,21717,22157,22524,22902,23190,23521,23822,24275,24543,24543,25100,25264,25428,25613,25857,26070,26299,26478,26621,26744,26920,27104,27321,27459,27563,27563,27709,27778,27888,27940,28628,28678,28752
"Sri Lanka","Sri Lanka",21413249,0,0,0,0,0,0,0,0,0,0,0,0,0,0,0,0,0,0,0,0,0,0,0,0,0,0,0,0,0,0,0,0,0,0,0,0,0,0,0,0,0,0,0,0,0,0,0,0,0,0,0,0,0,0,0,0,0,0,0,0,0,0,0,0,0,0,1,1,2,2,3,4,4,5,5,5,6,7,7,7,7,7,7,7,7,7,7,7,7,7,7,7,7,7,7,7,7,7,7,7,7,7,7,8,9,9,9,9,9,9,9,9,9,9,9,9,9,9,9,9,9,9,9,9
"Sudan","Sudan",43849260,0,0,0,0,0,0,0,0,0,0,0,0,0,0,0,0,0,0,0,0,0,0,0,0,0,0,0,0,0,0,0,0,0,0,0,0,0,0,0,0,0,0,0,0,0,0,0,0,0,0,0,1,1,1,1,1,1,1,1,1,1,1,1,1,1,1,1,1,2,2,2,2,2,2,2,2,2,2,2,2,2,2,4,5,5,5,6,10,10,12,12,13,16,16,17,21,22,25,28,31,36,41,41,41,45,49,52,59,64,70,74,80,90,90,91,97,97,105,111,111,121,137,146,165
"Suriname","Suriname",586632,0,0,0,0,0,0,0,0,0,0,0,0,0,0,0,0,0,0,0,0,0,0,0,0,0,0,0,0,0,0,0,0,0,0,0,0,0,0,0,0,0,0,0,0,0,0,0,0,0,0,0,0,0,0,0,0,0,0,0,0,0,0,0,0,0,0,0,0,0,0,0,0,1,1,1,1,1,1,1,1,1,1,1,1,1,1,1,1,1,1,1,1,1,1,1,1,1,1,1,1,1,1,1,1,1,1,1,1,1,1,1,1,1,1,1,1,1,1,1,1,1,1,1,1
"Sweden","Sweden",10099265,0,0,0,0,0,0,0,0,0,0,0,0,0,0,0,0,0,0,0,0,0,0,0,0,0,0,0,0,0,0,0,0,0,0,0,0,0,0,0,0,0,0,0,0,0,0,0,0,0,1,1,1,2,3,6,7,10,11,16,20,21,25,36,62,77,105,105,110,146,180,239,308,358,373,401,477,591,687,793,870,887,899,919,1033,1203,1333,1400,1511,1540,1580,1765,1937,2021,2152,2192,2194,2274,2355,2462,2586,2653,2669,2679,2769,2854,2941,3040,3175,3220,3225,3256,3313,3460,3529,3646,3674,3679,3698,3743,3831,3871,3925,3992,3998
"Switzerland","Switzerland",8654622,0,0,0,0,0,0,0,0,0,0,0,0,0,0,0,0,0,0,0,0,0,0,0,0,0,0,0,0,0,0,0,0,0,0,0,0,0,0,0,0,0,0,0,1,1,1,2,2,3,4,4,11,13,14,14,27,28,41,54,75,98,120,122,153,191,231,264,300,359,433,488,536,591,666,715,765,821,895,948,1002,1036,1106,1138,1174,1239,1281,1327,1368,1393,1429,1478,1509,1549,1589,1599,1610,1665,1699,1716,1737,1754,1762,1762,1784,1795,1805,1810,1823,1830,1833,1845,1867,1870,1872,1878,1879,1881,1886,1891,1892,1898,1903,1905,1906
"Syria","Syria",17500658,0,0,0,0,0,0,0,0,0,0,0,0,0,0,0,0,0,0,0,0,0,0,0,0,0,0,0,0,0,0,0,0,0,0,0,0,0,0,0,0,0,0,0,0,0,0,0,0,0,0,0,0,0,0,0,0,0,0,0,0,0,0,0,0,0,0,0,1,2,2,2,2,2,2,2,2,2,2,2,2,2,2,2,2,2,2,2,2,3,3,3,3,3,3,3,3,3,3,3,3,3,3,3,3,3,3,3,3,3,3,3,3,3,3,3,3,3,3,3,3,3,4,4,4
"Taiwan*","Taiwan",23816775,0,0,0,0,0,0,0,0,0,0,0,0,0,0,0,0,0,0,0,0,0,0,0,0,0,1,1,1,1,1,1,1,1,1,1,1,1,1,1,1,1,1,1,1,1,1,1,1,1,1,1,1,1,1,1,1,1,1,2,2,2,2,2,2,2,2,2,2,5,5,5,5,5,5,5,5,5,5,5,6,6,6,6,6,6,6,6,6,6,6,6,6,6,6,6,6,6,6,6,6,6,6,6,6,6,6,6,6,6,6,7,7,7,7,7,7,7,7,7,7,7,7,7,7
"Tanzania","Tanzania",59734218,0,0,0,0,0,0,0,0,0,0,0,0,0,0,0,0,0,0,0,0,0,0,0,0,0,0,0,0,0,0,0,0,0,0,0,0,0,0,0,0,0,0,0,0,0,0,0,0,0,0,0,0,0,0,0,0,0,0,0,0,0,0,0,0,0,0,0,0,0,1,1,1,1,1,1,1,1,1,1,3,3,3,3,3,4,4,5,5,7,10,10,10,10,10,10,10,10,10,16,16,16,16,16,16,16,16,16,21,21,21,21,21,21,21,21,21,21,21,21,21,21,21,21,21
"Thailand","Thailand",69799978,0,0,0,0,0,0,0,0,0,0,0,0,0,0,0,0,0,0,0,0,0,0,0,0,0,0,0,0,0,0,0,0,0,0,0,0,0,0,0,1,1,1,1,1,1,1,1,1,1,1,1,1,1,1,1,1,1,1,1,1,1,1,4,4,4,5,6,7,9,10,12,15,19,20,23,26,27,30,32,33,35,38,40,41,43,46,47,47,47,47,48,49,50,51,51,51,52,54,54,54,54,54,54,54,54,55,55,55,56,56,56,56,56,56,56,56,56,56,56,56,56,56,56,56
"Timor-Leste","Timor Leste",1318445,0,0,0,0,0,0,0,0,0,0,0,0,0,0,0,0,0,0,0,0,0,0,0,0,0,0,0,0,0,0,0,0,0,0,0,0,0,0,0,0,0,0,0,0,0,0,0,0,0,0,0,0,0,0,0,0,0,0,0,0,0,0,0,0,0,0,0,0,0,0,0,0,0,0,0,0,0,0,0,0,0,0,0,0,0,0,0,0,0,0,0,0,0,0,0,0,0,0,0,0,0,0,0,0,0,0,0,0,0,0,0,0,0,0,0,0,0,0,0,0,0,0,0,0
"Togo","Togo",8278724,0,0,0,0,0,0,0,0,0,0,0,0,0,0,0,0,0,0,0,0,0,0,0,0,0,0,0,0,0,0,0,0,0,0,0,0,0,0,0,0,0,0,0,0,0,0,0,0,0,0,0,0,0,0,0,0,0,0,0,0,0,0,0,0,0,1,1,1,1,1,2,2,3,3,3,3,3,3,3,3,3,3,3,3,3,5,5,5,5,6,6,6,6,6,6,6,6,6,7,9,9,9,9,9,9,9,9,10,10,11,11,11,11,11,11,11,11,12,12,12,12,12,12,12
"Trinidad and Tobago","Trinidad and Tobago",1399488,0,0,0,0,0,0,0,0,0,0,0,0,0,0,0,0,0,0,0,0,0,0,0,0,0,0,0,0,0,0,0,0,0,0,0,0,0,0,0,0,0,0,0,0,0,0,0,0,0,0,0,0,0,0,0,0,0,0,0,0,0,0,0,1,1,2,3,3,3,3,5,5,6,6,7,8,8,8,8,8,8,8,8,8,8,8,8,8,8,8,8,8,8,8,8,8,8,8,8,8,8,8,8,8,8,8,8,8,8,8,8,8,8,8,8,8,8,8,8,8,8,8,8,8
"Tunisia","Tunisia",11818619,0,0,0,0,0,0,0,0,0,0,0,0,0,0,0,0,0,0,0,0,0,0,0,0,0,0,0,0,0,0,0,0,0,0,0,0,0,0,0,0,0,0,0,0,0,0,0,0,0,0,0,0,0,0,0,0,0,1,1,1,3,3,4,5,6,6,8,8,8,10,12,14,18,18,22,22,23,24,25,25,28,31,34,34,35,37,37,37,38,38,38,38,38,38,38,38,39,40,40,41,41,42,42,43,43,43,44,45,45,45,45,45,45,45,45,45,45,46,47,47,47,47,48,48
"Turkey","Turkey",84339067,0,0,0,0,0,0,0,0,0,0,0,0,0,0,0,0,0,0,0,0,0,0,0,0,0,0,0,0,0,0,0,0,0,0,0,0,0,0,0,0,0,0,0,0,0,0,0,0,0,0,0,0,0,0,0,1,1,3,4,9,30,37,44,59,75,92,108,131,168,214,277,356,425,501,574,649,725,812,908,1006,1101,1198,1296,1403,1518,1643,1769,1890,2017,2140,2259,2376,2491,2600,2706,2805,2900,2992,3081,3174,3258,3336,3397,3461,3520,3584,3641,3689,3739,3786,3841,3894,3952,4007,4055,4096,4140,4171,4199,4222,4249,4276,4308,4340
"US","US",331002651,0,0,0,0,0,0,0,0,0,0,0,0,0,0,0,0,0,0,0,0,0,0,0,0,0,0,0,0,0,0,0,0,0,0,0,0,0,0,1,1,6,7,11,12,14,17,21,22,28,36,42,50,60,74,100,134,165,259,350,442,587,786,1011,1320,1726,2269,2744,3420,4196,5367,6511,7938,9260,10870,12375,13894,16191,18270,20288,22357,24366,26086,27870,30262,32760,34844,37428,39775,40945,42686,45086,47412,49724,51493,53755,54881,56219,58355,60967,62996,64943,66369,67682,68922,71064,73455,75662,77180,78795,79526,80682,82356,84119,85898,87530,88754,89562,90347,91921,93439,94702,95979,97087,97720
"Uganda","Uganda",45741007,0,0,0,0,0,0,0,0,0,0,0,0,0,0,0,0,0,0,0,0,0,0,0,0,0,0,0,0,0,0,0,0,0,0,0,0,0,0,0,0,0,0,0,0,0,0,0,0,0,0,0,0,0,0,0,0,0,0,0,0,0,0,0,0,0,0,0,0,0,0,0,0,0,0,0,0,0,0,0,0,0,0,0,0,0,0,0,0,0,0,0,0,0,0,0,0,0,0,0,0,0,0,0,0,0,0,0,0,0,0,0,0,0,0,0,0,0,0,0,0,0,0,0,0
"Ukraine","Ukraine",43733762,0,0,0,0,0,0,0,0,0,0,0,0,0,0,0,0,0,0,0,0,0,0,0,0,0,0,0,0,0,0,0,0,0,0,0,0,0,0,0,0,0,0,0,0,0,0,0,0,0,0,0,1,1,1,1,2,2,2,3,3,3,3,3,5,5,5,9,10,13,17,20,22,27,32,37,38,45,52,57,69,73,83,93,98,108,116,125,133,141,151,161,174,187,201,201,209,220,239,250,261,272,279,288,303,316,327,340,361,376,391,408,425,439,456,476,497,514,535,548,564,579,588,605,617
"United Arab Emirates","United Arab Emirates",9890402,0,0,0,0,0,0,0,0,0,0,0,0,0,0,0,0,0,0,0,0,0,0,0,0,0,0,0,0,0,0,0,0,0,0,0,0,0,0,0,0,0,0,0,0,0,0,0,0,0,0,0,0,0,0,0,0,0,0,2,2,2,2,2,2,2,2,2,3,5,6,8,8,9,10,10,11,12,12,14,16,20,22,25,28,33,35,37,37,41,43,46,52,56,64,71,76,82,89,98,105,111,119,126,137,146,157,165,174,185,198,201,203,206,208,210,214,220,224,227,233,237,241,244,245
"United Kingdom","United Kingdom",67886011,0,0,0,0,0,0,0,0,0,0,0,0,0,0,0,0,0,0,0,0,0,0,0,0,0,0,0,0,0,0,0,0,0,0,0,0,0,0,0,0,0,0,0,0,1,2,2,3,7,7,9,10,28,43,66,82,116,159,195,251,286,360,509,695,879,1163,1457,1672,2046,2429,3100,3752,4467,5228,5874,6445,7483,8519,9623,10776,11616,12302,13047,14095,14941,15974,16910,18028,18527,19092,20264,21111,21840,22853,23697,24117,24458,25369,26166,26842,27583,28205,28520,28809,29501,30150,30689,31316,31662,31930,32141,32769,33264,33693,34078,34546,34716,34876,35422,35786,36124,36475,36757,36875
"Uruguay","Uruguay",3473730,0,0,0,0,0,0,0,0,0,0,0,0,0,0,0,0,0,0,0,0,0,0,0,0,0,0,0,0,0,0,0,0,0,0,0,0,0,0,0,0,0,0,0,0,0,0,0,0,0,0,0,0,0,0,0,0,0,0,0,0,0,0,0,0,0,0,1,1,1,1,2,4,4,5,6,6,7,7,7,7,7,7,8,8,9,9,9,9,10,10,12,12,12,12,14,15,15,15,15,17,17,17,17,17,17,17,17,18,18,19,19,19,19,19,19,19,20,20,20,20,20,20,22,22
"Uzbekistan","Uzbekistan",33469203,0,0,0,0,0,0,0,0,0,0,0,0,0,0,0,0,0,0,0,0,0,0,0,0,0,0,0,0,0,0,0,0,0,0,0,0,0,0,0,0,0,0,0,0,0,0,0,0,0,0,0,0,0,0,0,0,0,0,0,0,0,0,0,0,0,1,2,2,2,2,2,2,2,2,2,2,2,3,3,3,4,4,4,4,4,4,4,5,5,5,6,7,7,8,8,8,8,8,9,9,9,9,10,10,10,10,10,10,10,10,10,10,11,11,11,11,12,13,13,13,13,13,13,13
"Venezuela","Venezuela",28435940,0,0,0,0,0,0,0,0,0,0,0,0,0,0,0,0,0,0,0,0,0,0,0,0,0,0,0,0,0,0,0,0,0,0,0,0,0,0,0,0,0,0,0,0,0,0,0,0,0,0,0,0,0,0,0,0,0,0,0,0,0,0,0,0,0,1,2,2,3,3,3,5,7,7,7,7,7,9,9,9,9,9,9,9,9,9,9,9,9,9,10,10,10,10,10,10,10,10,10,16,10,10,10,10,10,10,10,10,10,10,10,10,10,10,10,10,10,10,10,10,10,10,10,10
"Vietnam","Vietnam",97338579,0,0,0,0,0,0,0,0,0,0,0,0,0,0,0,0,0,0,0,0,0,0,0,0,0,0,0,0,0,0,0,0,0,0,0,0,0,0,0,0,0,0,0,0,0,0,0,0,0,0,0,0,0,0,0,0,0,0,0,0,0,0,0,0,0,0,0,0,0,0,0,0,0,0,0,0,0,0,0,0,0,0,0,0,0,0,0,0,0,0,0,0,0,0,0,0,0,0,0,0,0,0,0,0,0,0,0,0,0,0,0,0,0,0,0,0,0,0,0,0,0,0,0,0
"West Bank and Gaza","West Bank and Gaza",5101414,0,0,0,0,0,0,0,0,0,0,0,0,0,0,0,0,0,0,0,0,0,0,0,0,0,0,0,0,0,0,0,0,0,0,0,0,0,0,0,0,0,0,0,0,0,0,0,0,0,0,0,0,0,0,0,0,0,0,0,0,0,0,0,0,1,1,1,1,1,1,1,1,1,1,1,1,1,1,1,2,2,2,2,2,2,2,2,2,2,2,2,2,2,2,2,2,2,2,2,2,2,2,2,2,2,2,2,2,2,2,2,2,2,2,2,2,2,2,2,2,2,2,3,3
"Zambia","Zambia",18383955,0,0,0,0,0,0,0,0,0,0,0,0,0,0,0,0,0,0,0,0,0,0,0,0,0,0,0,0,0,0,0,0,0,0,0,0,0,0,0,0,0,0,0,0,0,0,0,0,0,0,0,0,0,0,0,0,0,0,0,0,0,0,0,0,0,0,0,0,0,0,0,1,1,1,1,1,1,1,1,2,2,2,2,2,2,2,2,2,3,3,3,3,3,3,3,3,3,3,3,3,3,3,3,3,3,4,4,4,7,7,7,7,7,7,7,7,7,7,7,7,7,7,7,7
"US","NYC Confirmed",8399000,,,,,,,,,,,,,,,,,,,,,,,,,,,,,,,,,,,,,,,,,,,,,,,,,,1,,,3,8,17,25,45,69,115,160,210,291,385,506,692,905,1170,1457,1779,2151,2582,3068,3550,4037,4601,5165,5755,6299,6833,7349,7871,8424,8973,9474,9911,10309,10674,11035,11407,11752,12057,12353,12660,12958,13196,13426,13679,13894,14121,14327,14526,14709,14875,15019,15158,15294,15419,15538,15634,15720,15817,15898,15969,16029,16106,16170,16232,16268,16310,16360,16383,16396,16396,
"US","NYC Probable",8399000,,,,,,,,,,,,,,,,,,,,,,,,,,,,,,,,,,,,,,,,,,,,,,,,,,1,,,4,9,19,30,54,80,129,180,233,327,433,572,798,1054,1374,1728,2137,2598,3133,3790,4446,5127,5872,6664,7477,8225,8955,9656,10352,11082,11818,12466,13007,13546,14004,14482,14948,15393,15795,16173,16562,16919,17211,17495,17800,18046,18312,18558,18798,19015,19212,19395,19552,19720,19868,20012,20119,20223,20335,20430,20510,20591,20686,20778,20859,20915,20971,21044,21088,21137,21143,
"US","California",39512223,0,0,0,0,0,0,0,0,0,0,0,0,0,0,0,0,0,0,0,0,0,0,0,0,0,0,0,0,0,0,0,0,0,0,0,0,0,0,0,0,0,0,1,1,1,1,1,1,2,3,4,4,5,6,7,12,13,18,23,24,30,39,50,65,81,94,110,124,146,173,199,238,265,289,348,380,432,495,544,583,604,640,714,767,860,956,1037,1140,1177,1225,1282,1421,1533,1621,1689,1725,1779,1864,1946,2031,2126,2180,2216,2278,2381,2464,2535,2613,2687,2716,2779,2879,2957,3052,3136,3208,3240,3279,3403,3497,3583,3666,3738,3754
"US","Texas",28995881,0,0,0,0,0,0,0,0,0,0,0,0,0,0,0,0,0,0,0,0,0,0,0,0,0,0,0,0,0,0,0,0,0,0,0,0,0,0,0,0,0,0,0,0,0,0,0,0,0,0,0,0,0,0,0,1,3,5,5,5,7,9,12,15,21,26,30,37,45,54,66,77,100,116,136,150,160,189,210,238,266,283,305,342,375,414,451,476,490,507,533,556,604,624,638,651,666,719,754,812,840,863,878,901,925,954,985,1025,1066,1094,1117,1146,1172,1235,1280,1318,1343,1350,1388,1426,1460,1470,1478,1528
"US","Florida",21477737,0,0,0,0,0,0,0,0,0,0,0,0,0,0,0,0,0,0,0,0,0,0,0,0,0,0,0,0,0,0,0,0,0,0,0,0,0,0,0,0,0,0,0,0,0,0,2,2,2,2,2,2,3,4,5,6,7,9,10,13,13,18,18,23,29,35,54,56,63,85,87,164,170,195,221,236,283,309,354,390,438,461,499,571,596,668,725,748,774,822,867,893,987,1046,1055,1075,1088,1171,1218,1268,1314,1364,1379,1399,1471,1539,1600,1669,1715,1721,1735,1779,1827,1875,1917,1964,1973,1997,2052,2096,2144,2190,2233,2237
"US","New York",19453561,0,0,0,0,0,0,0,0,0,0,0,0,0,0,0,0,0,0,0,0,0,0,0,0,0,0,0,0,0,0,0,0,0,0,0,0,0,0,0,0,0,0,0,0,0,0,0,0,0,0,0,0,2,3,10,13,16,34,42,60,117,158,210,285,385,527,728,965,1218,1550,1941,2373,2935,3565,4159,4698,5489,6268,7067,7867,8627,9385,10058,10842,11617,14832,17131,17671,18298,18611,19104,19413,20973,21411,22009,22269,22668,22912,23477,23587,24039,24198,24708,24999,25124,25623,26144,26243,26612,26641,26988,27284,27477,27641,27878,28049,28232,28339,28558,28636,28743,28853,29031,29141
"US","Pennsylvania",12801989,0,0,0,0,0,0,0,0,0,0,0,0,0,0,0,0,0,0,0,0,0,0,0,0,0,0,0,0,0,0,0,0,0,0,0,0,0,0,0,0,0,0,0,0,0,0,0,0,0,0,0,0,0,0,0,0,0,1,1,2,4,6,8,15,18,22,34,41,50,63,74,90,102,136,151,179,247,318,345,418,503,557,589,691,779,841,921,1042,1276,1348,1614,1673,1724,1747,1793,1816,1886,2046,2373,2475,2635,2695,2720,2838,3179,3345,3589,3715,3779,3806,3832,3914,4094,4288,4422,4480,4495,4515,4628,4770,4869,5010,5112,5136
"US","Illinois",12671821,0,0,0,0,0,0,0,0,0,0,0,0,0,0,0,0,0,0,0,0,0,0,0,0,0,0,0,0,0,0,0,0,0,0,0,0,0,0,0,0,0,0,0,0,0,0,0,0,0,0,0,0,0,0,0,1,1,4,5,6,9,12,16,19,26,34,47,66,73,99,141,163,210,244,274,307,308,462,462,597,677,720,798,868,949,1072,1132,1259,1290,1349,1468,1565,1688,1795,1875,1933,1983,2125,2215,2355,2457,2559,2618,2659,2834,2974,3111,3241,3349,3406,3459,3601,3792,3928,4059,4129,4177,4234,4379,4525,4607,4715,4790,4856
"US","Ohio",11689100,0,0,0,0,0,0,0,0,0,0,0,0,0,0,0,0,0,0,0,0,0,0,0,0,0,0,0,0,0,0,0,0,0,0,0,0,0,0,0,0,0,0,0,0,0,0,0,0,0,0,0,0,0,0,0,0,0,0,2,3,3,6,8,11,15,19,25,29,40,55,65,81,91,102,119,142,167,193,213,231,247,253,274,324,362,407,418,451,471,509,557,610,656,690,711,728,753,799,937,976,1003,1022,1039,1057,1135,1225,1271,1306,1331,1341,1357,1436,1483,1534,1581,1610,1625,1657,1720,1781,1837,1872,1956,1969
"US","Georgia US",10617423,0,0,0,0,0,0,0,0,0,0,0,0,0,0,0,0,0,0,0,0,0,0,0,0,0,0,0,0,0,0,0,0,0,0,0,0,0,0,0,0,0,0,0,0,0,0,0,0,0,0,1,1,1,1,1,1,3,10,13,14,25,25,32,40,48,64,69,80,87,111,139,163,184,201,211,229,329,362,379,416,429,433,465,525,552,587,650,673,687,775,798,848,881,899,907,916,995,1036,1101,1132,1169,1177,1184,1246,1299,1327,1355,1400,1403,1406,1444,1498,1517,1545,1588,1598,1610,1649,1675,1697,1775,1808,1822,1827
"US","North Carolina",10488084,0,0,0,0,0,0,0,0,0,0,0,0,0,0,0,0,0,0,0,0,0,0,0,0,0,0,0,0,0,0,0,0,0,0,0,0,0,0,0,0,0,0,0,0,0,0,0,0,0,0,0,0,0,0,0,0,0,0,0,0,0,0,0,2,3,4,5,7,7,12,14,21,27,34,38,45,53,66,76,83,89,89,94,112,130,150,177,187,200,218,245,265,281,294,305,324,340,363,382,406,419,431,434,442,472,492,513,530,551,564,575,600,625,641,667,676,686,693,693,726,728,775,778,784
"US","Michigan",9986857,0,0,0,0,0,0,0,0,0,0,0,0,0,0,0,0,0,0,0,0,0,0,0,0,0,0,0,0,0,0,0,0,0,0,0,0,0,0,0,0,0,0,0,0,0,0,0,0,0,0,0,0,0,0,0,0,0,3,3,5,9,15,24,43,61,92,111,132,184,259,335,417,479,540,617,727,845,959,1076,1276,1384,1479,1602,1768,1921,1996,2227,2308,2391,2468,2575,2813,2977,3085,3155,3315,3407,3568,3670,3789,3866,4021,4053,4139,4183,4256,4345,4399,4530,4555,4584,4674,4714,4787,4825,4881,4891,4915,5017,5060,5129,5158,5223,5228
"US","New Jersey",8882190,0,0,0,0,0,0,0,0,0,0,0,0,0,0,0,0,0,0,0,0,0,0,0,0,0,0,0,0,0,0,0,0,0,0,0,0,0,0,0,0,0,0,0,0,0,0,0,0,1,1,1,1,1,2,2,3,3,9,11,16,20,27,44,62,81,108,140,161,198,267,355,537,646,846,917,1003,1232,1504,1709,1932,2183,2350,2443,2805,3156,3518,3840,4070,4362,4496,4753,5150,5426,5683,5914,5938,6044,6442,6771,7228,7538,7742,7871,7910,8244,8549,8807,8960,9116,9256,9340,9531,9714,9946,10148,10261,10363,10439,10587,10749,10846,10985,11082,11138
"US","Virginia",8535519,0,0,0,0,0,0,0,0,0,0,0,0,0,0,0,0,0,0,0,0,0,0,0,0,0,0,0,0,0,0,0,0,0,0,0,0,0,0,0,0,0,0,0,0,0,0,0,0,0,0,0,0,1,1,1,2,2,2,2,2,6,6,9,9,10,10,13,20,15,27,34,41,46,52,52,66,66,66,109,121,130,141,149,154,195,208,231,258,277,300,324,349,373,411,437,449,460,492,522,552,581,617,660,684,713,713,769,812,827,839,850,892,928,956,978,1003,1010,1015,1042,1075,1100,1136,1159,1171
"US","Washington",7614893,0,0,0,0,0,0,0,0,0,0,0,0,0,0,0,0,0,0,0,0,0,0,0,0,0,0,0,0,0,0,0,0,0,0,0,0,0,0,0,1,6,7,10,11,13,16,18,19,23,29,31,37,37,40,48,55,55,74,83,94,97,109,116,133,150,157,188,198,205,225,234,271,291,315,336,381,400,426,456,483,495,506,513,530,552,579,603,613,636,643,664,686,711,722,737,749,764,786,801,814,824,830,834,841,862,870,891,905,921,931,945,962,974,983,991,999,1001,1002,1031,1037,1044,1050,1050,1061
"US","Arizona",7278717,0,0,0,0,0,0,0,0,0,0,0,0,0,0,0,0,0,0,0,0,0,0,0,0,0,0,0,0,0,0,0,0,0,0,0,0,0,0,0,0,0,0,0,0,0,0,0,0,0,0,0,0,0,0,0,0,0,0,0,1,2,2,5,6,8,13,15,17,20,24,29,32,41,52,64,65,73,80,89,97,108,115,122,131,142,150,169,180,184,191,208,231,249,266,273,275,275,275,308,320,330,330,362,362,395,426,450,517,532,536,542,562,595,624,651,679,680,687,705,747,764,775,801,801
"US","Massachusetts",6949503,0,0,0,0,0,0,0,0,0,0,0,0,0,0,0,0,0,0,0,0,0,0,0,0,0,0,0,0,0,0,0,0,0,0,0,0,0,0,0,0,0,0,0,0,0,0,0,0,0,0,0,0,0,0,0,0,0,0,1,1,5,9,11,15,25,35,44,48,56,89,122,154,192,216,231,260,356,433,503,599,686,756,844,844,1108,1108,1245,1404,1706,1706,1961,2182,2360,2556,2730,2899,3003,3153,3405,3562,3716,3846,4004,4090,4212,4420,4552,4702,4840,4979,5108,5141,5315,5482,5592,5705,5797,5862,5938,6066,6148,6228,6304,6372
"US","Tennessee",6833174,0,0,0,0,0,0,0,0,0,0,0,0,0,0,0,0,0,0,0,0,0,0,0,0,0,0,0,0,0,0,0,0,0,0,0,0,0,0,0,0,0,0,0,0,0,0,0,0,0,0,0,0,0,0,0,0,0,0,0,1,2,2,2,3,3,6,7,8,14,23,24,36,41,50,53,65,72,80,94,98,106,106,109,124,124,136,141,142,148,152,157,157,171,169,177,181,184,188,195,199,204,209,210,219,226,239,238,242,242,243,251,266,273,287,290,295,298,301,305,305,313,315,329,336
"US","Indiana",6732219,0,0,0,0,0,0,0,0,0,0,0,0,0,0,0,0,0,0,0,0,0,0,0,0,0,0,0,0,0,0,0,0,0,0,0,0,0,0,0,0,0,0,0,0,0,0,0,0,0,0,0,0,0,0,1,2,2,2,2,4,6,7,12,14,17,25,31,32,35,49,65,78,102,116,127,143,173,203,245,300,330,343,350,387,436,477,522,545,562,577,635,666,706,741,786,813,844,901,964,1114,1175,1115,1132,1151,1211,1377,1414,1447,1490,1508,1540,1578,1619,1646,1691,1741,1751,1765,1824,1864,1913,1941,1964,1976
"US","Missouri",6137428,0,0,0,0,0,0,0,0,0,0,0,0,0,0,0,0,0,0,0,0,0,0,0,0,0,0,0,0,0,0,0,0,0,0,0,0,0,0,0,0,0,0,0,0,0,0,0,0,0,0,0,0,0,0,0,0,0,1,2,3,3,4,7,8,9,9,10,13,13,15,18,22,25,33,44,47,65,86,93,99,116,118,123,149,153,169,184,197,199,200,224,238,252,272,281,283,343,330,338,350,360,376,381,386,409,428,449,483,494,503,514,529,551,566,581,594,600,611,631,640,668,677,682,686
"US","Maryland",6045680,0,0,0,0,0,0,0,0,0,0,0,0,0,0,0,0,0,0,0,0,0,0,0,0,0,0,0,0,0,0,0,0,0,0,0,0,0,0,0,0,0,0,0,0,0,0,0,0,0,0,0,0,0,0,0,0,0,1,1,2,3,3,4,4,4,5,5,10,15,18,31,36,43,54,67,91,103,124,138,171,206,236,262,302,311,319,334,421,461,582,652,698,748,798,875,910,945,1016,1078,1140,1080,1251,1281,1317,1390,1437,1503,1560,1614,1644,1683,1756,1809,1866,1911,1957,1992,2023,2081,2123,2159,2207,2243,2277
"US","Wisconsin",5822434,0,0,0,0,0,0,0,0,0,0,0,0,0,0,0,0,0,0,0,0,0,0,0,0,0,0,0,0,0,0,0,0,0,0,0,0,0,0,0,0,0,0,0,0,0,0,0,0,0,0,0,0,0,0,0,0,0,0,3,4,4,5,5,7,10,14,17,18,20,25,27,38,51,54,74,78,92,100,111,128,137,144,154,170,183,197,206,212,220,230,244,248,258,263,266,272,281,300,308,316,327,334,339,340,353,362,374,384,398,400,409,418,421,434,445,453,453,459,467,481,487,496,507,510
"US","Colorado",5758736,0,0,0,0,0,0,0,0,0,0,0,0,0,0,0,0,0,0,0,0,0,0,0,0,0,0,0,0,0,0,0,0,0,0,0,0,0,0,0,0,0,0,0,0,0,0,0,0,0,0,0,0,1,1,1,2,2,4,4,4,6,7,8,16,19,27,31,47,47,69,69,80,97,111,140,150,179,193,193,226,250,289,306,327,328,355,372,389,420,420,483,506,552,674,684,688,706,736,766,777,821,832,842,851,903,919,944,960,967,971,987,1010,1062,1086,1150,1192,1215,1224,1257,1299,1310,1324,1327,1332
"US","Minnesota",5639632,0,0,0,0,0,0,0,0,0,0,0,0,0,0,0,0,0,0,0,0,0,0,0,0,0,0,0,0,0,0,0,0,0,0,0,0,0,0,0,0,0,0,0,0,0,0,0,0,0,0,0,0,0,0,0,0,0,0,0,1,1,1,1,1,2,4,5,9,10,12,17,18,22,24,29,30,34,39,50,57,64,70,70,79,87,87,111,121,134,143,160,179,200,221,244,272,286,301,319,343,370,394,418,427,455,485,508,534,558,578,591,614,638,672,692,709,731,740,757,786,818,851,861,878
"US","South Carolina",5148714,0,0,0,0,0,0,0,0,0,0,0,0,0,0,0,0,0,0,0,0,0,0,0,0,0,0,0,0,0,0,0,0,0,0,0,0,0,0,0,0,0,0,0,0,0,0,0,0,0,0,0,0,0,0,1,1,1,1,1,3,3,5,5,7,9,13,15,16,18,22,26,31,34,40,44,48,51,51,67,72,80,82,82,97,106,111,116,119,120,123,124,140,150,157,166,174,177,192,231,244,256,267,275,283,296,305,316,320,330,331,346,355,362,371,380,380,385,391,399,407,416,419,425,435
"US","Alabama",4903185,0,0,0,0,0,0,0,0,0,0,0,0,0,0,0,0,0,0,0,0,0,0,0,0,0,0,0,0,0,0,0,0,0,0,0,0,0,0,0,0,0,0,0,0,0,0,0,0,0,0,0,0,0,0,0,0,0,0,0,0,0,0,0,1,1,4,4,10,10,23,27,32,38,44,45,49,64,66,70,80,92,93,99,114,118,133,148,153,157,163,183,196,202,209,209,219,228,242,256,272,289,288,290,298,315,343,369,383,390,393,403,435,450,473,483,485,488,489,504,522,529,541,549,551
"US","Louisiana",4648794,0,0,0,0,0,0,0,0,0,0,0,0,0,0,0,0,0,0,0,0,0,0,0,0,0,0,0,0,0,0,0,0,0,0,0,0,0,0,0,0,0,0,0,0,0,0,0,0,0,0,0,0,1,2,3,4,4,10,14,16,20,35,46,65,83,119,137,151,185,239,273,310,370,409,477,512,582,652,702,755,806,840,884,1013,1103,1156,1213,1267,1296,1328,1405,1473,1599,1660,1707,1729,1740,1801,1845,1905,1970,1993,2012,2064,2115,2167,2208,2227,2267,2286,2308,2347,2381,2417,2448,2479,2491,2563,2581,2608,2629,2668,2668,2691
"US","Kentucky",4467673,0,0,0,0,0,0,0,0,0,0,0,0,0,0,0,0,0,0,0,0,0,0,0,0,0,0,0,0,0,0,0,0,0,0,0,0,0,0,0,0,0,0,0,0,0,0,0,0,0,0,0,0,0,0,1,1,1,2,2,3,3,4,4,5,5,7,9,9,11,11,18,31,34,40,45,45,65,65,73,90,90,97,113,106,115,129,137,144,146,154,171,185,191,200,205,208,213,225,234,240,246,248,253,261,275,283,294,298,304,304,311,321,321,328,332,334,334,346,366,376,386,391,391,391
"US","Oregon",4217737,0,0,0,0,0,0,0,0,0,0,0,0,0,0,0,0,0,0,0,0,0,0,0,0,0,0,0,0,0,0,0,0,0,0,0,0,0,0,0,0,0,0,0,0,0,0,0,0,0,0,0,0,0,1,1,1,2,3,3,5,5,5,8,10,11,12,13,13,16,18,19,21,22,22,27,27,29,33,44,44,48,52,53,55,58,64,70,72,74,75,78,78,83,86,87,92,92,99,101,103,104,109,109,109,113,115,121,124,127,127,130,130,134,137,137,137,137,138,140,144,145,147,147,148
"US","Oklahoma",3956971,0,0,0,0,0,0,0,0,0,0,0,0,0,0,0,0,0,0,0,0,0,0,0,0,0,0,0,0,0,0,0,0,0,0,0,0,0,0,0,0,0,0,0,0,0,0,0,0,0,0,0,0,0,0,0,0,0,1,1,1,2,2,3,5,7,8,15,16,16,23,30,34,38,42,46,51,67,79,80,88,94,96,99,108,123,131,136,136,140,143,164,170,179,188,194,195,197,207,214,222,230,238,238,238,247,253,260,266,270,272,274,278,278,284,285,288,288,288,293,299,304,307,311,311
"US","Connecticut",3565287,0,0,0,0,0,0,0,0,0,0,0,0,0,0,0,0,0,0,0,0,0,0,0,0,0,0,0,0,0,0,0,0,0,0,0,0,0,0,0,0,0,0,0,0,0,0,0,0,0,0,0,0,0,0,0,0,0,2,3,4,8,10,12,19,21,27,33,34,36,69,85,112,131,165,189,206,277,326,380,448,494,554,602,671,868,971,1036,1086,1127,1331,1423,1544,1639,1767,1865,1924,2012,2087,2169,2257,2339,2436,2436,2556,2633,2718,2797,2874,2932,2967,3008,3041,3125,3219,3285,3339,3408,3450,3472,3529,3583,3637,3675,3693
"US","Utah",3205958,0,0,0,0,0,0,0,0,0,0,0,0,0,0,0,0,0,0,0,0,0,0,0,0,0,0,0,0,0,0,0,0,0,0,0,0,0,0,0,0,0,0,0,0,0,0,0,0,0,0,0,0,0,0,0,0,0,0,0,0,1,1,1,1,1,1,1,2,4,5,5,7,7,8,8,13,13,13,13,17,18,18,13,18,20,20,23,25,27,28,32,32,35,39,41,41,41,41,45,46,46,49,50,50,56,58,61,61,66,67,68,73,75,75,77,78,80,80,88,90,92,93,97,97
"US","Puerto Rico",3193694,0,0,0,0,0,0,0,0,0,0,0,0,0,0,0,0,0,0,0,0,0,0,0,0,0,0,0,0,0,0,0,0,0,0,0,0,0,0,0,0,0,0,0,0,0,0,0,0,0,0,0,0,0,0,0,0,0,0,0,1,1,2,2,2,2,3,3,3,6,8,11,12,15,18,20,21,23,24,33,39,42,44,45,45,51,56,58,60,62,63,64,63,69,77,83,84,84,86,86,92,94,95,97,97,99,99,102,107,108,111,113,114,115,117,122,122,123,124,124,125,126,126,127,127
"US","Iowa",3155070,0,0,0,0,0,0,0,0,0,0,0,0,0,0,0,0,0,0,0,0,0,0,0,0,0,0,0,0,0,0,0,0,0,0,0,0,0,0,0,0,0,0,0,0,0,0,0,0,0,0,0,0,0,0,0,0,0,0,0,0,0,0,0,1,1,3,3,4,6,7,9,11,11,14,18,25,25,27,29,31,34,41,41,49,53,60,64,74,75,79,83,90,96,107,112,118,127,136,148,162,170,175,184,188,207,219,231,243,252,265,271,289,306,318,336,346,351,355,367,393,410,424,446,456
"US","Nevada",3080156,0,0,0,0,0,0,0,0,0,0,0,0,0,0,0,0,0,0,0,0,0,0,0,0,0,0,0,0,0,0,0,0,0,0,0,0,0,0,0,0,0,0,0,0,0,0,0,0,0,0,0,0,0,0,1,1,1,1,1,2,2,4,4,6,10,10,10,15,15,26,31,38,43,46,46,46,72,72,81,90,102,112,114,126,131,137,142,151,158,159,163,172,195,197,205,206,206,219,230,243,246,255,258,265,270,289,297,294,313,310,312,321,331,333,343,347,350,358,358,377,383,386,387,380
"US","Arkansas",3017825,0,0,0,0,0,0,0,0,0,0,0,0,0,0,0,0,0,0,0,0,0,0,0,0,0,0,0,0,0,0,0,0,0,0,0,0,0,0,0,0,0,0,0,0,0,0,0,0,0,0,0,0,0,0,0,0,0,0,0,0,0,0,2,2,2,3,5,6,7,8,10,12,12,14,16,16,18,18,21,21,25,27,29,32,33,37,37,38,39,41,42,42,45,47,48,51,51,57,57,61,64,72,76,80,83,87,87,88,88,91,94,95,97,98,98,98,98,100,102,107,110,113,115,116
"US","Mississippi",2976149,0,0,0,0,0,0,0,0,0,0,0,0,0,0,0,0,0,0,0,0,0,0,0,0,0,0,0,0,0,0,0,0,0,0,0,0,0,0,0,0,0,0,0,0,0,0,0,0,0,0,0,0,0,0,0,0,0,1,1,1,1,1,1,3,6,8,13,14,16,20,22,26,29,35,43,51,60,67,76,82,93,96,98,111,122,129,140,152,159,169,183,193,201,209,221,227,229,239,250,261,281,291,303,310,342,374,396,409,421,430,435,457,465,480,493,510,521,527,554,570,580,595,616,625
"US","Kansas",2913314,0,0,0,0,0,0,0,0,0,0,0,0,0,0,0,0,0,0,0,0,0,0,0,0,0,0,0,0,0,0,0,0,0,0,0,0,0,0,0,0,0,0,0,0,0,0,0,0,0,0,0,1,1,1,1,1,1,1,1,2,2,2,2,3,3,4,4,7,8,9,10,12,18,21,22,25,29,34,42,42,55,56,62,69,71,80,82,85,93,102,109,112,113,118,120,121,126,127,134,134,140,142,144,156,161,164,165,168,174,174,180,184,188,189,193,195,195,198,199,202,204,205,205,205
"US","New Mexico",2096829,0,0,0,0,0,0,0,0,0,0,0,0,0,0,0,0,0,0,0,0,0,0,0,0,0,0,0,0,0,0,0,0,0,0,0,0,0,0,0,0,0,0,0,0,0,0,0,0,0,0,0,0,0,0,0,0,0,0,0,0,0,0,0,1,1,1,1,2,2,4,5,6,10,10,12,12,13,13,16,17,19,26,26,31,36,36,44,53,55,58,58,71,78,84,93,99,99,105,112,123,131,138,151,156,162,169,172,181,191,200,208,219,231,242,253,259,265,270,276,283,294,302,302,317
"US","Nebraska",1934408,0,0,0,0,0,0,0,0,0,0,0,0,0,0,0,0,0,0,0,0,0,0,0,0,0,0,0,0,0,0,0,0,0,0,0,0,0,0,0,0,0,0,0,0,0,0,0,0,0,0,0,0,0,0,0,0,0,0,0,0,0,0,0,0,0,0,2,2,2,3,4,5,6,6,8,9,10,12,14,15,17,17,17,20,20,21,24,24,28,33,33,38,47,50,50,56,56,56,56,70,73,73,78,78,78,78,91,90,90,90,98,100,103,103,113,123,123,123,123,138,138,147,147,147
"US","West Virginia",1792147,0,0,0,0,0,0,0,0,0,0,0,0,0,0,0,0,0,0,0,0,0,0,0,0,0,0,0,0,0,0,0,0,0,0,0,0,0,0,0,0,0,0,0,0,0,0,0,0,0,0,0,0,0,0,0,0,0,0,0,0,0,0,0,0,0,0,0,0,1,1,1,2,2,2,3,4,4,4,5,5,5,6,8,9,10,12,16,16,18,24,26,27,31,32,32,34,34,38,38,41,46,48,48,48,48,50,51,52,52,54,54,58,58,60,64,64,67,68,68,69,70,72,72,72
"US","Idaho",1787065,0,0,0,0,0,0,0,0,0,0,0,0,0,0,0,0,0,0,0,0,0,0,0,0,0,0,0,0,0,0,0,0,0,0,0,0,0,0,0,0,0,0,0,0,0,0,0,0,0,0,0,0,0,0,0,0,0,0,0,0,0,0,0,0,3,3,4,5,6,8,9,9,9,10,10,10,13,15,18,24,25,27,27,33,39,41,41,43,44,45,48,51,54,54,56,56,56,60,60,60,63,64,64,64,65,66,67,67,67,67,70,69,69,72,72,73,73,74,74,77,77,79,79,79
"US","Hawaii",1415872,0,0,0,0,0,0,0,0,0,0,0,0,0,0,0,0,0,0,0,0,0,0,0,0,0,0,0,0,0,0,0,0,0,0,0,0,0,0,0,0,0,0,0,0,0,0,0,0,0,0,0,0,0,0,0,0,0,0,0,0,0,0,1,0,0,0,0,0,0,0,1,1,3,3,4,5,5,5,6,6,8,9,9,9,9,9,9,9,10,10,10,12,12,13,13,14,16,16,16,16,16,16,17,17,17,17,17,17,17,17,17,17,17,17,17,17,17,17,17,17,17,17,17,17
"US","New Hampshire",1359711,0,0,0,0,0,0,0,0,0,0,0,0,0,0,0,0,0,0,0,0,0,0,0,0,0,0,0,0,0,0,0,0,0,0,0,0,0,0,0,0,0,0,0,0,0,0,0,0,0,0,0,0,0,0,0,0,0,0,0,0,0,1,1,1,1,1,2,2,3,3,3,3,5,7,9,9,9,13,21,21,22,23,23,25,32,32,37,38,38,42,42,48,51,53,53,60,60,60,60,72,81,84,86,86,92,92,114,121,131,133,133,142,150,151,151,171,172,172,172,190,199,204,208,209
"US","Maine",1344212,0,0,0,0,0,0,0,0,0,0,0,0,0,0,0,0,0,0,0,0,0,0,0,0,0,0,0,0,0,0,0,0,0,0,0,0,0,0,0,0,0,0,0,0,0,0,0,0,0,0,0,0,0,0,0,0,0,0,0,0,0,0,0,0,0,1,1,3,3,5,5,7,9,10,10,10,12,14,16,17,19,19,19,20,24,27,29,32,34,35,36,39,44,47,47,50,51,51,52,53,55,56,57,57,61,62,62,63,64,64,65,65,66,69,69,70,70,71,73,73,73,75,77,78
"US","Montana",1068778,0,0,0,0,0,0,0,0,0,0,0,0,0,0,0,0,0,0,0,0,0,0,0,0,0,0,0,0,0,0,0,0,0,0,0,0,0,0,0,0,0,0,0,0,0,0,0,0,0,0,0,0,0,0,0,0,0,0,0,0,0,0,0,0,0,1,1,1,5,5,6,6,5,6,6,6,6,6,6,6,6,6,7,7,7,7,8,10,10,10,12,14,14,14,14,14,14,15,16,16,16,16,16,16,16,16,16,16,16,16,16,16,16,16,16,16,16,16,16,16,16,16,16,16
"US","Rhode Island",1059361,0,0,0,0,0,0,0,0,0,0,0,0,0,0,0,0,0,0,0,0,0,0,0,0,0,0,0,0,0,0,0,0,0,0,0,0,0,0,0,0,0,0,0,0,0,0,0,0,0,0,0,0,0,0,0,0,0,0,0,0,0,0,0,0,0,0,2,3,4,8,10,12,14,17,25,27,30,35,43,43,56,63,63,80,80,87,118,137,150,155,171,181,189,202,215,226,233,239,251,266,279,296,320,341,355,370,388,399,418,422,430,444,462,468,479,489,499,506,532,538,556,579,597,608
"US","Delaware",973764,0,0,0,0,0,0,0,0,0,0,0,0,0,0,0,0,0,0,0,0,0,0,0,0,0,0,0,0,0,0,0,0,0,0,0,0,0,0,0,0,0,0,0,0,0,0,0,0,0,0,0,0,0,0,0,0,0,0,0,0,0,0,0,0,1,2,5,6,6,10,11,12,14,14,14,15,16,19,23,32,33,35,41,43,46,55,61,67,67,72,82,89,92,100,112,120,125,137,144,152,159,168,177,182,187,193,202,213,221,221,225,237,247,260,271,286,290,297,304,310,317,322,322,326
"US","South Dakota",884659,0,0,0,0,0,0,0,0,0,0,0,0,0,0,0,0,0,0,0,0,0,0,0,0,0,0,0,0,0,0,0,0,0,0,0,0,0,0,0,0,0,0,0,0,0,0,0,0,0,1,1,1,1,1,1,1,1,1,1,1,1,1,1,1,1,1,1,1,1,1,2,2,2,2,2,4,6,6,6,6,6,6,6,6,6,7,7,7,7,7,8,9,9,10,10,11,11,11,13,17,21,21,21,21,24,29,31,31,34,34,34,39,39,43,44,44,44,44,46,46,48,50,50,50
"US","North Dakota",762062,0,0,0,0,0,0,0,0,0,0,0,0,0,0,0,0,0,0,0,0,0,0,0,0,0,0,0,0,0,0,0,0,0,0,0,0,0,0,0,0,0,0,0,0,0,0,0,0,0,0,0,0,0,0,0,0,0,0,0,0,0,0,0,0,0,1,1,1,2,3,3,3,3,3,3,3,4,4,5,6,7,7,8,8,9,9,9,9,9,9,13,14,15,15,16,17,19,19,19,19,23,24,25,25,25,31,31,33,35,35,36,38,40,40,42,42,43,44,45,49,51,52,52,53
"US","Alaska",731545,0,0,0,0,0,0,0,0,0,0,0,0,0,0,0,0,0,0,0,0,0,0,0,0,0,0,0,0,0,0,0,0,0,0,0,0,0,0,0,0,0,0,0,0,0,0,0,0,0,0,0,0,0,0,0,0,0,0,0,0,0,0,0,1,1,1,2,2,3,3,3,3,3,5,6,6,6,7,7,7,8,8,8,9,9,9,9,9,9,9,9,9,9,9,9,9,9,9,9,9,9,9,9,9,9,10,10,10,10,10,10,10,10,10,10,10,10,10,10,10,10,10,10,10
"US","District of Columbia",705749,0,0,0,0,0,0,0,0,0,0,0,0,0,0,0,0,0,0,0,0,0,0,0,0,0,0,0,0,0,0,0,0,0,0,0,0,0,0,0,0,0,0,0,0,0,0,0,0,0,0,0,0,0,0,0,0,0,0,1,1,2,2,2,2,3,3,4,5,9,9,9,12,15,21,22,24,22,27,32,38,47,50,52,67,72,81,86,91,96,105,112,127,139,153,165,178,185,190,205,224,231,240,251,258,264,277,285,304,311,323,328,336,350,358,368,375,383,392,400,407,412,418,427,432
"US","Vermont",623989,0,0,0,0,0,0,0,0,0,0,0,0,0,0,0,0,0,0,0,0,0,0,0,0,0,0,0,0,0,0,0,0,0,0,0,0,0,0,0,0,0,0,0,0,0,0,0,0,0,0,0,0,0,0,0,0,0,0,2,2,2,5,7,8,9,10,12,12,12,13,16,17,17,20,22,23,23,23,23,24,25,27,28,29,29,33,35,38,38,38,40,40,43,44,46,46,47,47,47,49,50,51,53,52,52,52,53,53,53,53,53,53,53,53,53,53,54,54,54,54,54,54,54,54
"US","Wyoming",578759,0,0,0,0,0,0,0,0,0,0,0,0,0,0,0,0,0,0,0,0,0,0,0,0,0,0,0,0,0,0,0,0,0,0,0,0,0,0,0,0,0,0,0,0,0,0,0,0,0,0,0,0,0,0,0,0,0,0,0,0,0,0,0,0,0,0,0,0,0,0,0,0,0,0,0,0,0,0,0,0,0,0,1,1,1,2,2,2,2,2,2,6,7,7,7,7,7,7,7,7,7,7,7,7,7,7,7,7,7,7,7,7,7,7,7,7,8,10,10,11,12,12,12,12
"US","Guam",165718,0,0,0,0,0,0,0,0,0,0,0,0,0,0,0,0,0,0,0,0,0,0,0,0,0,0,0,0,0,0,0,0,0,0,0,0,0,0,0,0,0,0,0,0,0,0,0,0,0,0,0,0,0,0,0,0,0,0,0,0,1,1,1,1,1,1,1,1,1,2,3,3,4,4,4,4,4,4,4,4,5,5,5,5,5,5,5,5,5,5,5,5,5,5,5,5,5,5,5,5,5,5,5,5,5,5,5,5,5,5,5,5,5,5,5,5,5,5,5,5,5,5,5,5
"US","Virgin Islands",104914,0,0,0,0,0,0,0,0,0,0,0,0,0,0,0,0,0,0,0,0,0,0,0,0,0,0,0,0,0,0,0,0,0,0,0,0,0,0,0,0,0,0,0,0,0,0,0,0,0,0,0,0,0,0,0,0,0,0,0,0,0,0,0,0,0,0,0,0,0,0,0,0,0,0,1,1,1,1,1,1,1,1,1,1,1,1,2,3,3,3,3,3,3,3,3,4,4,4,4,4,4,4,4,4,4,4,4,4,4,4,5,6,6,6,6,6,6,6,6,6,6,6,6,6
"US","American Samoa",55641,0,0,0,0,0,0,0,0,0,0,0,0,0,0,0,0,0,0,0,0,0,0,0,0,0,0,0,0,0,0,0,0,0,0,0,0,0,0,0,0,0,0,0,0,0,0,0,0,0,0,0,0,0,0,0,0,0,0,0,0,0,0,0,0,0,0,0,0,0,0,0,0,0,0,0,0,0,0,0,0,0,0,0,0,0,0,0,0,0,0,0,0,0,0,0,0,0,0,0,0,0,0,0,0,0,0,0,0,0,0,0,0,0,0,0,0,0,0,0,0,0,0,0,0
"US","Northern Mariana Islands",55194,0,0,0,0,0,0,0,0,0,0,0,0,0,0,0,0,0,0,0,0,0,0,0,0,0,0,0,0,0,0,0,0,0,0,0,0,0,0,0,0,0,0,0,0,0,0,0,0,0,0,0,0,0,0,0,0,0,0,0,0,0,0,0,0,0,0,0,0,0,0,1,1,1,1,1,1,2,2,2,2,2,2,2,2,2,2,2,2,2,2,2,2,2,2,2,2,2,2,2,2,2,2,2,2,2,2,2,2,2,2,2,2,2,2,2,2,2,2,2,2,2,2,2,2
"Spain","Andalusia",8388875,,,,,,,,,,,,,,,,,,,,,,,,,,,,,,,,,,,,,,,,,,,0,0,0,0,0,0,0,0,0,0,2,6,7,11,19,23,30,40,47,58,87,113,134,144,175,207,236,248,308,343,376,426,470,491,528,605,652,691,737,799,815,836,865,912,940,967,993,1013,1017,1050,1079,1107,1131,1145,1157,1168,1188,1207,1238,1253,1256,1263,1267,1281,1294,1301,1317,1320,1322,1326,1332,1336,1344,1355,1358,1358,1367,1371,1375,1377,1389,1391
"Spain","Aragon",1311301,,,,,,,,,,,,,,,,,,,,,,,,,,,,,,,,,,,,,,,,,,,0,0,1,1,2,3,4,4,6,7,7,7,11,12,13,15,17,22,24,32,37,40,48,58,93,104,106,138,169,200,224,251,270,284,312,349,385,409,425,450,464,492,514,543,562,601,619,637,643,656,681,695,709,712,726,735,736,739,749,761,761,762,770,788,800,815,823,824,825,828,829,836,837,838,838,838,843,847,848,858,858,858
"Spain","Asturias",1058975,,,,,,,,,,,,,,,,,,,,,,,,,,,,,,,,,,,,,,,,,,,0,0,0,0,0,0,0,0,0,1,2,2,2,2,2,2,4,7,12,22,26,29,29,39,44,47,59,66,75,76,80,83,87,93,101,107,113,129,134,150,157,165,172,176,186,190,197,199,203,211,222,228,235,243,248,252,259,263,264,270,270,274,275,278,279,280,280,283,288,290,292,293,298,299,299,301,303,304,307,307,307,308
"Spain","Balearic Islands",1115841,,,,,,,,,,,,,,,,,,,,,,,,,,,,,,,,,,,,,,,,,,,0,0,0,0,0,0,0,0,1,1,1,1,1,1,1,2,2,4,4,10,10,13,17,22,26,29,37,42,46,58,69,71,75,81,84,89,89,97,102,112,117,118,125,131,134,148,155,157,161,164,168,172,174,175,179,181,185,188,193,197,197,197,198,199,201,202,207,209,209,210,215,216,216,216,218,218,219,221,221,222,222,222
"Spain","Canary Islands",2114845,,,,,,,,,,,,,,,,,,,,,,,,,,,,,,,,,,,,,,,,,,,0,0,0,0,0,0,0,0,0,0,1,1,1,2,3,3,4,7,9,11,16,21,24,27,36,39,40,55,62,68,73,78,80,85,89,91,92,94,95,95,96,102,104,107,111,115,119,119,120,121,121,128,130,131,131,133,134,135,136,140,140,141,142,143,144,148,148,148,149,151,151,151,151,151,151,153,155,155,155,155,157,157
"Spain","Cantabria",587682,,,,,,,,,,,,,,,,,,,,,,,,,,,,,,,,,,,,,,,,,,,0,0,0,0,0,0,0,0,0,0,0,0,0,0,1,1,1,2,5,6,9,14,17,21,22,26,27,37,54,60,64,68,68,77,85,92,98,102,107,110,117,120,132,137,144,149,153,158,165,167,173,178,182,183,186,188,191,191,192,193,195,197,198,199,200,201,201,201,201,203,205,205,206,206,207,207,208,209,209,209,209,209
"Spain","Castile La Mancha",2075197,,,,,,,,,,,,,,,,,,,,,,,,,,,,,,,,,,,,,,,,,,,0,0,0,0,0,0,0,0,1,5,6,10,17,17,28,42,42,84,112,145,216,263,316,367,448,539,622,708,774,854,916,989,1055,1132,1177,1255,1322,1431,1483,1543,1626,1714,1755,1796,1852,1913,1963,2021,2075,2140,2188,2255,2292,2330,2365,2396,2436,2463,2498,2534,2565,2590,2616,2647,2677,2713,2738,2759,2786,2811,2835,2852,2870,2883,2893,2898,2900,2913,2919,2929,2934,2940
"Spain","Castile and Leon",2495689,,,,,,,,,,,,,,,,,,,,,,,,,,,,,,,,,,,,,,,,,,,0,0,0,0,0,0,0,0,0,1,3,6,9,12,22,29,43,55,74,102,124,165,206,252,321,380,442,516,585,641,723,786,847,919,982,1028,1082,1129,1180,1221,1263,1299,1337,1372,1401,1429,1458,1493,1521,1554,1582,1612,1639,1666,1690,1710,1736,1752,1770,1788,1800,1818,1832,1847,1864,1876,1885,1897,1905,1914,1919,1925,1930,1940,1946,1953,1960,1960,1960,1961,1961,1961
"Spain","Catalonia",7518903,,,,,,,,,,,,,,,,,,,,,,,,,,,,,,,,,,,,,,,,,,,0,0,0,1,1,2,2,3,6,9,13,15,20,23,33,53,93,143,182,199,293,385,501,685,827,904,983,1216,1458,1629,1784,1928,2053,2167,2329,2462,2667,2787,2877,2975,3105,3201,3453,3618,3752,3879,3933,4009,4152,4247,4343,4393,4498,4566,4699,4808,4905,4975,5061,5137,5185,5220,5270,5345,5394,5471,5507,5532,5555,5621,5692,5823,5882,5915,5944,5956,5981,6021,6021,6656,6663,6701
"Spain","Ceuta",84674,,,,,,,,,,,,,,,,,,,,,,,,,,,,,,,,,,,,,,,,,,,0,0,0,0,0,0,0,0,0,0,0,0,0,0,0,0,0,0,0,0,0,0,0,0,1,1,1,1,1,1,1,1,2,3,4,4,4,4,4,4,4,4,4,4,4,4,4,4,4,4,4,4,4,4,4,4,4,4,4,4,4,4,4,4,4,4,4,4,4,4,4,4,4,4,4,4,4,4,4,4,4,4
"Spain","Valencia",4956427,,,,,,,,,,,,,,,,,,,,,,,,,,,,,,,,,,,,,,,,,,,1,1,1,1,1,1,1,1,1,1,4,5,5,13,22,24,33,50,69,94,115,143,167,198,234,267,310,339,395,443,511,571,613,637,672,724,767,796,818,838,876,907,945,972,999,1042,1065,1079,1089,1106,1124,1147,1172,1186,1189,1200,1218,1236,1245,1258,1264,1269,1279,1291,1303,1309,1315,1323,1330,1336,1341,1349,1358,1365,1366,1370,1376,1378,1383,1389,1390,1393
"Spain","Extremadura",1099605,,,,,,,,,,,,,,,,,,,,,,,,,,,,,,,,,,,,,,,,,,,0,0,0,0,1,0,0,1,1,1,2,2,2,3,6,8,10,12,14,18,26,39,58,69,88,100,106,133,152,181,200,208,218,228,258,271,283,288,303,312,321,334,342,359,372,380,384,389,397,404,407,411,416,422,428,433,440,446,451,458,460,460,462,463,467,472,477,480,483,487,489,492,494,497,500,500,504,504,505,506,507,506
"Spain","Galicia",2747226,,,,,,,,,,,,,,,,,,,,,,,,,,,,,,,,,,,,,,,,,,,0,0,0,0,0,0,0,0,0,0,0,2,2,3,3,4,5,9,12,18,20,27,32,43,47,60,66,84,103,120,138,159,174,190,204,213,231,243,261,274,284,290,299,310,320,334,346,352,360,368,375,382,388,394,405,412,551,551,558,563,569,575,579,588,591,592,595,596,597,598,599,603,603,604,606,607,607,607,608,609,610,613
"Spain","Madrid",6378297,,,,,,,,,,,,,,,,,,,,,,,,,,,,,,,,,,,,,,,,,,,0,1,2,4,8,16,21,31,56,81,86,213,213,355,390,498,628,804,1021,1263,1535,1825,2090,2412,2757,3082,3392,3603,3865,4175,4483,4723,4941,5136,5371,5586,5800,5972,6084,6278,6423,6568,6724,6877,7007,7132,7239,7351,7460,7577,7684,7765,7848,7922,7986,8048,8105,8176,8222,8292,8332,8376,8420,8466,8504,8552,8598,8644,8683,8720,8760,8779,8809,8826,8847,8863,8894,8912,8931,8944,8956,8977
"Spain","Melilla",83870,,,,,,,,,,,,,,,,,,,,,,,,,,,,,,,,,,,,,,,,,,,0,0,0,0,0,0,0,0,0,0,0,0,0,0,0,0,0,0,0,0,0,0,1,1,1,1,1,1,1,1,2,2,2,2,2,2,2,2,2,2,2,2,2,2,2,2,2,2,2,2,2,2,2,2,2,2,2,2,2,2,2,2,2,2,2,2,2,2,2,2,2,2,2,2,2,2,2,2,2,2,2,2
"Spain","Region of Murcia",1461803,,,,,,,,,,,,,,,,,,,,,,,,,,,,,,,,,,,,,,,,,,,0,0,0,0,0,0,0,0,0,0,0,0,0,0,0,0,0,1,1,2,3,5,8,15,17,20,25,34,37,42,46,51,59,68,78,85,88,90,94,97,101,106,109,111,112,115,116,117,120,123,124,125,126,127,128,130,130,130,132,132,134,134,136,136,137,137,138,139,139,139,142,142,143,144,144,145,145,148,149,149,149,149
"Spain","Navarre",636450,,,,,,,,,,,,,,,,,,,,,,,,,,,,,,,,,,,,,,,,,,,0,0,0,0,0,0,0,0,0,0,0,0,1,2,3,4,5,9,14,24,31,33,49,58,70,84,102,113,130,141,151,171,178,187,202,206,214,218,227,232,239,249,252,261,338,354,369,385,397,401,409,417,429,431,432,432,448,451,458,460,462,466,471,476,480,484,487,488,490,493,494,498,500,501,503,503,503,503,506,508,509,509
"Spain","Basque",2167166,,,,,,,,,,,,,,,,,,,,,,,,,,,,,,,,,,,,,,,,,,,0,1,1,1,5,6,6,6,11,14,14,23,23,36,40,53,71,85,97,120,133,155,180,207,241,265,297,325,369,412,444,477,515,548,586,635,689,729,765,804,831,859,902,956,992,1020,1062,1081,1103,1124,1167,1193,1212,1230,1241,1255,1274,1296,1312,1321,1329,1341,1353,1364,1383,1390,1403,1418,1423,1429,1442,1454,1454,1455,1459,1466,1470,1480,1483,1487,1494,1494
"Spain","La Rioja",315223,,,,,,,,,,,,,,,,,,,,,,,,,,,,,,,,,,,,,,,,,,,0,0,0,0,0,0,1,2,2,3,3,3,4,5,5,5,7,15,18,22,30,37,43,55,65,68,71,85,90,101,109,128,134,141,160,177,182,196,207,219,223,234,246,257,262,272,277,285,294,298,303,307,311,315,320,326,330,332,333,334,335,335,336,337,338,342,344,346,346,347,348,348,348,348,349,351,352,353,354,356,357,358
"Italy","Abruzzo",1311580,,,,,,,,,,,,,,,,,,,,,,,,,,,,,,,,,,0,0,0,0,0,0,0,0,0,0,0,0,0,0,0,1,1,2,2,2,3,4,6,7,11,17,22,33,38,46,52,63,68,76,88,102,115,123,133,146,153,158,169,172,179,194,198,206,212,224,232,240,243,246,253,258,263,271,276,280,286,293,295,299,310,315,320,324,327,330,332,335,341,348,351,355,359,366,370,375,379,381,383,385,388,389,389,391,394,394,398
"Italy","Basilicata",562869,,,,,,,,,,,,,,,,,,,,,,,,,,,,,,,,,,0,0,0,0,0,0,0,0,0,0,0,0,0,0,0,0,0,0,0,0,0,0,0,0,0,0,0,0,1,1,1,1,3,3,4,5,7,9,10,11,11,13,13,14,14,15,15,17,18,18,19,21,22,22,23,24,24,24,24,24,24,25,25,25,25,25,25,25,25,25,25,25,25,26,26,27,27,27,27,27,27,27,27,27,27,27,27,27,27,27,27
"Italy","Calabria",1947131,,,,,,,,,,,,,,,,,,,,,,,,,,,,,,,,,,0,0,0,0,0,0,0,0,0,0,0,0,0,0,0,0,0,0,0,0,1,1,1,1,3,4,5,8,7,10,11,14,18,21,25,31,36,38,41,45,49,56,58,60,60,61,65,66,66,67,68,71,72,73,73,75,75,76,76,76,80,80,80,83,85,86,86,86,88,88,88,88,89,89,90,90,91,93,93,93,95,95,95,95,95,95,96,96,96,96,96
"Italy","Campania",5801692,,,,,,,,,,,,,,,,,,,,,,,,,,,,,,,,,,0,0,0,0,0,0,0,0,0,0,0,0,0,0,0,0,1,1,2,6,9,9,9,9,17,17,22,29,49,56,74,83,98,109,117,125,133,148,167,181,186,189,204,216,221,227,231,238,242,248,260,278,286,293,300,304,309,317,327,332,336,341,345,352,358,359,359,359,362,364,366,369,376,379,386,388,391,392,393,394,394,396,396,396,399,399,401,403,404,404,405
"Italy","Emilia Romagna",4459477,,,,,,,,,,,,,,,,,,,,,,,,,,,,,,,,,,0,0,1,1,2,4,8,11,18,22,30,37,48,56,70,85,113,146,201,241,284,346,393,458,531,640,715,816,892,985,1077,1174,1267,1344,1443,1538,1644,1732,1811,1902,1977,2051,2108,2180,2234,2316,2397,2481,2564,2615,2705,2788,2843,2903,2965,3023,3079,3147,3204,3269,3303,3347,3386,3431,3472,3512,3551,3579,3614,3642,3666,3705,3737,3766,3797,3827,3845,3867,3885,3905,3930,3943,3960,3973,3986,3997,4008,4025,4037,4047,4055
"Italy","Friuli Venezia Giulia",1215220,,,,,,,,,,,,,,,,,,,,,,,,,,,,,,,,,,0,0,0,0,0,0,0,0,0,0,0,0,0,1,1,3,6,8,10,13,14,22,30,31,36,38,42,47,54,64,70,72,76,87,98,107,113,122,129,136,145,154,158,164,169,171,179,185,195,202,206,212,217,220,222,225,239,241,246,256,258,263,264,271,278,285,289,294,295,297,299,303,306,308,308,308,310,312,313,316,317,318,319,319,320,320,322,323,325,327,329
"Italy","Lazio",5879082,,,,,,,,,,,,,,,,,,,,,,,,,,,,,,,,,,0,0,0,0,0,0,0,0,0,0,0,1,1,3,5,6,6,9,11,13,16,19,23,32,38,43,50,53,63,80,95,106,118,124,136,150,162,169,185,199,212,219,229,238,244,253,263,273,279,284,300,311,316,332,340,341,349,363,370,375,384,387,389,397,414,431,441,482,497,508,524,534,538,543,549,553,557,562,566,577,595,604,616,622,628,640,647,662,669,676,684
"Italy","Liguria",1550640,,,,,,,,,,,,,,,,,,,,,,,,,,,,,,,,,,0,0,0,0,0,0,0,0,1,1,3,3,4,6,7,8,8,11,17,27,33,50,60,73,91,119,152,171,212,231,254,280,331,358,377,397,428,460,488,519,542,556,595,620,654,682,709,734,749,760,793,807,828,866,897,928,957,990,1022,1047,1076,1093,1114,1128,1141,1152,1167,1184,1195,1209,1221,1232,1243,1254,1265,1276,1281,1293,1301,1314,1329,1336,1346,1355,1367,1376,1386,1397,1407,1414,1419
"Italy","Lombardia",10060574,,,,,,,,,,,,,,,,,,,,,,,,,,,,,,,,,,6,9,9,14,17,23,24,38,55,73,98,135,154,267,333,468,617,744,890,966,1218,1420,1640,1959,2168,2549,3095,3456,3776,4178,4474,4861,5402,5944,6360,6818,7199,7593,7960,8311,8656,8905,9202,9484,9722,10022,10238,10511,10621,10901,11142,11377,11608,11851,12050,12213,12376,12579,12740,12940,13106,13269,13325,13449,13575,13679,13772,13860,14189,14231,14294,14389,14611,14745,14839,14924,14986,15054,15116,15185,15296,15411,15450,15519,15543,15597,15662,15727,15784,15840,15840
"Italy","Marche",1525271,,,,,,,,,,,,,,,,,,,,,,,,,,,,,,,,,,0,0,0,0,0,0,0,1,2,4,4,4,6,7,10,13,18,22,27,36,46,57,69,92,115,137,154,184,203,231,287,310,336,364,386,417,452,477,503,557,574,599,612,630,652,669,682,689,700,713,728,746,764,785,795,807,822,834,845,857,865,874,879,884,893,899,906,911,916,927,932,936,943,948,954,958,960,964,969,971,974,977,982,984,984,986,987,990,990,993,994
"Italy","Molise",305617,,,,,,,,,,,,,,,,,,,,,,,,,,,,,,,,,,0,0,0,0,0,0,0,0,0,0,0,0,0,0,0,0,0,0,0,0,0,1,1,1,2,5,7,7,7,8,8,8,9,9,9,9,9,10,11,11,11,13,13,13,13,13,13,14,15,15,15,15,16,16,16,17,18,18,19,20,20,21,21,21,21,21,21,21,21,22,22,22,22,22,22,22,22,22,22,22,22,22,22,22,22,22,22,22,22,22,22
"Italy","Bolzano",528000,,,,,,,,,,,,,,,,,,,,,,,,,,,,,,,,,,0,0,0,0,0,0,0,0,0,0,0,0,0,0,0,0,0,1,2,3,5,6,8,9,14,17,20,23,29,38,43,48,60,64,64,74,76,116,129,139,146,158,164,174,183,187,191,200,205,212,214,223,225,234,239,245,249,251,256,261,263,265,269,270,272,274,275,278,279,281,284,286,286,286,289,290,290,290,290,290,290,290,290,290,291,291,291,291,291,291,291
"Italy","Trento",548000,,,,,,,,,,,,,,,,,,,,,,,,,,,,,,,,,,0,0,0,0,0,0,0,0,0,0,0,0,0,0,0,0,0,1,2,2,6,6,7,7,12,13,28,35,41,56,74,86,102,120,129,147,164,173,187,204,210,217,230,244,255,268,275,284,293,300,310,318,322,342,348,360,366,376,381,382,389,400,405,407,412,416,418,423,425,429,430,433,437,438,438,438,441,443,445,446,448,451,453,453,453,455,455,455,455,456,457
"Italy","Piemonte",4356406,,,,,,,,,,,,,,,,,,,,,,,,,,,,,,,,,,0,0,0,0,0,0,0,0,0,0,2,4,5,5,13,17,21,26,46,59,81,111,133,154,175,209,238,283,315,374,449,449,569,617,684,749,854,886,983,1043,1128,1168,1251,1319,1378,1454,1532,1633,1729,1826,1927,2015,2094,2171,2252,2331,2409,2485,2559,2630,2699,2767,2823,2878,2936,3003,3066,3097,3126,3152,3186,3216,3247,3282,3305,3331,3367,3400,3428,3460,3493,3557,3594,3612,3632,3679,3718,3742,3757,3771,3783
"Italy","Puglia",4029053,,,,,,,,,,,,,,,,,,,,,,,,,,,,,,,,,,0,0,0,0,0,0,0,0,0,1,1,1,2,3,3,3,5,5,5,8,16,16,18,19,25,26,29,31,37,44,48,65,69,71,86,91,110,129,144,164,173,182,195,209,219,225,238,253,260,267,278,288,299,307,314,316,326,351,362,372,383,391,399,405,407,410,415,421,422,424,429,433,438,441,443,443,448,451,456,460,461,461,463,470,471,473,478,478,482,486,487
"Italy","Sardegna",1639591,,,,,,,,,,,,,,,,,,,,,,,,,,,,,,,,,,0,0,0,0,0,0,0,0,0,0,0,0,0,0,0,0,0,0,0,0,2,2,2,2,2,2,4,7,11,15,18,19,21,26,27,28,31,34,40,41,41,43,47,52,59,64,69,73,73,75,80,83,85,86,86,86,86,93,96,98,102,103,109,109,109,116,116,117,119,119,119,119,119,119,119,119,120,120,120,120,125,125,125,125,126,126,126,127,128,129,129
"Italy","Sicilia",4999891,,,,,,,,,,,,,,,,,,,,,,,,,,,,,,,,,,0,0,0,0,0,0,0,0,0,0,0,0,0,0,0,0,0,2,2,2,2,2,3,3,4,4,6,8,13,20,25,33,39,57,65,76,81,88,93,101,111,116,123,125,133,138,148,154,163,171,175,181,187,190,196,200,203,206,208,213,218,224,228,231,232,232,235,237,240,242,244,247,250,251,253,256,256,257,261,262,263,263,265,267,267,268,268,268,268,269,269
"Italy","Toscana",3729641,,,,,,,,,,,,,,,,,,,,,,,,,,,,,,,,,,0,0,0,0,0,0,0,0,0,0,0,0,0,0,1,1,1,5,5,6,8,14,17,22,38,47,72,91,109,129,142,158,177,198,215,231,244,253,268,290,307,325,350,369,392,408,454,467,495,518,538,556,585,602,618,637,667,686,705,723,742,760,778,795,811,827,842,854,863,872,881,889,899,915,930,937,942,950,959,964,973,976,979,984,989,992,998,1004,1009,1011,1013
"Italy","Umbria",882015,,,,,,,,,,,,,,,,,,,,,,,,,,,,,,,,,,0,0,0,0,0,0,0,0,0,0,0,0,0,0,0,0,0,0,1,1,1,1,1,2,2,7,10,16,16,19,19,20,21,28,31,33,37,37,38,39,41,43,44,49,50,51,52,52,52,52,53,54,55,57,57,58,58,60,61,61,62,63,64,65,65,66,67,68,68,68,70,70,70,70,71,71,71,71,71,72,73,73,73,73,73,74,74,74,74,74,75
"Italy","Valle dAosta",125666,,,,,,,,,,,,,,,,,,,,,,,,,,,,,,,,,,0,0,0,0,0,0,0,0,0,0,0,0,0,0,0,0,1,1,1,1,1,2,2,3,6,7,8,9,12,19,24,28,37,41,43,50,56,59,63,70,82,91,96,100,102,105,107,107,112,115,118,121,122,123,124,125,127,126,127,127,129,130,131,133,135,137,137,137,137,138,139,139,139,139,139,139,139,139,140,141,141,142,142,143,143,143,143,143,143,143,143
"Italy","Veneto",4905854,,,,,,,,,,,,,,,,,,,,,,,,,,,,,,,,,,1,1,2,2,2,2,2,2,3,6,10,12,13,18,20,26,29,32,42,55,63,69,80,94,115,131,146,169,192,216,258,287,313,362,392,413,477,499,532,572,607,631,662,695,736,756,793,831,856,882,906,940,981,1026,1059,1087,1112,1154,1181,1206,1244,1288,1315,1344,1408,1437,1459,1479,1502,1516,1528,1545,1568,1589,1627,1643,1657,1666,1686,1712,1743,1762,1783,1794,1803,1820,1832,1841,1854,1865,1869
