date,infected0f,infected0m,infected10f,infected10m,infected20f,infected20m,infected30f,infected30m,infected40f,infected40m,infected50f,infected50m,infected60f,infected60m,infected70f,infected70m,infected80f,infected80m,infected90f,infected90m,severe0f,severe0m,severe10f,severe10m,severe20f,severe20m,severe30f,severe30m,severe40f,severe40m,severe50f,severe50m,severe60f,severe60m,severe70f,severe70m,severe80f,severe80m,severe90f,severe90m,breath0f,breath0m,breath10f,breath10m,breath20f,breath20m,breath30f,breath30m,breath40f,breath40m,breath50f,breath50m,breath60f,breath60m,breath70f,breath70m,breath80f,breath80m,breath90f,breath90m,dead0f,dead0m,dead10f,dead10m,dead20f,dead20m,dead30f,dead30m,dead40f,dead40m,dead50f,dead50m,dead60f,dead60m,dead70f,dead70m,dead80f,dead80m,dead90f,dead90m
04-Oct-2020 18:45:00,13421,13980,22905,33734,25109,27816,18206,18577,17101,16255,12885,12540,7892,8886,3845,4243,2246,1801,963,416,0,3,1,2,4,5,8,20,20,36,38,78,75,183,73,127,63,96,29,21,0,0,0,1,1,2,0,2,3,7,7,25,19,53,20,30,9,24,3,7,1,0,2,0,2,1,1,7,8,15,29,50,64,132,141,282,282,306,227,156
04-Oct-2020 22:18:00,13461,14027,22969,33815,25184,27911,18245,18649,17153,16312,12930,12586,7918,8929,3857,4259,2251,1808,966,416,0,3,1,2,4,5,8,20,21,39,38,78,75,184,75,130,63,95,29,21,0,0,0,1,1,2,0,2,4,7,7,24,19,53,21,31,8,23,3,7,1,0,2,0,2,1,1,7,8,15,29,50,65,134,141,289,284,306,227,156
05-Oct-2020 07:36:00,13533,14098,23110,33965,25303,28065,18310,18759,17233,16420,12994,12644,7963,8994,3877,4282,2268,1821,970,422,0,2,1,2,4,6,7,19,19,35,36,78,69,180,74,129,64,95,29,20,0,0,0,1,1,2,0,2,4,7,7,25,19,54,20,31,8,23,3,6,1,0,2,0,2,1,1,7,8,15,29,50,65,134,141,289,284,306,227,156
05-Oct-2020 18:36:00,13731,14292,23480,34414,25564,28435,18508,19006,17440,16628,13123,12769,8063,9112,3939,4350,2290,1851,978,426,0,2,1,2,4,6,11,19,19,38,31,80,65,177,76,132,63,102,29,17,0,0,0,1,0,2,0,2,3,6,7,26,19,58,21,35,9,22,3,4,1,0,2,0,2,1,1,7,8,15,29,50,65,138,142,293,289,311,232,162
06-Oct-2020 07:14:00,13859,14405,23686,34647,25760,28644,18638,19177,17581,16763,13222,12878,8154,9214,3982,4400,2326,1870,1002,435,0,2,1,2,4,5,8,19,17,38,32,80,66,180,72,131,60,100,30,18,0,0,0,1,0,2,0,2,2,7,7,27,20,62,17,34,8,20,3,3,1,0,2,0,2,1,1,7,8,15,29,51,66,140,143,294,290,312,232,162
06-Oct-2020 10:12:00,13898,14439,23743,34711,25809,28691,18674,19225,17623,16793,13249,12915,8176,9236,3994,4412,2330,1874,1002,435,0,2,1,2,4,5,8,19,15,40,32,85,70,186,74,133,63,97,32,16,0,0,0,1,1,3,0,2,3,8,7,26,19,59,18,37,8,21,3,4,1,0,2,0,2,1,1,7,8,15,29,51,67,141,145,295,292,317,232,164
06-Oct-2020 18:35:00,14030,14577,23955,34947,25976,28917,18800,19344,17713,16888,13334,12995,8238,9323,4035,4455,2353,1888,1012,441,0,2,1,2,4,5,9,16,16,38,31,79,64,180,74,138,63,98,27,17,0,0,0,1,3,3,0,1,3,8,7,23,20,57,18,38,7,22,3,3,1,0,2,0,2,1,1,7,8,15,29,53,68,143,146,297,294,318,232,166
06-Oct-2020 22:06:00,14071,14614,24009,35017,26021,28967,18830,19389,17750,16926,13356,13018,8257,9350,4048,4470,2360,1893,1012,443,0,2,1,2,4,5,9,17,18,38,31,80,63,183,73,137,65,101,27,16,0,0,0,1,3,3,0,1,3,8,7,23,19,58,19,42,7,22,3,3,1,0,2,0,2,1,1,7,8,15,29,53,68,143,150,299,296,321,234,166
07-Oct-2020 07:53:00,14171,14746,24167,35169,26132,29123,18943,19497,17846,16993,13426,13090,8304,9412,4073,4501,2378,1905,1022,446,0,2,1,1,4,6,8,16,16,40,28,81,62,173,68,137,61,96,29,18,0,0,0,1,1,3,0,1,2,6,7,27,20,57,18,40,7,24,3,3,1,0,2,0,2,1,1,7,8,15,29,53,69,143,150,301,296,322,235,167
07-Oct-2020 09:31:00,14205,14772,24194,35198,26167,29146,18975,19518,17861,17011,13443,13106,8316,9429,4083,4512,2379,1909,1024,447,0,2,1,2,5,6,9,15,18,39,30,82,63,176,73,139,63,101,29,17,0,0,0,1,2,3,0,2,2,9,7,29,21,58,22,43,8,23,3,3,1,0,2,0,2,1,1,7,8,15,29,53,69,143,150,301,296,323,236,168
07-Oct-2020 18:46:00,14315,14893,24385,35376,26316,29315,19103,19646,17977,17117,13521,13197,8379,9488,4114,4548,2388,1934,1029,450,0,2,1,2,5,6,9,15,18,39,30,82,63,176,73,139,63,101,29,17,0,0,0,1,1,4,0,2,2,9,7,28,18,64,20,38,8,26,3,4,1,0,2,0,2,1,1,7,9,15,29,53,70,146,151,303,297,327,236,167
07-Oct-2020 22:20:00,14361,14942,24468,35458,26382,29379,19151,19694,18017,17152,13562,13226,8399,9522,4123,4565,2396,1940,1030,452,0,2,0,2,4,6,12,14,17,42,29,81,56,175,73,142,57,97,28,17,0,0,0,1,2,4,0,2,2,8,8,28,17,60,21,39,7,26,3,4,1,0,2,0,2,1,1,7,9,15,29,53,70,146,151,304,298,330,237,167
08-Oct-2020 07:02:00,14431,15045,24576,35619,26525,29525,19230,19774,18104,17244,13613,13302,8448,9569,4152,4592,2414,1951,1038,454,0,2,0,1,3,6,12,14,16,42,29,78,54,173,70,141,55,95,27,17,0,0,0,1,2,4,0,2,1,10,8,27,17,60,20,41,7,23,3,4,1,0,2,0,2,1,1,7,9,15,29,53,70,146,151,304,298,330,237,167
08-Oct-2020 10:33:00,14478,15096,24638,35686,26580,29587,19278,19819,18135,17283,13648,13328,8462,9602,4165,4608,2417,1958,1043,455,0,0,2,2,4,7,11,17,17,41,35,81,54,182,75,144,54,97,29,15,0,0,0,1,2,4,0,1,3,9,8,29,17,62,21,43,7,22,3,3,1,0,2,0,2,1,1,7,9,15,29,54,70,147,152,306,303,334,243,169
08-Oct-2020 18:02:00,14537,15172,24778,35791,26683,29728,19348,19898,18208,17345,13697,13376,8501,9636,4184,4639,2430,1967,1046,459,0,0,2,2,3,7,11,14,14,39,39,81,51,177,73,146,54,101,26,15,0,0,0,1,1,3,0,1,2,9,8,30,17,58,26,44,7,24,4,3,1,0,2,0,2,1,1,8,9,15,30,55,72,147,154,308,304,337,247,171
08-Oct-2020 22:33:00,14575,15230,24836,35842,26740,29782,19389,19934,18242,17375,13733,13408,8529,9660,4197,4662,2435,1974,1046,458,0,0,3,2,3,7,11,14,14,40,39,81,51,179,73,145,54,100,26,15,0,0,1,1,1,3,0,1,2,9,8,30,17,60,26,44,7,24,4,3,1,0,2,0,2,1,1,8,9,15,30,55,72,147,154,308,304,337,247,171
09-Oct-2020 07:06:00,14630,15276,24921,35949,26844,29902,19459,20003,18302,17432,13773,13459,8555,9701,4233,4690,2455,1991,1059,464,0,0,2,1,3,7,11,14,14,39,38,80,52,180,70,141,53,99,26,15,0,0,1,0,1,3,0,1,1,9,8,30,17,59,25,45,8,23,4,3,1,0,2,0,2,1,1,8,9,15,30,54,71,148,155,307,304,338,247,171
09-Oct-2020 09:43:00,14644,15290,24943,35968,26873,29921,19482,20025,18314,17450,13785,13467,8559,9710,4236,4695,2458,1993,1061,463,0,0,2,1,3,7,11,14,14,34,39,79,51,177,69,141,57,101,26,16,0,0,1,1,1,4,0,0,1,9,8,28,15,56,23,42,10,22,4,4,1,0,2,0,2,1,1,8,9,15,30,54,73,150,156,310,304,341,250,172
09-Oct-2020 16:16:00,14733,15373,25085,36119,26978,30055,19565,20107,18370,17518,13824,13520,8586,9732,4251,4714,2467,2003,1064,466,0,0,3,2,4,7,11,14,13,34,39,80,51,178,73,146,60,101,23,16,0,0,1,1,1,4,0,0,2,10,8,30,16,58,24,44,10,21,4,4,1,0,2,0,3,1,1,8,9,15,31,55,73,150,156,312,304,342,251,172
10-Oct-2020 18:03:00,14851,15505,25306,36302,27155,30230,19694,20212,18462,17606,13913,13609,8646,9808,4297,4764,2500,2030,1080,473,0,0,2,1,3,6,15,17,15,30,38,84,54,166,63,150,63,89,26,17,0,0,1,0,1,3,1,3,2,8,8,27,13,61,17,43,9,25,4,3,1,0,2,0,3,1,1,8,9,15,31,57,74,155,163,313,307,347,255,174
11-Oct-2020 06:42:00,14851,15514,25324,36310,27173,30247,19706,20222,18470,17620,13940,13617,8649,9826,4309,4768,2506,2035,1083,474,0,0,1,0,3,5,15,17,14,28,37,84,52,166,56,147,61,90,27,16,0,0,1,0,1,2,1,2,1,7,8,28,12,50,15,43,9,24,4,3,1,0,2,0,3,1,2,8,9,15,31,57,75,156,166,318,312,354,258,176
11-Oct-2020 10:21:00,14856,15516,25330,36320,27189,30254,19709,20226,18473,17624,13945,13621,8651,9828,4311,4771,2507,2035,1083,474,0,0,2,1,3,6,12,15,16,32,38,84,49,170,62,147,64,94,30,16,0,0,1,0,1,3,0,3,2,11,9,27,12,63,15,42,8,24,4,4,1,0,2,0,3,1,2,8,9,15,31,58,76,156,168,321,313,357,259,178
11-Oct-2020 18:42:00,14872,15530,25365,36369,27240,30306,19732,20246,18499,17647,13957,13643,8665,9841,4315,4784,2512,2039,1087,476,0,0,1,0,4,4,8,17,16,32,38,77,49,163,56,145,60,97,32,17,0,0,0,0,2,2,0,3,0,11,10,26,13,64,14,41,8,23,4,4,1,0,3,0,3,1,2,8,9,15,31,58,77,157,169,323,317,363,266,179
12-Oct-2020 06:16:00,14953,15604,25486,36499,27370,30439,19825,20330,18590,17723,14018,13712,8701,9905,4339,4805,2521,2049,1097,477,0,0,1,0,5,4,9,17,16,31,36,78,51,156,59,146,60,98,31,19,0,0,0,0,2,2,0,2,3,10,9,25,13,58,15,44,8,21,4,4,1,0,3,0,3,1,2,8,9,15,31,58,77,158,169,323,317,365,266,179
13-Oct-2020 18:22:00,15226,15912,25997,36954,27777,30821,20097,20590,18853,17958,14209,13916,8828,10036,4410,4887,2575,2085,1119,486,0,0,1,1,2,5,8,13,12,30,38,70,47,155,63,158,61,87,28,16,0,0,1,0,1,3,0,3,2,11,8,32,13,65,20,50,9,24,4,4,1,0,3,0,3,1,2,8,9,15,33,59,79,163,174,334,323,379,273,183
13-Oct-2020 22:28:00,15250,15936,26053,36995,27813,30863,20124,20616,18875,17983,14233,13936,8848,10049,4427,4894,2576,2088,1119,486,0,0,1,1,2,5,8,13,12,31,37,70,47,154,62,160,62,90,29,16,0,0,1,0,1,3,0,3,2,11,8,30,13,63,19,45,9,21,4,3,1,0,3,0,3,1,2,8,9,15,33,60,79,168,175,340,323,381,273,183
14-Oct-2020 06:36:00,15294,15968,26105,37048,27865,30921,20163,20651,18899,18019,14261,13964,8872,10085,4451,4915,2588,2098,1131,488,0,0,1,1,2,5,8,13,12,31,37,70,47,154,62,161,62,90,29,16,0,0,1,0,1,3,0,3,2,11,8,30,13,63,19,45,9,21,4,3,1,0,3,0,3,1,2,8,9,15,33,60,78,167,176,341,323,381,273,183
14-Oct-2020 18:31:00,15383,16052,26221,37156,27985,31051,20254,20721,18965,18090,14316,13997,8900,10123,4465,4931,2614,2111,1135,491,0,0,1,0,3,5,8,12,11,31,39,62,43,147,59,146,56,80,31,15,0,0,1,0,1,3,0,2,3,10,10,31,14,57,20,49,9,19,4,4,1,0,3,0,3,1,2,8,9,15,33,61,80,171,179,348,328,395,277,187
15-Oct-2020 06:58:00,15433,16110,26276,37250,28050,31142,20311,20775,19010,18131,14347,14033,8921,10160,4471,4952,2623,2118,1142,489,0,0,1,0,2,5,7,12,10,29,38,63,39,145,59,142,55,77,30,15,0,0,1,0,1,3,0,2,4,9,10,31,12,62,21,52,10,22,4,5,1,0,3,0,3,1,2,8,9,15,33,61,80,171,179,348,328,396,277,187
15-Oct-2020 09:45:00,15449,16127,26289,37285,28083,31175,20323,20796,19018,18145,14357,14043,8933,10165,4473,4956,2625,2120,1143,491,0,0,1,0,2,5,5,12,10,30,37,65,39,146,60,144,56,77,32,12,0,0,1,0,1,3,0,2,4,11,9,31,12,60,21,51,9,22,4,3,1,0,3,0,3,1,2,8,9,15,33,61,80,173,179,348,328,402,278,188
15-Oct-2020 18:01:00,15494,16175,26348,37336,28123,31221,20365,20823,19051,18169,14381,14058,8942,10179,4478,4966,2627,2124,1144,492,0,0,1,0,2,4,6,12,10,29,37,65,37,146,57,139,53,81,32,14,0,0,1,0,1,3,0,2,4,11,9,31,10,65,23,50,9,20,3,3,1,0,3,0,3,1,2,8,9,15,33,61,81,173,180,352,330,405,279,188
15-Oct-2020 20:52:00,15505,16190,26372,37353,28142,31228,20374,20835,19054,18178,14394,14064,8952,10183,4476,4970,2630,2123,1143,493,0,0,1,1,2,4,8,11,11,29,38,66,36,149,59,137,53,85,32,15,0,0,1,1,1,3,0,2,3,12,10,30,13,64,23,47,8,19,3,3,1,0,3,0,3,1,2,8,9,15,33,62,81,174,180,353,331,405,281,188
16-Oct-2020 08:18:00,15573,16246,26443,37438,28220,31332,20421,20878,19090,18222,14445,14099,8979,10206,4495,4986,2647,2130,1158,495,0,0,0,1,3,3,8,11,10,27,35,69,37,137,58,131,51,83,29,14,0,0,0,0,1,2,0,2,4,11,9,32,14,62,22,47,10,20,3,4,1,0,3,0,3,1,2,8,9,15,33,62,81,174,180,353,331,405,282,188
16-Oct-2020 16:06:00,15607,16288,26503,37508,28276,31390,20472,20906,19129,18253,14478,14129,8990,10218,4503,4999,2654,2133,1157,497,0,0,0,1,2,3,8,11,11,27,35,69,37,136,58,133,56,77,27,17,0,0,0,1,1,2,0,2,3,11,11,32,13,59,22,48,9,19,3,3,1,0,3,0,3,1,2,8,9,15,35,62,81,177,181,354,331,408,283,190
17-Oct-2020 18:15:00,15661,16348,26574,37562,28391,31495,20549,20985,19201,18295,14542,14173,9034,10255,4541,5029,2681,2160,1165,500,0,0,0,1,2,3,8,10,11,25,33,60,40,130,54,129,61,74,28,13,0,0,0,1,1,2,1,2,4,6,10,31,17,57,22,47,8,20,4,2,1,0,3,0,3,1,2,8,9,15,36,62,81,181,185,359,333,413,286,192
17-Oct-2020 21:23:00,15665,16349,26576,37566,28392,31498,20553,20987,19206,18297,14545,14173,9035,10258,4544,5030,2681,2162,1166,500,0,0,0,1,2,3,8,10,12,24,34,60,40,128,55,130,61,74,27,13,0,0,0,1,1,2,0,2,3,9,11,32,15,58,22,47,8,19,4,2,1,0,3,0,3,1,2,8,9,16,36,63,81,185,185,364,337,419,288,194
18-Oct-2020 06:18:00,15664,16346,26577,37551,28391,31521,20562,20996,19212,18305,14554,14176,9037,10267,4547,5032,2683,2164,1166,501,0,0,0,1,2,2,7,10,11,25,32,60,40,124,52,127,60,73,27,13,0,0,0,1,1,2,1,2,4,10,10,33,16,59,21,44,7,17,4,2,1,0,3,0,3,1,2,8,9,16,36,63,81,185,185,364,337,419,288,194
18-Oct-2020 10:09:00,15668,16352,26591,37557,28398,31530,20569,21001,19214,18312,14557,14181,9037,10268,4548,5033,2683,2164,1166,504,0,0,0,1,2,3,6,11,11,23,34,62,42,126,54,127,61,72,29,12,0,0,0,1,1,2,0,2,4,10,9,34,15,57,22,48,9,18,3,2,1,0,3,0,3,1,2,8,9,16,36,63,83,187,186,364,338,423,288,196
18-Oct-2020 17:57:00,15672,16353,26604,37571,28417,31552,20588,21021,19231,18327,14570,14189,9047,10278,4551,5034,2686,2168,1171,504,0,0,0,1,2,3,7,10,11,24,30,61,41,124,53,123,60,70,31,12,0,0,0,1,1,2,0,2,3,12,9,35,15,56,23,47,8,13,4,1,1,0,3,0,3,1,2,8,9,16,35,63,82,189,186,366,341,424,288,197
19-Oct-2020 13:13:00,15734,16420,26710,37691,28560,31684,20673,21122,19306,18390,14632,14246,9099,10322,4574,5053,2706,2177,1179,516,0,0,0,1,3,2,7,9,11,24,29,58,43,114,49,118,53,66,32,14,0,0,0,1,1,2,1,2,2,12,9,35,15,57,22,49,9,11,5,2,1,0,3,0,3,1,2,8,9,16,36,67,84,196,188,374,345,433,291,200
19-Oct-2020 18:11:00,15757,16431,26732,37724,28583,31701,20695,21143,19323,18406,14640,14260,9106,10333,4579,5059,2708,2181,1179,516,0,0,0,1,3,2,6,8,11,23,31,55,46,118,48,113,55,61,31,15,0,0,0,1,1,1,2,3,3,11,9,32,16,61,22,51,11,13,5,2,1,0,3,0,3,1,2,8,9,16,36,67,84,197,188,376,349,435,293,202
20-Oct-2020 09:59:00,15815,16494,26830,37823,28667,31803,20759,21212,19388,18464,14694,14296,9134,10372,4596,5075,2729,2185,1186,516,0,0,0,1,3,2,4,8,12,20,33,57,41,119,51,111,55,64,30,14,0,0,0,1,1,1,0,1,1,12,10,32,17,58,23,47,10,13,1,1,1,0,3,0,3,1,2,8,9,16,36,68,84,198,189,379,349,437,295,203
21-Oct-2020 06:17:00,15852,16540,26896,37953,28737,31879,20822,21264,19443,18516,14743,14343,9170,10405,4615,5091,2748,2196,1192,518,0,0,0,1,1,1,2,7,9,19,32,54,37,112,47,106,52,61,31,13,0,0,0,1,1,1,0,1,2,10,9,31,16,58,21,45,12,15,1,2,1,0,3,0,3,1,2,8,9,16,37,68,85,199,189,380,351,439,293,203
21-Oct-2020 09:35:00,15856,16550,26910,37962,28749,31889,20835,21271,19450,18526,14748,14350,9176,10418,4621,5098,2748,2197,1193,518,0,0,0,1,2,2,2,6,10,21,33,56,39,113,47,106,50,62,32,13,0,0,0,1,1,1,1,1,1,13,12,31,16,55,22,44,9,15,5,1,1,0,3,0,3,1,2,8,9,16,37,68,85,199,189,380,351,439,293,203
21-Oct-2020 22:13:00,15905,16598,26985,38056,28804,31969,20883,21312,19489,18555,14780,14370,9195,10435,4633,5106,2754,2204,1196,522,0,0,1,1,2,2,2,8,10,21,31,53,40,111,52,104,50,57,32,15,0,0,0,1,1,1,1,2,1,13,12,31,16,51,20,46,9,17,5,2,1,0,3,0,3,1,3,8,8,16,37,68,85,201,190,384,353,443,295,201
22-Oct-2020 08:12:00,15927,16610,27027,38095,28838,32024,20914,21342,19520,18585,14803,14390,9216,10445,4644,5108,2759,2206,1198,522,0,0,1,1,4,2,1,8,8,21,31,51,36,110,48,103,55,53,30,14,0,0,0,1,1,1,0,2,2,10,9,30,16,53,21,45,12,18,4,3,1,0,3,0,3,1,3,8,8,16,37,68,85,200,190,384,353,444,296,201
22-Oct-2020 18:35:00,15945,16633,27066,38146,28875,32067,20937,21370,19555,18610,14830,14401,9227,10459,4650,5113,2761,2209,1200,523,0,0,1,0,4,1,1,9,9,25,30,50,39,107,52,103,53,53,27,14,0,0,0,0,1,0,0,2,0,12,10,30,15,52,22,46,10,17,5,3,1,0,3,0,3,1,4,8,8,16,39,72,86,201,190,386,354,449,296,202
22-Oct-2020 21:39:00,15949,16636,27074,38153,28882,32068,20942,21380,19558,18617,14833,14406,9230,10462,4651,5115,2763,2211,1201,521,0,0,1,0,4,1,1,9,9,25,30,50,39,107,52,105,53,53,27,14,0,0,0,0,1,0,0,2,0,12,10,30,15,51,22,46,10,17,5,3,1,0,3,0,3,1,4,8,8,16,39,72,86,201,190,386,354,449,296,202
23-Oct-2020 07:15:00,15953,16654,27096,38172,28920,32108,20964,21399,19584,18647,14843,14423,9246,10472,4655,5119,2770,2217,1202,520,0,0,1,0,4,1,1,9,8,21,32,49,39,103,49,103,55,54,26,13,0,0,0,1,1,0,0,2,2,8,8,28,15,55,21,44,11,19,3,3,1,0,3,0,3,1,4,8,8,16,39,72,86,201,190,386,354,449,296,202
23-Oct-2020 11:17:00,15960,16666,27115,38183,28933,32114,20966,21409,19590,18653,14852,14428,9246,10473,4655,5121,2771,2217,1202,520,0,0,1,1,3,1,1,9,9,24,31,49,42,103,51,105,50,54,25,13,0,0,0,0,1,0,0,2,0,11,9,27,16,56,23,47,10,16,4,3,1,0,3,0,3,1,4,8,8,16,39,74,86,201,192,386,355,453,296,202
23-Oct-2020 16:17:00,15969,16672,27125,38207,28948,32134,20981,21418,19596,18667,14860,14436,9248,10477,4657,5122,2772,2217,1203,520,0,0,1,1,3,1,1,9,9,23,31,49,41,103,51,106,49,53,26,13,0,0,0,0,1,0,0,2,0,11,9,27,16,57,23,46,10,16,4,3,1,0,3,0,3,1,4,8,8,16,39,74,86,201,192,387,355,453,296,202
24-Oct-2020 17:24:00,15995,16693,27163,38252,29005,32184,21013,21444,19625,18698,14889,14456,9264,10517,4666,5140,2784,2227,1209,524,0,0,1,1,3,1,1,7,6,25,29,45,40,100,49,101,46,49,22,13,0,0,0,0,1,0,0,2,1,12,8,26,14,52,23,39,11,15,3,4,1,0,3,0,3,1,4,8,8,17,40,74,86,204,194,394,360,462,305,203
24-Oct-2020 21:57:00,15996,16696,27167,38253,29007,32186,21015,21446,19629,18699,14891,14461,9265,10517,4668,5142,2784,2228,1210,524,0,0,0,1,2,1,1,7,7,25,29,45,41,101,52,103,44,50,23,13,0,0,0,0,1,0,0,2,1,13,9,27,14,51,24,43,11,14,4,4,1,0,3,0,3,1,4,8,8,17,40,75,86,205,195,395,360,463,305,204
26-Oct-2020 07:40:00,16025,16714,27213,38309,29102,32248,21069,21500,19678,18749,14940,14497,9294,10555,4685,5160,2790,2235,1212,526,0,0,0,0,3,1,1,7,6,22,27,45,38,95,47,93,45,41,17,15,0,0,0,0,1,0,0,2,1,9,9,26,17,50,21,36,12,13,2,5,1,0,3,1,3,1,4,8,8,17,40,76,86,204,196,399,363,471,310,205
26-Oct-2020 10:37:00,16034,16725,27222,38315,29109,32258,21077,21504,19689,18757,14942,14501,9297,10563,4686,5162,2792,2234,1213,526,0,0,0,1,3,1,1,6,7,24,25,46,38,93,49,93,44,42,19,13,0,0,0,0,0,0,0,2,1,11,9,24,18,45,23,37,13,13,3,4,1,0,3,1,3,1,4,8,8,17,40,77,86,205,197,401,364,472,310,205
26-Oct-2020 18:07:00,16045,16738,27255,38351,29140,32297,21106,21525,19712,18783,14962,14511,9312,10574,4691,5165,2794,2240,1216,526,0,0,0,0,3,0,2,7,3,23,25,43,35,92,48,88,43,36,19,14,0,0,0,0,0,0,0,2,1,10,8,25,18,45,22,33,13,13,2,2,1,0,3,1,3,1,4,8,9,18,41,77,86,208,199,405,370,480,318,209
26-Oct-2020 22:48:00,16058,16752,27270,38370,29162,32318,21126,21539,19738,18792,14974,14522,9324,10582,4700,5175,2797,2245,1218,528,0,0,0,1,3,0,1,7,5,22,26,44,36,93,51,92,41,38,18,13,0,0,0,0,0,0,0,2,1,13,11,27,19,45,23,38,14,12,3,1,1,0,3,1,3,1,4,8,9,18,41,77,87,210,199,406,372,483,320,211
27-Oct-2020 09:51:00,16078,16773,27301,38392,29228,32382,21163,21556,19773,18818,14994,14540,9337,10603,4711,5182,2807,2249,1219,531,0,0,0,0,3,0,1,7,6,24,24,41,38,95,49,84,39,36,18,12,0,0,0,0,0,0,0,2,0,12,11,25,17,48,21,38,14,13,3,3,1,0,3,1,3,1,4,8,9,18,41,77,87,209,199,406,372,483,320,211
27-Oct-2020 18:43:00,16097,16798,27336,38420,29258,32411,21180,21576,19782,18837,15014,14553,9347,10611,4715,5192,2810,2253,1222,532,0,0,0,0,4,0,1,7,6,24,23,39,35,91,45,80,42,34,16,11,0,0,0,0,0,0,0,2,0,10,10,22,17,47,21,32,13,14,3,3,1,0,3,1,3,1,4,8,9,18,41,77,88,210,199,408,373,484,323,213
27-Oct-2020 21:59:00,16098,16800,27340,38452,29265,32428,21184,21582,19785,18838,15017,14556,9351,10617,4716,5193,2810,2254,1222,532,0,0,0,1,4,1,1,6,6,24,23,38,31,92,46,84,41,37,16,10,0,0,0,0,0,0,0,2,0,11,10,22,14,45,22,34,14,14,3,2,1,0,3,1,3,1,4,9,9,19,42,80,89,213,200,411,374,485,325,215
28-Oct-2020 06:39:00,16117,16818,27349,38473,29306,32460,21198,21601,19809,18851,15027,14582,9372,10633,4719,5196,2813,2255,1224,532,0,0,0,1,4,1,2,5,5,24,23,35,32,87,44,80,44,34,16,10,0,0,0,0,0,0,0,2,1,7,11,22,17,47,23,30,14,16,2,2,1,0,3,1,3,1,4,9,9,19,42,80,89,212,200,412,374,485,325,215
28-Oct-2020 18:52:00,16138,16850,27380,38515,29338,32488,21226,21626,19834,18882,15050,14598,9383,10649,4727,5204,2819,2261,1222,534,1,0,0,1,4,1,2,6,6,26,28,40,32,91,47,85,39,35,16,6,0,0,0,0,1,0,0,2,1,7,13,22,15,47,25,34,12,14,3,2,1,0,3,1,3,1,4,9,9,19,42,80,89,212,200,413,374,485,325,215
29-Oct-2020 07:45:00,16154,16870,27399,38539,29377,32520,21257,21664,19854,18892,15084,14613,9396,10661,4739,5215,2821,2264,1223,534,1,0,1,1,4,1,1,5,5,25,27,38,33,92,45,83,41,35,16,6,0,0,0,0,1,0,0,1,0,8,12,22,17,48,24,34,13,13,3,2,1,0,3,1,3,1,4,9,9,19,42,81,91,212,201,412,375,489,326,216
29-Oct-2020 20:23:00,16180,16900,27422,38565,29411,32545,21284,21682,19877,18911,15100,14627,9409,10675,4749,5223,2822,2269,1226,536,1,0,1,1,4,0,1,5,4,26,24,35,33,89,41,76,37,37,16,5,0,0,0,1,0,0,0,1,0,11,12,22,17,42,22,35,11,13,3,0,1,0,3,1,3,1,4,10,9,19,42,81,91,214,201,415,378,491,327,217
30-Oct-2020 08:04:00,16202,16928,27458,38604,29444,32610,21311,21712,19914,18941,15122,14646,9422,10697,4760,5235,2826,2272,1229,539,1,0,1,1,4,0,1,4,5,25,23,36,32,76,41,70,34,31,16,5,0,0,0,1,0,0,0,1,0,8,11,21,15,45,24,35,13,13,2,0,1,0,3,1,2,1,5,10,9,19,42,81,91,214,201,418,379,491,327,217
30-Oct-2020 11:26:00,16210,16934,27473,38616,29461,32619,21321,21717,19922,18949,15125,14650,9423,10699,4761,5235,2826,2273,1229,539,1,0,1,1,4,0,1,5,7,25,23,37,32,83,40,71,35,36,16,6,0,0,0,1,0,0,0,1,0,11,10,22,17,44,23,34,11,11,2,0,1,0,3,1,2,1,5,10,9,19,42,81,91,215,201,418,380,491,328,217
31-Oct-2020 16:42:00,16243,16983,27512,38646,29550,32694,21367,21766,19965,18979,15170,14692,9439,10721,4772,5249,2838,2280,1232,542,1,0,1,1,4,0,1,4,7,20,21,37,34,82,40,73,36,33,12,7,0,0,1,1,0,0,0,2,0,11,10,22,13,41,24,34,10,10,1,0,1,0,3,1,2,1,5,10,9,19,43,83,93,216,201,417,381,491,329,218
31-Oct-2020 22:37:00,16245,16988,27514,38647,29554,32699,21378,21769,19970,18982,15176,14697,9440,10721,4774,5249,2838,2280,1232,542,1,0,1,1,4,0,2,4,6,21,21,38,34,82,40,66,35,33,11,4,0,0,1,1,0,0,0,2,0,10,9,23,13,41,24,33,11,8,1,0,1,0,3,1,2,1,5,10,9,19,43,83,93,218,201,421,384,495,331,218
01-Nov-2020 10:21:00,16244,16984,27519,38646,29572,32714,21388,21783,19979,18990,15186,14701,9446,10729,4776,5253,2839,2282,1233,542,1,0,1,1,4,0,2,3,9,22,20,38,34,82,39,69,33,34,13,5,0,0,1,1,0,0,0,2,0,9,10,21,12,39,23,33,9,9,1,0,1,0,3,1,2,1,5,10,9,19,43,83,93,218,201,421,385,495,331,218
01-Nov-2020 18:26:00,16255,16996,27534,38666,29606,32731,21412,21797,19999,19002,15210,14716,9456,10735,4779,5254,2840,2283,1234,542,0,0,1,0,3,0,2,3,8,18,20,40,35,72,38,70,31,30,12,4,0,0,1,1,0,0,0,2,0,9,10,22,11,39,22,34,9,9,1,0,1,0,3,1,2,1,5,10,9,19,43,83,93,222,202,422,388,496,331,220
02-Nov-2020 06:27:00,16265,17009,27551,38687,29637,32773,21444,21805,20023,19037,15242,14743,9466,10747,4787,5263,2848,2282,1235,542,0,0,1,0,4,0,1,3,7,17,19,39,35,70,40,62,28,24,12,4,0,0,1,1,0,0,0,2,0,8,9,20,11,40,23,32,12,8,2,0,1,0,3,1,2,1,5,10,9,19,43,83,93,222,202,422,389,496,331,220
02-Nov-2020 10:28:00,16276,17017,27555,38698,29648,32787,21451,21814,20033,19040,15244,14747,9468,10749,4790,5265,2851,2283,1235,542,0,0,1,0,2,0,3,3,9,17,21,41,35,76,45,66,32,26,9,4,0,0,1,0,0,0,0,2,0,9,9,22,12,39,23,34,9,8,1,1,1,0,3,1,2,1,5,10,9,19,43,84,93,226,205,423,391,498,333,220
02-Nov-2020 19:15:00,16293,17042,27584,38723,29693,32822,21476,21835,20058,19060,15266,14770,9475,10756,4796,5269,2852,2289,1234,544,0,0,1,0,2,0,3,3,8,16,23,40,35,73,41,68,29,24,11,4,0,0,1,0,1,0,0,2,0,8,9,20,11,38,20,34,7,8,2,0,1,0,3,1,2,1,5,10,9,19,44,84,94,226,205,424,394,500,333,222
02-Nov-2020 21:57:00,16295,17045,27584,38731,29698,32833,21479,21838,20058,19064,15268,14771,9476,10759,4796,5269,2853,2289,1234,544,0,0,1,0,2,0,3,3,8,16,23,41,35,73,40,66,30,26,11,4,0,0,1,0,1,0,0,2,0,8,9,19,11,39,19,33,7,8,2,0,1,0,3,1,2,1,5,10,9,19,44,84,94,226,205,424,395,500,333,222
03-Nov-2020 07:22:00,16319,17058,27597,38755,29723,32862,21496,21859,20084,19080,15287,14788,9487,10782,4803,5275,2854,2292,1234,544,0,0,1,0,2,0,2,3,10,18,22,43,36,73,41,58,28,25,12,5,0,0,1,0,1,0,0,2,1,6,9,19,11,40,23,29,9,9,2,0,1,0,3,1,2,1,5,10,9,19,44,84,94,226,205,424,395,500,333,222
03-Nov-2020 10:55:00,16324,17065,27605,38758,29731,32870,21508,21862,20088,19082,15294,14793,9491,10783,4808,5276,2854,2292,1234,544,0,0,1,0,2,0,3,3,11,20,22,46,34,78,44,63,27,27,14,5,0,0,1,0,1,0,0,2,1,8,10,21,13,41,23,31,8,9,3,0,1,0,3,1,2,1,5,10,9,19,44,84,94,226,205,424,395,501,335,222
03-Nov-2020 22:29:00,16355,17093,27644,38788,29769,32899,21540,21891,20123,19110,15311,14825,9515,10797,4821,5288,2866,2295,1242,545,0,0,1,1,2,0,4,3,10,20,19,42,32,75,38,60,29,26,13,5,0,0,1,2,1,0,0,2,1,8,9,19,12,39,23,33,8,9,2,0,1,0,3,1,2,1,5,10,9,19,44,84,95,226,206,425,396,502,335,224
04-Nov-2020 07:45:00,16366,17099,27662,38810,29798,32922,21558,21913,20147,19126,15333,14839,9524,10806,4829,5291,2868,2299,1245,545,0,1,1,1,2,0,4,4,7,19,20,39,32,72,38,55,24,22,13,8,0,0,1,2,1,0,0,2,2,7,9,20,10,39,23,28,8,4,2,2,1,0,3,1,2,1,5,10,9,19,44,84,95,226,206,425,396,502,335,224
04-Nov-2020 11:10:00,16373,17106,27679,38814,29804,32929,21564,21920,20153,19130,15336,14842,9529,10810,4831,5294,2869,2302,1246,545,0,1,1,1,2,0,4,4,9,20,19,41,32,72,39,57,27,25,12,7,0,0,1,2,1,0,0,2,2,7,10,19,11,42,24,30,8,3,1,1,1,0,3,1,2,1,5,10,9,19,44,84,95,226,206,425,396,502,335,224
04-Nov-2020 19:13:00,16381,17125,27713,38841,29838,32962,21597,21935,20181,19146,15356,14859,9539,10816,4835,5298,2873,2304,1246,547,0,1,1,2,2,0,2,4,7,20,19,41,31,68,40,57,24,23,13,6,0,0,1,2,1,0,0,2,2,6,9,18,11,39,21,29,7,5,2,2,1,0,3,1,2,1,5,10,9,19,44,84,96,226,206,426,396,504,336,225
04-Nov-2020 22:40:00,16388,17136,27719,38855,29851,32975,21607,21946,20186,19153,15363,14863,9547,10821,4835,5300,2873,2308,1247,546,0,1,1,2,2,0,2,4,8,20,20,41,31,69,40,57,25,23,13,6,0,0,1,2,1,0,0,2,2,7,10,18,10,38,20,29,7,4,2,1,1,0,3,1,2,1,5,10,9,19,44,84,96,226,206,426,396,504,336,225
05-Nov-2020 07:08:00,16391,17142,27740,38860,29875,33006,21623,21963,20210,19168,15372,14877,9556,10831,4844,5305,2873,2310,1250,547,0,1,1,1,2,0,1,3,9,19,20,38,32,67,41,52,22,22,13,6,0,0,1,2,1,0,0,1,2,5,10,19,9,38,19,27,7,7,2,2,1,0,3,1,2,1,5,10,9,19,44,84,96,225,206,427,396,503,336,226
05-Nov-2020 11:49:00,16399,17147,27748,38867,29889,33020,21631,21971,20220,19175,15381,14882,9560,10833,4846,5306,2873,2311,1250,547,0,1,1,1,2,0,1,3,10,19,20,40,29,68,41,53,23,21,14,6,0,0,1,2,1,0,0,1,2,8,10,19,11,37,19,25,8,6,3,1,1,0,3,1,2,1,6,11,9,19,45,86,98,227,211,435,408,509,335,228
05-Nov-2020 20:30:00,16415,17157,27767,38889,29902,33032,21645,21989,20235,19180,15398,14893,9569,10840,4849,5307,2876,2311,1250,547,0,1,1,1,1,0,1,2,9,17,19,38,25,65,37,52,19,21,11,7,0,0,0,2,1,0,0,0,1,9,9,19,11,36,20,28,8,6,2,1,1,0,3,1,2,1,6,11,9,19,45,86,98,227,211,435,410,509,335,228
06-Nov-2020 06:57:00,16418,17162,27778,38896,29938,33064,21664,22003,20252,19201,15410,14910,9583,10862,4853,5314,2877,2310,1252,549,0,0,1,1,1,0,1,1,7,18,20,36,26,63,37,54,19,22,11,5,0,0,0,2,1,0,0,0,1,7,9,17,8,34,19,27,8,7,2,2,1,0,3,1,2,1,6,11,9,19,45,86,98,227,211,435,410,509,335,228
06-Nov-2020 10:17:00,16419,17162,27779,38899,29940,33064,21665,22006,20254,19199,15415,14915,9588,10859,4854,5314,2879,2311,1255,549,0,0,1,1,1,0,1,1,8,17,20,33,26,66,38,53,19,22,12,6,0,0,1,2,1,0,0,0,1,8,7,15,10,34,19,31,9,5,2,1,1,0,3,1,2,1,6,11,9,19,45,87,98,229,211,436,411,509,335,228
06-Nov-2020 16:25:00,16439,17181,27793,38917,29966,33087,21685,22022,20268,19216,15434,14932,9596,10867,4859,5317,2883,2313,1258,549,0,0,1,1,1,0,1,1,8,17,21,32,25,65,38,53,17,22,11,6,0,0,1,2,1,0,0,0,1,8,6,15,10,33,19,31,8,5,2,1,1,0,3,1,2,1,6,11,9,19,45,87,98,229,211,436,411,509,335,228
07-Nov-2020 17:58:00,16457,17192,27826,38948,30029,33127,21744,22057,20306,19251,15463,14960,9617,10884,4873,5328,2890,2317,1260,551,0,0,1,1,1,0,2,1,9,16,21,29,28,61,39,50,18,23,13,7,0,0,1,2,1,0,0,0,2,8,7,17,12,33,19,31,7,5,2,3,1,0,3,1,2,1,6,11,9,19,45,87,98,231,211,436,412,510,336,228
07-Nov-2020 21:31:00,16460,17196,27828,38952,30034,33129,21749,22057,20309,19256,15468,14959,9620,10886,4873,5328,2891,2317,1261,550,0,0,0,1,1,0,2,1,10,16,21,32,27,60,40,51,20,22,11,7,0,0,0,2,1,0,0,0,2,7,7,17,10,30,18,30,7,5,2,2,1,0,3,1,2,1,6,11,9,19,47,88,99,236,211,438,412,511,339,228
08-Nov-2020 06:40:00,16464,17197,27825,38941,30044,33149,21755,22060,20320,19266,15470,14961,9628,10889,4874,5333,2891,2317,1262,550,0,0,0,1,1,0,2,1,9,17,23,31,28,59,39,48,17,23,11,6,0,0,0,2,1,0,0,0,3,6,7,16,9,31,18,29,7,6,2,3,1,0,3,1,2,1,6,11,9,19,47,88,99,236,211,438,412,511,339,228
08-Nov-2020 11:40:00,16466,17202,27829,38949,30052,33156,21762,22062,20325,19268,15476,14966,9631,10891,4875,5333,2892,2317,1262,550,0,0,0,2,1,0,2,1,10,16,22,34,27,62,42,48,21,22,12,7,0,0,0,2,1,0,0,0,3,8,7,18,9,33,18,30,7,4,2,2,1,0,3,1,2,1,6,11,9,19,47,88,99,236,211,438,412,511,339,228
08-Nov-2020 19:30:00,16472,17212,27843,38963,30070,33164,21768,22070,20341,19277,15488,14971,9640,10897,4878,5338,2893,2319,1263,550,0,0,1,2,1,1,2,1,9,14,20,35,28,58,45,47,21,23,12,7,0,0,0,2,1,0,0,0,2,8,7,17,10,29,18,30,7,5,2,2,1,0,3,1,2,1,6,11,9,19,47,88,100,236,211,438,416,512,342,229
09-Nov-2020 06:40:00,16481,17222,27865,38987,30096,33192,21791,22109,20361,19289,15505,14986,9659,10916,4882,5344,2901,2324,1265,551,0,0,0,2,1,1,2,1,10,16,21,33,28,57,43,47,18,22,11,7,0,0,0,2,1,0,0,0,2,7,7,15,10,25,19,29,8,6,2,3,1,0,3,1,2,1,6,11,9,19,47,87,100,237,211,438,416,512,342,229
09-Nov-2020 18:59:00,16496,17236,27886,38976,30126,33207,21806,22127,20383,19310,15520,15001,9673,10927,4891,5350,2904,2327,1264,552,0,0,1,2,2,1,2,1,11,16,20,33,29,57,45,48,20,24,12,6,0,0,1,1,1,0,0,0,2,8,8,17,11,28,17,30,8,5,2,3,1,0,3,1,2,1,6,11,9,19,47,87,100,237,211,439,416,512,343,229
10-Nov-2020 06:13:00,16505,17259,27917,39011,30165,33248,21825,22160,20414,19336,15539,15030,9693,10945,4898,5357,2907,2330,1264,553,0,0,0,2,2,1,2,1,9,16,18,33,29,56,44,47,19,24,11,6,0,0,0,2,1,0,0,0,2,6,8,16,7,23,20,27,9,6,2,3,1,0,3,1,2,1,6,11,9,19,47,87,100,238,211,440,416,512,343,229
10-Nov-2020 12:06:00,16512,17263,27923,39032,30177,33260,21834,22169,20421,19345,15550,15037,9699,10951,4900,5360,2908,2330,1266,554,0,0,1,1,2,1,4,1,9,16,18,34,29,56,44,47,20,24,10,5,0,0,1,1,1,0,1,0,2,8,8,18,11,26,18,28,8,5,2,2,1,0,3,1,2,1,6,11,9,19,47,87,100,239,211,442,416,512,343,229
10-Nov-2020 18:59:00,16521,17275,27934,39046,30197,33271,21851,22189,20442,19355,15557,15051,9710,10956,4904,5363,2910,2331,1267,554,0,0,1,1,2,1,4,1,8,15,16,33,30,53,41,43,19,23,8,5,0,0,0,1,1,0,0,0,2,9,7,17,9,24,18,28,7,5,2,2,1,0,3,1,2,1,6,11,9,19,47,87,100,240,211,442,416,512,343,229
10-Nov-2020 22:45:00,16526,17284,27948,39063,30216,33283,21864,22198,20451,19367,15560,15058,9712,10961,4907,5366,2911,2332,1267,554,0,0,1,1,2,1,4,1,8,15,16,33,30,53,41,43,19,23,8,5,0,0,0,1,1,0,0,0,2,9,7,17,9,25,18,28,7,5,2,2,1,0,3,1,2,1,6,11,9,19,47,87,100,240,211,444,416,512,343,229
11-Nov-2020 06:53:00,16539,17280,27972,39081,30227,33308,21879,22201,20460,19379,15581,15067,9721,10971,4908,5373,2914,2334,1267,554,0,0,1,1,2,1,4,2,8,15,16,31,29,53,41,43,18,25,8,4,0,0,0,1,1,0,0,0,2,7,8,14,7,22,19,25,9,5,2,2,1,0,3,1,2,1,6,11,9,19,47,87,100,239,211,444,416,512,343,229
11-Nov-2020 10:02:00,16541,17285,27976,39085,30234,33312,21885,22202,20461,19385,15587,15069,9725,10976,4910,5376,2914,2334,1267,555,0,0,1,1,2,1,3,1,9,16,17,30,27,52,41,42,22,25,9,4,0,0,0,1,1,0,0,0,2,7,8,17,9,25,18,28,7,5,3,2,1,0,3,1,2,1,6,11,9,20,48,89,102,240,211,446,417,513,343,231
11-Nov-2020 19:21:00,16559,17301,28005,39112,30272,33337,21908,22221,20492,19412,15600,15087,9737,10983,4913,5382,2917,2335,1269,555,0,0,1,1,2,1,3,2,9,16,17,29,26,49,42,44,22,24,11,4,0,0,0,1,1,0,0,0,2,8,7,16,8,23,19,29,6,5,3,2,1,0,3,1,2,1,6,11,9,20,48,90,102,241,211,446,417,513,344,231
11-Nov-2020 22:28:00,16566,17310,28007,39121,30283,33346,21915,22227,20497,19421,15601,15093,9739,10986,4917,5382,2918,2335,1269,555,0,0,1,1,2,1,3,2,9,16,17,29,26,49,42,44,22,24,11,4,0,0,0,1,1,0,0,0,2,8,7,16,8,23,19,29,6,5,2,2,1,0,3,1,2,1,6,11,9,20,48,90,102,242,211,446,417,513,344,231
12-Nov-2020 11:39:00,16579,17333,28019,39128,30327,33393,21946,22248,20523,19439,15626,15116,9751,10998,4924,5396,2926,2339,1271,557,0,0,1,1,2,1,2,2,9,16,17,31,25,49,44,48,21,25,11,4,0,0,0,1,1,0,0,0,2,7,8,17,9,27,19,30,5,5,2,2,1,0,3,1,2,1,6,11,9,20,48,90,102,242,211,446,417,513,344,231
12-Nov-2020 22:19:00,16605,17373,28056,39170,30378,33423,21979,22269,20570,19474,15652,15127,9771,11013,4939,5403,2934,2339,1271,557,0,0,1,1,2,1,2,1,10,15,17,27,22,52,41,48,21,22,10,5,0,0,0,1,1,0,0,0,2,7,8,16,9,25,17,32,4,4,3,2,1,0,3,1,2,1,6,11,9,20,48,90,102,244,212,446,419,514,344,231
13-Nov-2020 08:59:00,16621,17381,28061,39174,30403,33450,21997,22287,20596,19502,15673,15148,9782,11024,4950,5415,2934,2339,1273,559,0,0,1,1,2,1,1,1,11,13,18,28,22,52,36,50,24,23,10,5,0,0,1,1,1,0,0,0,1,7,8,16,11,27,17,29,5,3,3,2,1,0,3,1,2,1,6,11,9,20,48,90,102,244,212,446,418,514,345,231
13-Nov-2020 10:40:00,16621,17383,28065,39175,30403,33452,22001,22287,20597,19503,15674,15149,9784,11024,4952,5415,2937,2339,1277,559,0,0,1,1,2,1,1,1,11,13,18,28,22,52,36,50,24,23,10,5,0,0,1,1,1,0,0,0,1,7,8,16,10,27,17,29,5,3,3,2,1,0,3,1,2,1,6,11,9,20,48,90,102,244,213,446,418,514,345,231
13-Nov-2020 13:54:00,16633,17399,28087,39201,30427,33466,22022,22305,20617,19513,15687,15159,9789,11029,4955,5421,2939,2340,1281,559,0,0,1,1,2,1,1,1,11,13,18,28,22,52,36,52,24,23,10,5,0,0,1,1,1,0,0,0,1,7,8,16,10,27,17,29,5,3,3,2,1,0,3,1,2,1,6,11,10,20,48,91,103,245,215,447,419,514,346,231
14-Nov-2020 17:00:00,16662,17442,28136,39228,30488,33511,22066,22338,20650,19554,15718,15190,9813,11052,4980,5438,2939,2343,1284,559,0,0,1,2,2,1,2,0,11,12,18,27,21,48,36,51,23,22,10,5,0,0,0,2,1,0,0,0,3,6,7,14,9,25,18,30,5,4,3,2,1,0,2,1,3,1,6,11,10,20,48,92,102,246,216,448,419,515,347,231
14-Nov-2020 22:06:00,16664,17447,28143,39235,30492,33519,22072,22343,20656,19557,15722,15195,9815,11056,4981,5438,2940,2344,1284,560,0,0,1,2,2,1,2,0,11,12,17,27,22,50,33,50,24,22,12,5,0,0,0,2,1,0,0,0,3,5,6,13,9,25,16,30,6,3,3,2,1,0,2,1,3,1,6,11,10,20,48,92,102,246,216,448,419,515,347,231
15-Nov-2020 11:03:00,16663,17458,28159,39228,30497,33538,22096,22360,20676,19564,15730,15208,9822,11064,4984,5447,2941,2345,1285,560,0,0,1,2,2,1,2,0,10,12,18,27,24,52,32,51,23,21,13,5,0,0,0,2,1,0,0,0,3,7,6,14,9,24,15,33,6,4,3,2,1,0,2,1,3,1,6,11,10,20,49,92,103,246,220,449,421,517,347,231
15-Nov-2020 19:06:00,16675,17470,28174,39252,30518,33562,22111,22404,20693,19591,15739,15220,9834,11075,4987,5454,2945,2345,1285,560,0,0,1,2,2,1,3,0,9,10,18,28,23,53,31,57,22,22,14,5,0,0,0,2,1,0,0,0,3,7,6,15,9,25,17,33,6,4,3,2,1,0,2,1,3,1,6,11,10,20,49,92,103,246,220,449,421,517,347,231
16-Nov-2020 06:51:00,16693,17481,28197,39271,30569,33597,22139,22440,20727,19621,15772,15239,9846,11096,4992,5465,2950,2348,1287,560,1,0,1,2,2,1,3,0,8,10,19,27,23,50,30,56,19,21,14,5,0,0,0,2,1,0,0,0,3,5,7,13,6,23,17,35,8,4,3,3,1,0,2,1,3,1,6,11,10,20,49,92,103,246,220,449,421,517,347,231
16-Nov-2020 11:02:00,16705,17488,28207,39280,30589,33607,22152,22450,20742,19626,15783,15247,9853,11098,4994,5468,2954,2348,1290,562,1,0,1,2,2,1,3,0,8,10,17,28,25,53,36,60,21,21,15,5,0,0,0,2,1,0,0,0,3,6,5,14,8,26,19,34,6,4,3,2,1,0,2,1,3,1,6,11,10,20,49,92,103,246,220,449,421,517,347,231
16-Nov-2020 19:18:00,16727,17507,28242,39320,30614,33641,22176,22476,20766,19651,15801,15266,9862,11107,5004,5476,2961,2351,1290,563,1,0,1,2,2,1,4,0,9,13,17,29,27,51,36,61,23,21,13,5,0,0,0,2,1,0,0,0,1,6,6,13,8,25,19,31,7,4,3,2,1,0,2,1,3,1,6,11,10,20,50,92,104,246,220,449,421,517,347,231
17-Nov-2020 06:52:00,16743,17522,28273,39341,30656,33664,22211,22503,20792,19681,15825,15292,9885,11127,5011,5484,2965,2355,1291,566,1,0,1,2,2,1,4,0,9,13,19,29,28,51,32,62,20,21,11,5,0,0,0,2,1,0,0,0,1,6,9,13,7,25,22,31,9,4,2,3,1,0,2,1,3,1,6,11,10,20,50,92,104,246,219,450,422,517,347,231
17-Nov-2020 11:05:00,16746,17527,28284,39358,30664,33673,22220,22511,20802,19688,15828,15295,9888,11133,5013,5486,2964,2359,1290,567,1,0,1,2,2,2,4,0,9,12,18,28,26,51,36,57,22,23,11,5,0,0,0,2,2,0,0,0,1,7,6,12,8,24,19,26,8,5,2,2,1,0,2,1,3,1,6,11,10,20,50,92,104,246,220,450,422,517,347,231
17-Nov-2020 18:45:00,16758,17539,28303,39380,30685,33681,22235,22523,20821,19704,15845,15301,9892,11139,5022,5492,2966,2361,1290,569,1,0,1,1,2,1,5,0,10,12,18,28,25,55,38,57,22,24,10,7,0,0,0,2,2,0,1,0,1,6,6,11,8,24,20,26,8,5,2,2,1,0,2,1,3,1,6,11,10,20,50,92,104,246,220,450,422,517,347,231
18-Nov-2020 08:34:00,16777,17557,28337,39420,30744,33718,22272,22561,20865,19727,15883,15330,9917,11159,5039,5505,2973,2367,1292,567,1,0,1,1,2,0,5,0,9,12,17,25,26,54,35,56,22,26,9,6,0,0,0,2,2,0,1,0,1,6,7,12,8,25,20,28,10,5,2,3,1,0,2,1,3,1,6,11,10,20,50,92,104,246,220,450,422,517,347,231
18-Nov-2020 11:34:00,16787,17561,28348,39428,30760,33727,22282,22567,20874,19732,15893,15336,9919,11161,5043,5506,2974,2367,1292,567,1,0,1,1,2,1,5,0,9,12,18,27,27,54,39,56,24,26,9,6,0,0,0,2,2,0,1,0,1,6,7,13,8,24,20,28,8,5,2,2,1,0,2,1,3,1,6,11,10,20,50,92,104,246,220,450,422,517,349,231
18-Nov-2020 19:22:00,16793,17573,28373,39439,30779,33748,22300,22580,20892,19741,15911,15346,9934,11174,5050,5510,2976,2368,1294,566,1,0,1,2,2,1,4,0,10,12,17,26,24,51,39,57,21,24,8,7,0,0,0,3,2,0,1,0,1,6,7,12,8,22,19,28,8,5,2,1,1,0,2,1,3,1,6,11,10,20,50,92,104,246,220,450,422,517,350,231
18-Nov-2020 22:07:00,16798,17577,28390,39446,30794,33763,22309,22588,20903,19747,15920,15350,9938,11182,5054,5511,2977,2368,1294,567,1,0,1,2,2,1,4,0,10,12,18,25,24,51,39,57,21,24,8,7,0,0,0,3,2,0,1,0,1,6,7,12,8,22,19,28,8,5,2,1,1,0,2,1,3,1,6,11,10,20,50,92,104,246,220,450,423,517,350,231
19-Nov-2020 08:15:00,16815,17588,28399,39466,30823,33792,22342,22608,20931,19774,15936,15368,9948,11192,5058,5522,2980,2368,1294,567,1,0,1,2,2,0,3,1,9,13,12,26,26,50,40,53,21,28,7,7,0,0,0,2,2,0,1,0,1,5,9,13,8,24,19,31,10,5,2,4,1,0,2,1,3,1,6,11,10,20,50,92,104,246,220,450,423,517,350,231
19-Nov-2020 19:13:00,16843,17613,28432,39498,30870,33826,22391,22638,20957,19800,15964,15388,9961,11206,5066,5526,2980,2370,1298,566,1,0,1,2,2,1,2,1,10,11,17,28,26,50,41,54,24,25,8,7,0,0,0,2,2,0,1,0,1,6,7,14,8,22,18,26,9,7,2,2,1,0,2,1,3,1,6,11,10,20,50,92,104,247,221,451,423,517,350,231
20-Nov-2020 06:47:00,16858,17629,28463,39532,30915,33862,22422,22664,20984,19823,15977,15397,9976,11224,5073,5532,2986,2370,1300,566,1,0,1,2,1,0,3,2,9,11,16,25,26,50,37,53,24,25,9,7,0,0,0,2,1,0,2,0,1,5,9,12,9,25,17,27,10,8,3,3,1,0,2,1,3,1,6,11,10,20,50,92,104,247,221,451,423,517,350,231
20-Nov-2020 10:00:00,16860,17631,28464,39533,30918,33862,22424,22664,20986,19826,15978,15398,9977,11227,5073,5533,2987,2370,1301,566,1,0,1,2,1,1,3,2,10,11,18,33,26,53,39,51,26,22,8,7,0,0,0,2,1,0,2,0,1,6,6,14,8,22,17,25,9,6,2,2,1,0,2,1,3,1,6,11,10,20,50,92,104,247,221,451,423,518,351,231
20-Nov-2020 16:16:00,16879,17649,28496,39557,30953,33880,22447,22682,21012,19847,16000,15413,9984,11239,5079,5537,2989,2371,1303,566,1,0,1,2,1,1,3,2,10,11,18,33,26,53,39,51,26,22,8,7,0,0,0,2,1,0,2,0,1,6,6,14,8,22,17,25,9,6,2,2,1,0,2,1,3,1,6,11,10,20,50,92,104,247,221,451,423,518,351,231
21-Nov-2020 17:00:00,16903,17683,28545,39598,31012,33928,22509,22717,21070,19884,16023,15444,10003,11258,5091,5546,2996,2377,1305,569,1,0,1,2,0,1,3,2,8,11,14,37,24,55,37,52,24,21,8,8,0,0,0,2,0,0,2,0,1,5,6,13,7,22,16,26,11,6,2,2,1,0,2,1,3,1,6,11,10,20,50,92,104,246,222,452,427,520,353,232
21-Nov-2020 21:59:00,16906,17689,28547,39603,31018,33931,22516,22723,21073,19887,16024,15447,10007,11266,5091,5546,2996,2377,1305,569,1,0,1,2,0,0,3,2,7,11,15,37,26,55,36,54,24,23,7,7,0,0,0,2,0,0,2,0,1,6,5,14,8,21,16,25,10,6,2,2,1,0,2,1,4,1,6,11,10,20,50,92,104,246,224,452,427,520,353,232
22-Nov-2020 10:06:00,16910,17699,28561,39610,31036,33955,22544,22732,21088,19898,16039,15463,10024,11276,5093,5555,2997,2378,1307,569,1,0,1,2,0,0,3,2,4,11,16,37,27,56,36,54,26,22,8,7,0,0,0,2,0,0,2,0,1,5,5,13,8,22,17,25,10,5,2,2,1,0,2,1,4,1,6,11,10,20,50,92,104,246,224,452,427,520,353,232
22-Nov-2020 18:52:00,16925,17717,28586,39644,31064,33985,22573,22753,21112,19920,16056,15477,10036,11285,5095,5558,3000,2379,1308,569,1,0,1,0,0,1,2,2,4,11,18,33,25,55,34,52,22,20,6,6,0,0,0,1,0,0,1,0,1,6,5,14,7,22,18,26,10,5,2,2,1,0,2,1,5,1,6,11,11,20,52,94,104,249,228,466,431,527,358,232
23-Nov-2020 00:03:00,16933,17724,28598,39649,31092,33996,22586,22767,21121,19930,16070,15486,10039,11292,5098,5561,3003,2378,1308,569,1,0,1,1,0,1,2,2,3,12,15,32,25,59,31,53,20,20,5,7,0,0,0,1,0,0,1,0,1,5,8,14,8,23,18,27,11,6,2,4,1,0,2,1,5,1,6,11,11,20,52,94,105,249,228,466,432,527,358,232
23-Nov-2020 07:57:00,16949,17727,28620,39676,31117,34025,22628,22786,21145,19958,16085,15506,10056,11308,5102,5566,3008,2378,1309,569,1,0,1,1,0,1,2,2,4,12,16,30,26,57,31,54,20,21,5,7,0,0,0,1,0,0,1,0,1,5,8,13,8,23,18,27,12,7,2,3,1,0,2,1,5,1,7,11,11,20,52,94,105,249,229,467,433,528,359,232
23-Nov-2020 14:39:00,16967,17737,28642,39712,31133,34048,22655,22801,21159,19968,16104,15514,10064,11312,5106,5572,3008,2379,1309,570,1,0,1,1,0,1,2,2,3,11,22,34,26,58,32,52,22,21,5,7,0,0,0,2,0,0,1,0,1,6,5,12,7,23,16,25,10,5,2,2,1,0,2,1,5,1,7,11,11,20,52,95,105,250,229,468,434,528,359,232
23-Nov-2020 19:30:00,16974,17741,28651,39724,31157,34059,22670,22814,21171,19977,16119,15526,10071,11322,5107,5579,3009,2381,1309,570,1,0,1,1,0,1,2,0,3,11,19,29,23,58,38,50,23,17,5,9,0,0,0,1,0,0,1,0,1,6,5,11,6,23,17,25,11,5,1,2,1,0,2,1,5,1,7,11,11,20,52,95,105,250,229,468,434,528,359,232
23-Nov-2020 22:31:00,16991,17753,28660,39743,31170,34074,22685,22820,21181,19988,16129,15535,10078,11325,5110,5585,3009,2381,1311,570,1,0,1,1,0,1,2,0,3,11,19,29,23,59,38,50,23,17,5,9,0,0,0,1,0,0,1,0,1,6,5,11,6,23,17,25,11,5,1,2,1,0,2,1,5,1,7,11,11,20,52,95,105,250,229,468,434,528,359,232
24-Nov-2020 06:05:00,17003,17768,28705,39755,31204,34109,22712,22840,21209,20016,16147,15542,10091,11338,5116,5591,3014,2384,1313,570,1,0,1,1,0,1,2,0,3,12,15,25,21,54,36,47,22,17,4,9,0,0,0,1,0,0,0,0,1,5,8,11,7,24,15,24,13,6,1,4,1,0,2,1,5,1,7,11,11,20,52,95,105,250,228,468,435,528,359,232
24-Nov-2020 12:18:00,17010,17777,28717,39768,31219,34125,22725,22854,21224,20028,16155,15548,10096,11343,5119,5596,3014,2387,1315,570,1,0,1,1,0,1,1,0,4,11,18,28,23,55,37,49,22,20,4,9,0,0,0,2,0,0,1,0,2,6,5,10,7,23,17,24,10,5,1,2,1,0,2,1,5,1,7,11,11,20,52,95,105,253,229,470,435,528,360,232
24-Nov-2020 20:00:00,17029,17793,28744,39785,31255,34154,22751,22870,21252,20052,16171,15562,10104,11353,5127,5603,3015,2388,1315,570,1,0,1,1,0,1,1,0,3,13,16,27,22,54,36,49,22,17,4,8,0,0,0,2,0,0,1,0,2,6,5,10,7,22,17,25,10,5,1,2,1,0,2,1,5,1,7,11,11,20,52,95,106,253,229,471,435,529,360,232
25-Nov-2020 06:39:00,17051,17794,28768,39819,31292,34182,22786,22904,21289,20066,16203,15593,10116,11371,5135,5611,3015,2389,1316,570,1,0,1,1,0,1,1,0,4,13,11,27,22,55,35,46,21,18,3,6,0,0,0,1,0,0,0,0,2,5,7,13,7,24,15,23,12,7,1,3,1,0,2,1,5,1,7,11,11,20,52,95,106,254,229,471,435,529,360,232
25-Nov-2020 10:53:00,17059,17799,28783,39831,31309,34194,22798,22909,21296,20068,16209,15599,10120,11373,5136,5613,3016,2391,1317,570,1,0,1,1,0,2,1,0,6,15,16,28,23,55,36,50,21,17,4,5,0,0,0,2,0,0,1,0,2,6,5,10,6,22,16,23,9,4,1,1,1,0,2,1,5,1,7,11,11,20,52,95,107,254,229,472,435,530,360,233
25-Nov-2020 19:13:00,17077,17820,28828,39856,31351,34222,22823,22936,21324,20101,16227,15618,10138,11387,5142,5619,3019,2391,1318,570,0,0,1,1,0,2,1,1,4,15,15,27,22,53,37,51,24,17,5,7,0,0,0,2,0,0,1,0,2,6,5,11,5,23,15,24,11,3,1,1,1,0,2,1,5,1,7,11,11,20,52,95,107,254,229,472,435,530,360,233
26-Nov-2020 07:43:00,17112,17851,28883,39900,31400,34272,22893,22989,21378,20129,16267,15652,10163,11411,5150,5636,3026,2393,1320,571,0,0,1,1,0,1,1,1,5,13,12,27,26,52,36,52,23,19,5,7,0,0,0,2,0,0,1,0,2,5,7,12,6,23,18,25,13,4,1,2,1,0,2,1,5,1,7,11,11,20,52,95,107,254,229,472,435,530,360,233
26-Nov-2020 10:54:00,17116,17855,28897,39902,31418,34283,22899,22998,21383,20137,16270,15655,10166,11412,5150,5636,3027,2394,1320,571,0,0,1,1,0,1,1,1,6,14,14,27,26,52,39,54,23,19,5,7,0,0,0,2,0,0,1,0,2,6,5,11,6,22,17,22,11,4,1,1,1,0,2,1,5,1,7,11,11,20,52,95,107,254,229,472,436,530,360,233
27-Nov-2020 07:27:00,17161,17914,28981,39991,31515,34365,22974,23073,21467,20200,16329,15703,10205,11441,5177,5666,3038,2401,1322,575,0,0,1,1,0,1,1,1,7,13,14,22,28,46,34,55,19,18,5,6,0,0,0,2,0,0,0,0,2,6,7,10,7,24,16,22,12,4,3,2,1,0,2,1,5,1,7,11,11,20,52,94,108,255,230,473,437,531,361,234
27-Nov-2020 10:36:00,17170,17921,28996,40001,31522,34375,22987,23079,21474,20201,16334,15709,10212,11445,5178,5669,3040,2401,1324,575,0,0,1,1,0,1,1,1,7,11,17,24,29,46,34,56,20,17,5,5,0,0,0,2,0,0,1,0,2,6,5,10,7,22,15,21,11,3,2,1,1,0,2,1,5,1,7,11,11,20,52,94,108,256,230,473,437,532,361,234
27-Nov-2020 15:25:00,17180,17932,29025,40026,31551,34390,23007,23093,21493,20219,16345,15723,10221,11453,5181,5673,3043,2401,1324,575,0,0,1,1,0,1,1,1,7,11,17,24,29,45,34,56,20,17,5,5,0,0,0,1,0,0,1,0,2,6,5,10,7,21,15,21,11,3,2,1,1,0,2,1,5,1,7,11,12,20,52,94,108,257,231,473,437,532,361,234
28-Nov-2020 16:32:00,17208,17979,29077,40070,31631,34474,23087,23164,21548,20268,16398,15763,10255,11493,5203,5690,3055,2405,1328,577,0,0,1,1,0,1,1,1,7,12,18,24,24,45,32,60,24,14,3,6,0,0,0,2,0,0,1,0,2,6,5,10,7,20,14,23,11,4,1,1,1,1,2,1,5,1,7,11,12,20,52,94,108,257,232,475,438,533,361,234
28-Nov-2020 23:32:00,17219,17987,29086,40080,31651,34488,23095,23175,21562,20278,16413,15769,10263,11500,5204,5696,3056,2406,1328,577,0,0,1,1,0,1,1,1,7,12,19,25,23,43,32,59,23,12,3,7,0,0,0,1,0,0,1,0,2,5,5,9,8,18,13,22,10,3,1,1,1,1,2,1,5,1,7,11,12,20,52,94,108,259,234,476,438,536,362,234
29-Nov-2020 07:46:00,17221,17992,29101,40078,31672,34520,23114,23187,21574,20288,16435,15780,10272,11511,5210,5698,3059,2409,1328,578,0,0,1,1,0,1,1,1,7,15,17,24,22,47,33,57,23,14,4,6,0,0,0,1,0,0,1,0,2,6,6,11,8,18,15,25,12,5,1,2,1,1,2,1,5,1,7,11,12,19,52,95,108,259,234,476,438,536,362,234
29-Nov-2020 11:30:00,17226,17996,29114,40086,31686,34531,23129,23196,21590,20296,16441,15790,10280,11516,5214,5703,3059,2409,1328,578,0,0,1,1,0,1,1,1,7,14,18,24,22,46,32,58,23,13,3,6,0,0,0,1,0,0,1,0,2,6,5,9,9,18,12,23,9,3,1,1,1,1,2,1,5,1,7,11,12,19,52,95,108,259,234,476,438,536,362,234
29-Nov-2020 23:03:00,17249,18023,29143,40122,31724,34568,23175,23228,21627,20342,16470,15812,10305,11529,5224,5715,3063,2413,1330,580,0,0,1,1,0,0,1,1,7,15,19,25,21,41,32,54,21,15,2,5,0,0,0,1,0,0,1,0,2,4,3,8,8,16,12,23,10,2,1,1,1,1,2,1,5,1,7,11,12,19,53,96,109,260,236,476,439,538,362,235
30-Nov-2020 06:42:00,17262,18025,29171,40142,31771,34606,23207,23263,21651,20360,16501,15834,10325,11547,5234,5725,3065,2417,1330,581,0,0,1,1,0,0,1,1,8,13,13,24,22,44,31,50,23,19,3,7,0,0,0,1,0,0,0,0,2,4,3,12,8,22,15,25,12,7,1,2,1,1,2,1,5,1,7,11,12,19,53,96,109,260,236,476,439,538,362,235
30-Nov-2020 11:15:00,17265,18034,29179,40158,31790,34617,23218,23279,21664,20373,16513,15843,10332,11557,5239,5731,3070,2418,1339,580,0,0,1,1,0,0,1,1,7,13,17,23,24,44,30,53,24,17,2,6,0,0,0,1,0,0,1,0,2,5,2,8,9,18,12,22,10,4,1,1,1,1,2,1,5,1,7,11,12,19,53,96,109,260,236,476,439,538,362,235
30-Nov-2020 19:09:00,17292,18064,29228,40204,31839,34668,23264,23307,21697,20408,16546,15864,10353,11569,5255,5743,3074,2423,1339,580,0,0,0,1,0,0,0,1,7,14,15,22,22,43,31,54,23,15,3,4,0,0,0,1,0,0,0,0,2,5,2,7,9,16,12,21,9,3,1,1,1,1,2,1,5,1,7,11,12,19,53,97,109,260,237,477,439,537,361,235
30-Nov-2020 22:39:00,17299,18075,29238,40218,31855,34676,23274,23316,21721,20416,16561,15871,10364,11579,5262,5753,3075,2423,1339,581,0,0,0,1,0,0,0,1,7,14,15,22,22,43,31,54,23,15,3,4,0,0,0,1,0,0,0,0,2,5,2,7,9,16,12,21,9,3,1,1,1,1,2,1,5,1,7,11,12,19,53,97,109,260,237,477,439,537,361,235
01-Dec-2020 09:03:00,17307,18100,29275,40248,31920,34725,23316,23349,21751,20470,16591,15892,10389,11604,5272,5768,3084,2430,1340,583,0,0,0,0,0,0,0,1,7,14,14,26,21,44,37,51,23,14,3,5,0,0,0,1,0,0,0,0,1,6,2,10,7,17,13,21,9,6,1,1,1,1,2,1,5,1,7,11,12,19,53,97,109,260,237,477,439,537,361,235
01-Dec-2020 10:37:00,17307,18100,29279,40256,31929,34732,23319,23350,21752,20474,16592,15892,10391,11607,5273,5771,3084,2430,1340,583,0,0,0,1,0,0,0,1,7,13,14,25,22,45,36,53,23,15,3,4,0,0,0,2,0,0,0,0,1,6,2,7,7,18,12,21,9,3,1,0,1,1,2,1,5,1,7,11,12,19,53,97,109,261,237,477,440,537,361,235
01-Dec-2020 23:00:00,17356,18145,29327,40309,32010,34781,23373,23406,21812,20511,16638,15927,10413,11636,5283,5780,3090,2436,1341,583,0,0,0,1,0,0,1,1,7,12,14,26,22,42,32,54,25,16,3,2,0,0,0,1,0,0,0,0,1,4,2,7,7,15,12,20,9,4,1,0,1,1,2,1,5,1,7,11,11,21,55,98,109,263,238,478,441,536,361,237
02-Dec-2020 07:48:00,17377,18168,29363,40347,32051,34821,23408,23429,21853,20543,16663,15953,10431,11661,5295,5796,3091,2442,1345,584,0,0,0,1,0,0,1,1,7,13,13,26,21,44,34,48,22,19,4,3,0,0,0,1,0,0,0,0,1,2,3,8,6,18,14,22,10,6,1,1,1,1,2,1,5,1,7,11,11,21,55,98,108,263,239,478,441,536,361,237
02-Dec-2020 11:06:00,17381,18173,29380,40354,32071,34836,23417,23438,21870,20554,16671,15962,10433,11668,5303,5800,3093,2441,1346,584,0,0,0,1,0,1,1,1,9,15,15,29,21,44,35,52,27,19,2,2,0,0,0,1,0,0,0,0,1,4,2,6,6,15,14,19,8,5,1,0,1,1,2,1,5,1,7,11,11,21,55,99,108,263,239,479,442,537,361,237
02-Dec-2020 19:26:00,17406,18204,29433,40401,32131,34877,23470,23471,21913,20594,16706,15987,10451,11697,5310,5813,3101,2448,1346,585,0,0,0,1,0,2,1,1,7,15,14,28,23,44,34,56,25,21,2,4,0,0,0,1,0,0,0,0,1,4,2,5,6,15,14,21,9,3,0,0,1,1,2,1,5,1,7,11,11,21,55,99,108,264,239,479,443,537,361,237
03-Dec-2020 04:16:00,17424,18235,29472,40485,32201,34923,23515,23512,21954,20633,16736,16006,10481,11727,5332,5827,3108,2451,1346,585,0,0,0,1,1,2,1,1,7,13,11,28,21,44,31,51,21,21,2,4,0,0,0,1,0,0,0,0,2,5,3,8,7,19,13,22,11,6,1,1,1,1,2,1,5,1,7,11,11,21,55,99,108,264,239,479,443,537,361,237
03-Dec-2020 11:49:00,17448,18249,29519,40531,32260,34961,23561,23551,21986,20657,16760,16028,10503,11741,5338,5839,3114,2456,1349,587,0,0,0,1,2,2,1,1,8,17,15,31,24,46,32,56,24,22,2,4,0,0,0,2,0,0,0,0,1,3,2,5,6,17,14,21,10,4,0,0,1,1,2,1,5,1,7,11,11,21,55,99,108,264,240,480,446,538,361,238
03-Dec-2020 18:38:00,17458,18267,29577,40571,32307,35007,23601,23577,22016,20684,16789,16043,10516,11760,5348,5848,3115,2459,1349,587,0,0,0,1,1,3,1,1,7,17,14,30,22,44,32,61,24,23,3,4,0,0,0,2,0,0,0,0,1,4,2,6,7,19,14,22,11,5,0,0,1,1,2,1,5,1,7,11,11,21,55,99,108,264,240,480,446,538,361,238
03-Dec-2020 21:59:00,17469,18276,29599,40582,32325,35011,23626,23596,22023,20695,16794,16052,10520,11766,5350,5851,3116,2460,1351,587,0,0,0,1,1,3,1,1,7,17,14,30,22,44,33,61,24,24,3,4,0,0,0,2,0,0,0,0,1,4,2,6,7,16,15,22,11,5,0,0,1,1,2,1,5,1,7,11,11,21,55,99,108,264,240,481,446,538,361,238
04-Dec-2020 07:49:00,17499,18306,29632,40606,32375,35047,23664,23636,22058,20723,16825,16068,10544,11784,5365,5864,3128,2467,1353,594,0,0,0,1,1,3,1,1,9,14,13,32,23,45,28,57,25,23,5,3,0,0,0,1,0,0,0,0,2,6,3,10,8,20,12,20,9,9,1,0,1,1,2,1,5,1,7,11,11,21,55,99,108,264,240,481,446,537,361,239
04-Dec-2020 10:10:00,17511,18319,29651,40617,32401,35075,23677,23651,22071,20733,16836,16080,10548,11796,5371,5868,3131,2468,1356,594,0,0,0,1,1,3,1,3,8,17,17,35,24,50,35,61,27,26,5,6,0,0,0,1,0,0,0,0,3,5,2,5,7,15,13,21,7,6,0,0,1,1,2,1,5,1,7,11,11,21,55,99,108,265,241,482,446,539,361,239
04-Dec-2020 15:59:00,17535,18336,29688,40658,32420,35103,23710,23673,22093,20746,16859,16097,10557,11808,5381,5872,3138,2471,1357,594,0,0,0,1,1,3,1,3,8,17,17,35,23,50,35,61,27,26,5,6,0,0,0,1,0,0,0,0,3,5,2,5,7,15,13,21,7,6,0,0,1,1,2,1,5,1,7,11,11,21,55,99,108,265,241,482,446,539,361,239
05-Dec-2020 17:32:00,17608,18435,29824,40789,32579,35215,23853,23765,22196,20838,16958,16188,10621,11857,5417,5898,3153,2481,1367,597,0,0,0,1,1,4,2,2,8,14,15,31,24,49,29,57,31,29,8,5,0,0,0,1,0,0,0,1,3,5,3,7,8,13,13,19,12,9,1,0,1,1,2,1,5,1,7,11,11,21,55,99,109,265,241,482,448,540,361,240
05-Dec-2020 22:35:00,17618,18446,29831,40800,32598,35223,23862,23781,22208,20847,16964,16202,10629,11862,5418,5901,3157,2483,1367,597,0,0,0,1,1,4,2,2,8,15,16,32,23,50,34,61,32,29,10,5,0,0,0,1,0,0,0,1,3,4,2,6,6,15,13,19,7,6,0,0,1,1,2,1,5,1,7,11,11,21,56,100,110,266,243,483,448,540,362,240
06-Dec-2020 07:22:00,17624,18461,29845,40802,32621,35257,23890,23797,22223,20856,16982,16216,10642,11874,5425,5908,3160,2487,1369,598,0,0,0,1,1,3,2,1,8,14,14,31,23,48,29,56,30,30,12,4,0,0,0,1,0,0,0,0,3,3,4,7,8,17,13,19,14,9,1,0,1,1,2,1,5,1,7,11,11,21,56,100,110,266,243,483,448,540,362,240
06-Dec-2020 10:54:00,17635,18471,29862,40812,32646,35271,23903,23806,22232,20865,16990,16225,10648,11881,5427,5910,3160,2488,1369,598,0,1,0,2,1,4,2,1,8,16,16,36,22,50,32,64,31,29,13,4,0,0,0,2,0,0,0,0,3,5,2,6,5,16,13,20,9,5,0,0,1,1,2,1,5,1,7,12,11,21,56,100,111,266,244,485,449,541,362,240
06-Dec-2020 18:50:00,17662,18502,29911,40859,32710,35323,23960,23841,22273,20910,17011,16256,10664,11905,5437,5919,3163,2490,1370,600,0,1,0,2,1,5,2,2,8,15,17,30,24,50,30,62,34,30,10,2,0,0,0,2,0,0,0,0,3,3,2,6,5,16,14,18,9,5,0,0,1,1,2,1,5,1,7,12,11,21,56,100,111,266,245,485,449,540,362,240
07-Dec-2020 06:57:00,17674,18510,29931,40875,32761,35361,23984,23878,22311,20953,17037,16279,10677,11920,5448,5929,3167,2490,1371,601,0,1,0,2,1,3,2,2,10,16,18,30,23,49,31,61,36,31,9,2,0,0,0,2,0,0,0,0,3,4,4,7,9,22,14,21,14,9,1,0,1,1,2,1,5,1,7,12,11,21,56,100,111,267,245,485,449,540,362,240
07-Dec-2020 10:58:00,17699,18540,29979,40920,32815,35412,24007,23914,22336,20986,17060,16303,10690,11933,5451,5935,3169,2490,1373,601,0,1,0,2,1,3,2,1,8,17,20,29,22,52,31,65,36,31,9,2,0,0,0,2,0,0,0,0,3,4,3,6,5,17,14,18,9,4,0,0,1,1,2,1,5,1,7,12,11,21,56,100,111,267,245,485,449,540,362,240
07-Dec-2020 20:19:00,17738,18584,30052,40996,32897,35481,24074,23984,22406,21045,17098,16355,10718,11962,5468,5945,3180,2495,1373,603,0,1,0,2,1,3,1,2,8,16,17,27,19,51,33,65,39,29,7,2,0,0,0,1,0,0,0,0,2,3,3,7,6,18,14,19,9,4,0,0,1,1,2,1,5,1,7,12,11,21,56,100,112,268,245,486,452,540,363,240
08-Dec-2020 07:41:00,17772,18617,30103,41049,32975,35560,24150,24051,22487,21096,17145,16398,10744,12000,5484,5961,3196,2503,1384,605,0,1,0,2,1,2,1,2,9,13,13,25,18,48,31,63,38,30,7,2,0,0,0,1,0,0,0,0,3,5,4,6,8,20,13,20,14,7,1,0,1,1,2,1,5,1,7,12,11,21,56,100,112,268,245,486,452,540,363,240
08-Dec-2020 11:16:00,17779,18630,30117,41058,32991,35571,24158,24065,22503,21105,17155,16403,10750,12009,5488,5967,3200,2504,1385,606,0,1,0,2,1,4,1,2,10,17,18,27,20,50,30,70,40,29,8,2,0,0,0,1,0,0,0,0,2,3,2,7,7,16,14,18,9,5,1,0,1,1,2,1,5,1,7,12,11,21,56,100,112,268,246,486,452,540,363,240
08-Dec-2020 18:13:00,17816,18665,30173,41090,33039,35611,24192,24102,22541,21132,17185,16431,10765,12025,5498,5979,3206,2508,1385,607,0,1,0,2,1,4,1,3,8,16,12,27,20,50,32,68,38,28,8,2,0,0,0,1,0,0,0,0,2,5,2,7,7,18,14,19,10,5,0,0,1,1,2,1,5,1,7,12,11,21,57,100,112,269,246,486,454,541,365,240
08-Dec-2020 23:17:00,17839,18678,30186,41111,33064,35631,24228,24124,22555,21148,17201,16443,10775,12036,5503,5983,3209,2508,1387,608,0,1,0,2,1,4,1,3,8,16,12,28,20,50,32,68,38,28,8,2,0,0,0,1,0,0,0,0,2,5,2,7,7,18,14,19,10,5,0,0,1,1,2,1,5,1,7,12,11,21,57,100,112,269,246,486,454,541,365,240
09-Dec-2020 07:08:00,17878,18711,30258,41151,33138,35684,24280,24170,22608,21195,17234,16463,10806,12060,5523,6003,3218,2516,1387,608,0,1,0,3,1,3,1,4,8,13,9,22,21,47,30,67,33,31,8,3,0,0,0,1,0,0,0,0,3,3,5,6,7,22,15,24,15,8,1,0,1,1,2,1,5,1,7,12,11,21,57,100,112,269,246,486,454,541,365,240
09-Dec-2020 10:49:00,17881,18713,30261,41155,33144,35691,24287,24171,22610,21198,17238,16467,10809,12062,5524,6003,3217,2516,1388,608,0,0,0,2,1,3,1,4,8,14,14,25,20,50,31,68,36,29,9,3,0,0,0,1,0,1,0,1,2,4,2,7,7,18,14,21,9,5,1,0,1,1,2,1,5,1,7,12,11,21,57,100,112,269,246,486,455,541,365,240
09-Dec-2020 20:01:00,17937,18782,30371,41244,33262,35785,24364,24230,22683,21253,17289,16519,10843,12106,5543,6021,3224,2528,1393,609,0,0,0,2,1,3,1,5,8,12,12,26,20,50,30,68,30,32,9,4,0,0,0,1,0,0,0,1,4,6,3,8,9,17,16,23,9,7,0,0,1,1,2,1,5,1,7,12,11,21,57,100,112,269,246,486,456,541,365,240
09-Dec-2020 23:46:00,17945,18791,30383,41257,33278,35802,24382,24242,22707,21263,17305,16530,10848,12114,5548,6023,3226,2530,1394,611,0,0,0,2,1,3,1,5,8,12,12,26,20,50,30,68,30,32,9,4,0,0,0,1,0,0,0,1,4,6,3,8,9,17,16,23,9,7,0,0,1,1,2,1,5,1,7,12,11,21,57,100,112,269,246,486,456,541,365,240
10-Dec-2020 08:18:00,17978,18825,30424,41307,33350,35865,24442,24281,22766,21313,17343,16569,10887,12143,5561,6048,3247,2538,1398,612,0,0,0,2,1,3,1,5,8,12,13,25,19,51,31,69,30,32,9,4,0,0,0,1,0,0,0,1,3,6,2,8,8,16,16,22,8,7,0,0,1,1,2,1,5,1,7,12,11,21,57,100,112,269,246,486,456,541,365,240
10-Dec-2020 13:48:00,18007,18868,30471,41351,33415,35922,24485,24332,22808,21346,17375,16595,10897,12159,5567,6062,3253,2543,1400,612,0,0,0,2,1,3,1,5,8,12,13,29,17,50,34,65,35,32,6,4,0,0,0,1,0,1,0,0,1,5,2,9,7,16,16,20,8,6,0,0,1,1,2,1,5,1,7,12,11,21,57,100,112,269,246,487,456,543,365,240
10-Dec-2020 23:48:00,18041,18921,30542,41415,33497,35971,24544,24399,22875,21392,17422,16647,10932,12188,5576,6072,3269,2549,1405,615,0,0,0,2,1,2,1,6,9,13,11,30,17,54,33,62,31,32,5,4,0,0,0,1,0,1,0,0,1,5,2,9,7,17,16,24,8,5,0,0,1,1,2,1,5,1,7,12,12,21,57,100,113,270,247,494,465,544,368,240
11-Dec-2020 08:54:00,18057,18948,30580,41438,33533,36028,24591,24419,22908,21424,17450,16666,10947,12210,5588,6086,3284,2551,1411,615,0,0,0,2,1,1,1,6,10,14,13,32,20,53,31,64,30,29,5,4,0,0,0,1,0,0,0,1,3,5,2,11,7,18,18,25,7,8,0,0,1,1,2,1,5,1,7,12,12,21,57,101,113,270,247,494,465,544,368,240
11-Dec-2020 11:51:00,18062,18952,30591,41447,33550,36033,24594,24431,22917,21432,17458,16670,10953,12216,5589,6087,3285,2552,1411,615,0,0,0,2,1,1,1,6,10,14,13,32,20,53,33,66,30,28,5,4,0,0,0,1,0,0,0,1,2,5,2,10,6,17,17,25,7,6,0,0,1,1,2,1,5,2,7,12,12,21,57,101,114,270,248,494,467,546,368,240
11-Dec-2020 14:40:00,18081,18967,30630,41479,33581,36060,24618,24453,22929,21446,17474,16687,10967,12223,5594,6092,3285,2553,1411,615,0,0,0,2,1,1,1,6,10,14,13,31,21,53,33,66,30,28,5,4,0,0,0,1,0,0,0,1,2,5,2,10,6,17,17,25,7,6,0,0,1,1,2,1,5,2,7,12,12,21,57,101,114,270,248,494,467,546,368,240
12-Dec-2020 16:42:00,18186,19068,30797,41648,33779,36218,24790,24576,23080,21560,17594,16802,11039,12313,5626,6129,3299,2568,1420,618,0,0,0,2,1,2,2,6,10,12,13,34,17,58,32,65,32,26,8,5,0,0,0,1,0,0,0,1,2,5,4,11,6,25,17,30,10,9,0,0,1,1,2,1,5,2,7,12,12,21,57,101,113,272,250,497,469,548,368,240
12-Dec-2020 22:49:00,18212,19100,30838,41688,33826,36251,24836,24621,23124,21595,17631,16829,11056,12336,5636,6142,3304,2571,1422,619,0,0,0,2,1,2,2,6,11,12,13,34,19,59,33,65,32,28,9,5,0,0,0,1,0,0,0,1,2,5,2,11,6,17,18,23,9,6,0,0,1,1,2,1,5,2,7,12,12,21,58,101,113,272,250,497,471,549,368,240
