date,tests,tests_result,tests_positive,tests_cumulative,new_hospitalized,Counthospitalized,Counthospitalized_without_release,CountHardStatus,CountMediumStatus,CountEasyStatus,CountBreath,CountDeath,total_beds,StandardOccupancy,num_visits,patients_home,patients_hotel,CountBreathCum,CountDeathCum,CountCriticalStatus,CountSeriousCriticalCum,recovered
12-Feb-2020,35,35,0,291,,,,,,,,,,,,,,,,,,0
13-Feb-2020,35,35,0,326,,,,,,,,,,,,,,,,,,0
14-Feb-2020,30,30,0,356,,,,,,,,,,,,,,,,,,0
15-Feb-2020,3,3,0,359,,,,,,,,,,,,,,,,,,0
16-Feb-2020,23,23,0,382,,,,,,,,,,,,,,,,,,0
17-Feb-2020,41,41,0,423,,,,,,,,,,,,,,,,,,0
18-Feb-2020,46,46,0,469,,,,,,,,,,,,,,,,,,0
19-Feb-2020,34,34,0,503,,,,,,,,,,,,,,,,,,0
20-Feb-2020,29,29,0,532,,,,,,,,,,,,,,,,,,0
21-Feb-2020,28,28,1,560,,,,,,,,,,,,,,,,,,0
22-Feb-2020,13,13,0,573,,,,,,,,,,,,,,,,,,0
23-Feb-2020,56,56,0,629,,,,,,,,,,,,,,,,,,0
24-Feb-2020,75,74,1,704,,,,,,,,,,,,,,,,,,0
25-Feb-2020,108,108,0,812,,,,,,,,,,,,,,,,,,0
26-Feb-2020,108,108,0,920,,,,,,,,,,,,,,,,,,0
27-Feb-2020,171,171,1,1091,,,,,,,,,,,,,,,,,,0
28-Feb-2020,118,118,3,1209,,,,,,,,,,,,,,,,,,0
29-Feb-2020,158,158,0,1367,,,,,,,,,,,,,,,,,,0
01-Mar-2020,187,178,1,1554,,,,,,,,,,,,,,,,,,0
02-Mar-2020,171,170,5,1725,3,10,10,0,0,10,0,0,1914,0.00522466039707419,5632,-233,0,0,0,0,0,0
03-Mar-2020,235,227,3,1960,0,10,10,0,0,10,0,0,1914,0.00522466039707419,7857,-230,0,0,0,0,0,0
04-Mar-2020,129,128,0,2089,3,12,11,0,0,12,0,0,1914,0.00626959247648903,7012,-231,0,0,0,0,0,0
05-Mar-2020,173,165,2,2262,2,13,13,1,0,12,0,0,1914,0.00679205851619645,7012,-231,0,0,0,0,1,0
06-Mar-2020,274,274,4,2536,3,16,16,2,0,14,1,0,1914,0.00835945663531871,5177,-230,0,1,0,0,2,0
07-Mar-2020,336,324,4,2872,3,21,21,3,0,18,2,0,1914,0.0109717868338558,4861,-231,0,2,0,0,3,0
08-Mar-2020,421,417,9,3293,8,27,27,5,0,22,4,0,1914,0.0141065830721003,7330,-228,0,4,0,0,5,0
09-Mar-2020,518,515,4,3811,16,41,41,5,0,36,4,0,1914,0.0214211076280042,6205,-238,0,4,0,0,5,0
10-Mar-2020,520,495,33,4331,19,61,61,6,0,55,5,0,1914,0.0318704284221526,6021,-225,0,5,0,0,6,0
11-Mar-2020,401,376,19,4732,25,84,83,7,1,76,6,0,1914,0.0438871473354232,5981,-228,0,6,0,0,7,0
12-Mar-2020,607,594,22,5339,23,107,105,7,1,99,6,0,1914,0.0559038662486938,5983,-228,0,6,0,0,7,0
13-Mar-2020,694,689,35,6033,23,127,126,7,5,115,6,0,1914,0.0663531870428422,4121,-215,0,6,0,0,7,1
14-Mar-2020,614,611,29,6647,41,167,165,6,5,156,4,0,1914,0.087251828631139,3692,-225,0,6,0,0,8,0
15-Mar-2020,1183,1125,39,7830,41,206,204,9,7,190,6,0,1914,0.107628004179728,5489,-225,0,8,0,0,11,0
16-Mar-2020,1345,1321,73,9175,25,226,220,11,6,209,7,0,1914,0.118077324973877,4757,-168,0,9,0,0,13,0
17-Mar-2020,1647,1566,94,10822,46,261,261,12,7,242,7,0,1914,0.136363636363636,4331,-117,0,9,0,0,14,2
18-Mar-2020,2106,1990,118,12928,54,313,275,16,12,285,7,0,1914,0.163531870428422,3920,-15,0,9,0,0,18,2
19-Mar-2020,2076,1983,136,15004,31,302,270,21,12,269,12,0,1914,0.157784743991641,4053,122,0,14,0,0,23,4
20-Mar-2020,2317,2231,168,17321,30,294,256,23,15,256,12,1,1914,0.153605015673981,3207,302,0,14,1,0,26,1
21-Mar-2020,2108,2066,210,19429,34,285,282,27,22,236,15,0,1914,0.148902821316614,2905,485,0,17,1,0,30,1
22-Mar-2020,3350,3219,254,22779,54,334,315,38,33,263,22,0,1914,0.174503657262278,4523,702,0,24,1,0,41,4
23-Mar-2020,3626,3500,352,26405,58,364,331,44,37,283,24,0,1914,0.1901776384535,4053,1032,0,28,1,0,48,6
24-Mar-2020,4789,4640,423,31194,81,408,354,48,49,311,26,3,1914,0.213166144200627,3963,1424,0,30,4,0,55,5
25-Mar-2020,5936,5787,425,37130,81,428,411,52,54,322,28,1,1914,0.223615464994775,3666,1785,0,33,5,0,60,6
26-Mar-2020,6504,6283,520,43634,81,484,430,56,67,361,31,5,1914,0.252873563218391,3925,2270,0,39,10,0,69,11
27-Mar-2020,5750,5584,433,49384,108,532,481,67,71,394,37,2,1914,0.277951933124347,3267,2632,0,46,12,0,82,18
28-Mar-2020,5739,5535,480,55123,52,527,496,70,82,375,41,1,1914,0.27533960292581,2834,3087,0,51,13,0,87,9
29-Mar-2020,7575,7237,532,62698,69,556,529,80,89,387,50,3,1914,0.290491118077325,4289,3567,0,62,16,0,101,16
30-Mar-2020,7100,6821,546,69798,122,633,584,89,104,440,54,1,1914,0.330721003134796,3886,4022,0,69,17,0,113,35
31-Mar-2020,7989,7531,738,77787,110,683,640,98,117,468,64,4,1914,0.356844305120167,4005,4650,0,81,21,0,128,50
01-Apr-2020,9008,8578,696,86795,147,772,730,111,143,518,72,8,1914,0.403343782654128,4089,4524,689,95,29,0,148,35
02-Apr-2020,10225,9469,719,97020,115,815,730,113,145,557,79,9,1914,0.425809822361547,4284,5102,720,106,38,0,160,101
03-Apr-2020,10328,9779,597,107348,97,813,724,131,159,523,93,5,1914,0.424764890282132,3494,5643,717,126,43,0,182,60
04-Apr-2020,6355,5988,428,113703,73,788,750,140,170,478,107,6,1914,0.411703239289446,3155,5981,718,143,49,0,197,57
05-Apr-2020,9394,8777,583,123097,99,824,738,135,193,496,107,7,1914,0.430512016718913,4495,6485,693,150,56,0,203,109
06-Apr-2020,7498,6769,451,130595,93,807,693,147,208,452,110,8,1914,0.421630094043887,4088,6740,796,164,64,0,223,130
07-Apr-2020,6967,6176,377,137562,73,748,653,160,204,384,106,8,1914,0.39080459770115,4313,6998,819,171,72,1,241,128
08-Apr-2020,5878,4948,338,143440,57,692,614,166,196,330,115,8,1914,0.361546499477534,3511,7199,859,178,80,0,259,128
09-Apr-2020,5748,5002,343,149188,65,667,633,166,189,312,117,9,1914,0.348484848484849,3363,7308,944,185,89,0,275,121
10-Apr-2020,7347,6327,359,156535,54,672,598,170,173,329,128,8,1914,0.351097178683386,4086,7489,1002,196,97,0,285,147
11-Apr-2020,6702,5763,345,163237,40,625,593,182,163,280,130,6,1914,0.326541274817137,3172,7637,1061,205,103,0,309,137
12-Apr-2020,10598,8524,552,173835,90,668,619,177,175,316,130,6,1914,0.349007314524556,4965,7857,1074,212,109,0,327,287
13-Apr-2020,10950,9187,438,184785,91,694,628,192,169,333,137,9,1914,0.362591431556949,4653,7861,1181,224,118,0,353,309
14-Apr-2020,12678,10965,399,197463,70,682,634,178,173,331,134,8,1914,0.35632183908046,4376,7880,1229,228,126,0,360,318
15-Apr-2020,9450,7799,311,206913,69,689,663,179,175,335,132,13,1914,0.359979101358412,3492,7837,1238,241,139,0,381,303
16-Apr-2020,12789,11209,296,219702,51,700,638,182,163,355,137,7,1914,0.365726227795193,5388,7673,1366,251,146,0,394,350
17-Apr-2020,11595,9972,298,231297,48,665,611,165,163,337,124,9,1914,0.347439916405434,4188,7630,1348,254,155,0,402,377
18-Apr-2020,10606,8960,291,241903,41,635,609,174,141,320,118,11,1914,0.331765935214211,3825,7338,1661,260,166,0,418,261
19-Apr-2020,11479,9997,276,253382,40,622,572,157,148,317,118,8,1914,0.324973876698015,5788,7191,1707,267,174,0,426,406
20-Apr-2020,15367,13295,299,268749,49,598,545,154,135,309,123,6,1914,0.312434691745037,5097,7026,1723,276,180,0,431,469
21-Apr-2020,13612,11635,282,282361,27,548,509,145,146,257,119,9,1914,0.286311389759666,4921,6925,1738,279,189,0,437,395
22-Apr-2020,13293,11773,225,295654,36,523,487,149,122,252,110,3,1914,0.27324973876698,4822,6750,1739,279,192,0,445,418
23-Apr-2020,14183,12259,276,309837,32,494,445,146,106,242,114,4,1914,0.258098223615465,5353,6844,1605,283,196,0,450,354
24-Apr-2020,12627,10477,248,322464,26,466,440,144,109,213,108,3,1914,0.243469174503657,4411,6587,1751,287,199,0,457,361
25-Apr-2020,9077,7357,159,331541,8,439,425,136,105,198,107,3,1914,0.229362591431557,3643,6355,1762,288,202,0,460,392
26-Apr-2020,8464,7342,83,340005,32,435,407,142,91,202,111,2,1914,0.227272727272727,5757,6032,1737,292,204,0,467,447
27-Apr-2020,11508,9384,128,351513,21,411,377,132,89,190,101,4,1914,0.214733542319749,5298,5663,1775,293,208,0,469,485
28-Apr-2020,10640,8815,159,362153,27,389,364,127,85,177,100,5,1914,0.203239289446186,4854,5300,1726,296,213,0,473,579
29-Apr-2020,8996,7393,82,371149,23,381,366,122,86,173,96,6,1914,0.199059561128527,4207,5008,1726,296,219,0,478,366
30-Apr-2020,9930,8593,142,381079,19,375,342,112,87,176,90,6,1914,0.195924764890282,5673,4716,1721,296,225,0,481,457
01-May-2020,11052,9221,116,392131,20,343,324,109,81,153,89,4,1914,0.179205851619645,4551,4390,1746,299,229,0,485,431
02-May-2020,5568,4761,57,397699,14,335,328,111,66,158,90,3,1914,0.175026123301985,3973,4268,1610,300,232,0,487,308
03-May-2020,8029,7400,27,405728,14,324,298,101,71,152,84,3,1914,0.169278996865204,5982,4013,1591,300,235,0,487,328
04-May-2020,9258,7954,53,414986,18,306,274,97,71,138,78,3,1914,0.15987460815047,5531,3862,1545,300,238,0,488,271
05-May-2020,8957,7687,32,423943,9,269,255,91,61,117,72,2,1914,0.140543364681296,5408,3633,1488,300,240,0,488,335
06-May-2020,9467,8546,65,433410,15,265,246,88,61,116,70,1,1914,0.138453500522466,5362,3482,1439,300,241,0,489,273
07-May-2020,10119,9130,61,443529,13,253,241,84,60,109,70,1,1914,0.132183908045977,5634,3318,1423,302,242,0,490,245
08-May-2020,8157,7187,33,451686,13,241,237,78,53,110,64,6,1914,0.125914315569488,4819,3174,1365,303,248,0,492,233
09-May-2020,3868,3508,19,455554,10,245,242,78,50,117,64,3,1914,0.128004179728318,3270,3249,1204,304,251,0,493,97
10-May-2020,4944,4410,29,460498,14,243,226,74,51,118,66,4,1914,0.126959247648903,6334,3115,1202,308,255,0,496,177
11-May-2020,9216,7827,39,469714,9,227,211,69,54,104,60,5,1914,0.118599791013584,5506,2817,1208,309,260,0,499,341
12-May-2020,7538,6681,23,477252,10,217,200,65,52,100,56,3,1914,0.11337513061651,5597,2731,1054,310,263,0,501,271
13-May-2020,8272,7525,39,485524,10,201,198,61,48,92,53,3,1914,0.105015673981191,5581,2669,968,312,266,0,503,186
14-May-2020,8416,7679,22,493940,6,196,187,61,43,92,52,2,1914,0.102403343782654,5986,2506,917,313,268,0,504,245
15-May-2020,5696,5073,12,499636,1,187,183,61,43,83,52,0,1914,0.0977011494252874,5174,2459,814,313,268,0,504,166
16-May-2020,1502,1343,5,501138,4,181,181,60,40,81,51,3,1914,0.0945663531870428,4525,2393,780,313,271,0,504,104
17-May-2020,4633,4219,15,505771,10,184,172,55,38,91,45,4,1914,0.0961337513061651,6784,2278,756,314,275,0,506,159
18-May-2020,7692,6797,27,513463,3,170,159,52,42,76,43,3,1914,0.0888192267502612,6222,2060,725,315,278,0,507,286
19-May-2020,7142,6502,22,520605,7,164,158,51,43,70,40,2,1914,0.0856844305120167,6324,2042,603,315,280,0,509,161
20-May-2020,5968,5620,15,526573,4,157,144,46,40,71,41,1,1914,0.0820271682340648,6272,1980,570,315,281,0,509,123
21-May-2020,6164,5601,17,532737,8,149,139,47,31,71,37,0,1914,0.0778474399164054,6558,1922,514,315,281,0,509,136
22-May-2020,4995,4615,19,537732,5,141,138,46,32,63,37,0,1914,0.0736677115987461,5410,1836,455,315,281,0,509,165
23-May-2020,718,670,5,538450,3,141,140,46,33,62,37,0,1914,0.0736677115987461,4774,1846,400,315,281,0,509,48
24-May-2020,3808,3439,13,542258,0,139,124,43,36,60,34,1,1914,0.0726227795193312,7117,1761,390,315,282,0,509,123
25-May-2020,5333,4850,22,547591,8,130,122,41,32,57,29,2,1914,0.0679205851619645,6531,1690,345,315,284,0,510,138
26-May-2020,6819,6514,50,554410,3,122,117,36,37,49,32,0,1914,0.0637408568443051,6475,1709,283,315,284,0,510,98
27-May-2020,6728,6442,40,561138,5,120,114,40,37,43,36,2,1914,0.0626959247648903,6563,1690,276,316,286,1,512,67
28-May-2020,5352,5030,77,566490,7,120,113,36,37,47,34,1,1914,0.0626959247648903,5574,1650,273,316,287,0,512,120
29-May-2020,1863,1803,113,568353,5,117,117,39,36,42,37,0,1914,0.061128526645768,4730,1750,241,317,287,0,513,41
30-May-2020,1059,1041,29,569412,5,123,122,35,43,45,33,0,1914,0.0642633228840125,4953,1732,241,317,287,0,513,42
31-May-2020,5640,5499,87,575052,5,126,118,35,47,44,31,0,1914,0.0658307210031348,7351,1757,245,317,287,0,514,62
01-Jun-2020,8155,7907,100,583207,12,126,110,32,45,49,29,3,1914,0.0658307210031348,6487,1808,224,317,290,0,514,75
02-Jun-2020,11757,11577,121,594964,12,119,112,29,44,46,29,2,1914,0.0621734587251829,6490,1890,202,318,292,0,515,57
03-Jun-2020,13209,13042,97,608173,8,118,114,28,42,48,25,1,1914,0.0616509926854754,6485,1932,225,318,293,0,515,29
04-Jun-2020,14899,14728,142,623072,11,125,113,30,37,58,23,0,1914,0.0653082549634274,6894,2031,227,318,293,0,518,42
05-Jun-2020,16474,16351,127,639546,8,119,109,29,41,49,23,1,1914,0.0621734587251829,5707,2121,228,318,294,0,518,39
06-Jun-2020,11537,11442,78,651083,9,114,112,29,42,43,21,4,1914,0.0595611285266458,5138,2157,239,318,298,0,521,24
07-Jun-2020,15098,14891,140,666181,12,122,118,29,42,51,23,2,1914,0.0637408568443051,7776,2236,247,319,300,0,525,45
08-Jun-2020,14644,14488,179,680825,16,133,119,30,46,57,23,0,1914,0.0694879832810867,6604,2354,262,319,300,0,527,45
09-Jun-2020,15064,14867,173,695889,10,129,116,31,42,56,24,1,1914,0.0673981191222571,6808,2485,259,321,301,0,530,47
10-Jun-2020,18484,18166,240,714373,24,138,121,32,45,61,24,1,1914,0.0721003134796238,6897,2639,283,322,302,0,532,56
11-Jun-2020,15809,15564,191,730182,13,133,122,35,38,60,24,0,1914,0.0694879832810867,6901,2733,321,322,302,0,536,58
12-Jun-2020,13132,12879,184,743314,13,136,124,35,43,58,25,0,1914,0.071055381400209,5730,2842,338,323,302,0,539,56
13-Jun-2020,6987,6847,149,750301,11,133,130,35,45,53,26,1,1914,0.0694879832810867,5104,2921,359,324,303,0,539,42
14-Jun-2020,8840,8635,136,759141,15,143,132,31,48,64,23,2,1914,0.0747126436781609,7665,3000,360,324,305,0,540,52
15-Jun-2020,14436,14109,198,773577,23,155,133,36,47,72,25,0,1914,0.0809822361546499,6799,3073,393,327,305,0,547,91
16-Jun-2020,16239,15924,300,789816,21,153,134,38,43,72,26,1,1914,0.0799373040752351,6956,3308,401,330,306,0,550,55
17-Jun-2020,16024,15638,271,805840,23,158,149,36,49,73,29,0,1914,0.0825496342737722,6583,3489,428,333,306,0,552,48
18-Jun-2020,17392,16940,302,823232,37,186,160,40,43,103,28,0,1914,0.0971786833855799,6854,3682,471,336,306,0,557,55
19-Jun-2020,12787,12448,310,836019,29,190,180,39,47,104,29,1,1914,0.0992685475444096,5792,3893,491,337,307,0,561,58
20-Jun-2020,6010,5778,159,842029,33,214,210,41,50,123,28,1,1914,0.111807732497388,5060,3967,508,337,308,0,565,37
21-Jun-2020,9152,8909,173,851181,38,247,213,45,59,143,29,0,1914,0.129049111807732,7820,4071,520,338,308,0,571,54
22-Jun-2020,14009,13460,345,865190,23,233,199,43,56,134,29,1,1914,0.121734587251829,6967,4351,537,339,309,0,573,61
23-Jun-2020,19847,19162,451,885037,20,217,191,40,52,125,26,2,1914,0.11337513061651,6628,4695,561,340,311,0,575,89
24-Jun-2020,18393,17869,487,903430,34,222,195,45,45,132,27,3,1914,0.115987460815047,6666,5055,606,341,314,0,580,75
25-Jun-2020,18666,17979,516,922096,26,217,194,44,56,117,28,4,1914,0.11337513061651,6736,5463,633,343,318,0,585,78
26-Jun-2020,16531,16120,464,938627,46,237,218,45,57,135,26,3,1914,0.123824451410658,5554,5727,673,343,321,0,591,133
27-Jun-2020,10489,10051,398,949116,26,240,223,40,56,144,22,3,1914,0.125391849529781,5035,6048,691,343,324,0,592,51
28-Jun-2020,10389,9890,385,959505,47,268,228,39,67,162,22,2,1914,0.140020898641588,7625,6284,689,346,326,0,596,144
29-Jun-2020,21017,20258,757,980522,46,273,240,44,68,161,24,0,1914,0.142633228840125,6912,6836,713,347,326,0,601,169
30-Jun-2020,20840,20148,786,1001362,52,292,253,56,68,168,24,1,1914,0.152560083594566,6582,7435,751,348,327,0,613,135
01-Jul-2020,21460,20829,972,1022822,82,329,280,59,73,197,24,3,1914,0.171891327063741,6381,8255,771,351,330,0,620,102
02-Jul-2020,25041,24264,1146,1047863,64,341,305,72,72,197,28,1,1914,0.17816091954023,6741,9215,793,358,331,0,640,138
03-Jul-2020,20951,20464,939,1068814,56,356,311,83,75,198,29,3,1914,0.185997910135841,5669,9940,879,361,334,0,648,119
04-Jul-2020,17308,16701,821,1086122,61,366,342,85,84,197,33,5,1914,0.191222570532915,3900,10565,962,367,339,0,657,77
05-Jul-2020,21112,20276,831,1107234,82,424,373,94,82,248,32,2,1914,0.221525600835946,7580,11221,952,373,341,0,670,152
06-Jul-2020,25601,24748,1134,1132835,81,446,366,90,97,259,34,8,1914,0.233019853709509,6675,12080,1022,376,349,0,677,204
07-Jul-2020,28634,27699,1390,1161469,104,465,407,93,95,277,35,5,1914,0.24294670846395,6440,13067,1202,378,354,0,692,177
08-Jul-2020,29420,28594,1327,1190889,91,492,433,113,89,290,38,5,1914,0.25705329153605,6483,13970,1357,383,359,1,716,238
09-Jul-2020,29988,28903,1525,1220877,120,549,478,126,100,323,41,5,1914,0.286833855799373,6617,14930,1643,389,364,0,749,229
10-Jul-2020,25829,24765,1409,1246706,87,560,475,131,105,324,41,4,1914,0.292580982236155,5620,15961,1806,390,368,1,764,214
11-Jul-2020,20468,19246,1168,1267174,91,564,522,136,120,308,46,5,1914,0.294670846394984,4855,16776,1916,395,373,0,782,191
12-Jul-2020,21762,20292,1238,1288936,124,639,536,151,125,363,47,7,1914,0.333855799373041,7556,17549,2017,398,380,0,810,343
13-Jul-2020,29247,27477,1720,1318183,120,654,538,184,121,349,53,4,1914,0.341692789968652,6781,18662,2251,408,384,0,853,367
14-Jul-2020,31750,29978,1604,1349933,108,640,572,190,140,310,55,7,1914,0.334378265412748,6684,19675,2483,412,391,0,885,318
15-Jul-2020,30692,27917,1877,1380625,109,678,562,209,121,348,58,6,1914,0.35423197492163,6558,20943,2733,418,397,1,922,363
16-Jul-2020,31078,28453,1939,1411703,136,689,575,209,132,347,59,9,1914,0.359979101358412,6787,22143,2938,426,406,0,951,512
17-Jul-2020,25732,23581,1605,1437435,139,702,616,219,150,333,58,12,1914,0.366771159874608,5563,22985,3163,429,418,0,977,485
18-Jul-2020,20457,18212,1448,1457892,101,710,678,236,150,324,57,8,1914,0.370950888192268,4978,23652,3431,430,426,0,1006,443
19-Jul-2020,19846,17815,1016,1477738,155,824,695,271,144,409,74,10,1914,0.430512016718913,7555,24070,3479,446,436,0,1072,523
20-Jul-2020,27608,24492,1887,1505346,145,820,688,265,148,407,79,12,1914,0.428422152560084,6654,24983,3819,457,448,0,1110,629
21-Jul-2020,30177,26766,2006,1535523,128,807,676,257,142,408,81,9,1914,0.421630094043887,6578,25912,4263,465,457,0,1145,636
22-Jul-2020,28807,25715,2044,1564330,136,802,706,285,138,379,80,6,1914,0.41901776384535,6523,23897,4390,473,463,0,1199,3896
23-Jul-2020,32536,29284,1990,1596866,126,818,716,310,152,356,84,16,1914,0.427377220480669,6826,19293,4185,482,479,0,1253,6773
24-Jul-2020,24400,22697,1830,1621266,104,813,732,329,152,331,87,8,1914,0.424764890282132,5745,20595,2958,488,487,0,1289,1731
25-Jul-2020,15486,14636,1112,1636752,90,816,781,322,178,316,99,7,1914,0.426332288401254,4973,20744,3252,502,494,0,1310,613
26-Jul-2020,12204,11427,1042,1648956,125,891,779,312,197,382,100,11,1914,0.46551724137931,7462,18844,3258,513,505,0,1346,2927
27-Jul-2020,28245,27244,2048,1677201,140,916,788,317,182,417,95,7,1914,0.478578892371996,6759,19078,3198,521,512,0,1391,1858
28-Jul-2020,26639,25769,2125,1703840,124,901,789,323,185,393,95,8,1914,0.470741901776384,6596,19460,3289,528,520,0,1437,1643
29-Jul-2020,26228,25455,1954,1730068,122,892,782,336,173,383,97,15,1914,0.466039707419018,6307,19961,3263,537,535,0,1484,1471
30-Jul-2020,21962,21222,1787,1752030,93,862,754,319,172,371,102,15,1914,0.450365726227795,5986,19910,3349,551,550,0,1518,1765
31-Jul-2020,22898,22141,1362,1774928,118,860,774,318,172,370,94,14,1914,0.44932079414838,5803,19887,3347,555,564,0,1546,1353
01-Aug-2020,7790,7456,625,1782718,106,868,814,338,165,365,94,14,1914,0.45350052246604,4970,19836,3416,564,578,0,1590,553
02-Aug-2020,10087,9618,708,1792805,139,945,827,350,171,424,100,11,1914,0.493730407523511,7335,17762,3597,572,589,0,1635,2577
03-Aug-2020,23468,22552,1800,1816273,109,920,786,329,147,444,94,15,1914,0.480668756530826,6686,17948,3360,581,604,0,1675,1877
04-Aug-2020,26099,25089,1729,1842372,109,885,769,342,164,379,98,11,1914,0.462382445141066,6778,18036,3261,585,615,0,1727,1746
05-Aug-2020,25792,24893,1690,1868164,141,898,778,355,164,379,105,10,1914,0.469174503657262,6411,18233,3184,597,625,0,1761,1551
06-Aug-2020,28767,27840,1677,1896931,111,881,770,357,152,372,97,9,1914,0.460292580982236,6494,17897,3333,605,634,2,1800,1863
07-Aug-2020,25310,24532,1764,1922241,120,882,810,367,159,356,104,12,1914,0.460815047021944,5478,18142,3535,614,646,2,1839,1265
08-Aug-2020,8583,8136,754,1930824,99,898,861,387,178,332,101,13,1914,0.469174503657262,4694,18397,3346,617,659,2,1880,624
09-Aug-2020,12163,11543,924,1942987,146,1000,845,387,199,413,110,7,1914,0.522466039707419,7408,16891,3441,631,666,2,1927,2344
10-Aug-2020,24368,23375,1704,1967355,104,934,807,391,183,360,109,15,1914,0.487983281086729,6492,17424,3230,638,681,3,1966,1405
11-Aug-2020,27667,26573,1823,1995022,104,899,780,373,190,336,110,11,1914,0.46969696969697,6829,18287,3206,642,692,1,2010,1000
12-Aug-2020,26233,25293,1622,2021255,110,875,755,371,171,332,107,15,1914,0.457157784743992,6287,18628,3343,648,707,4,2050,1154
13-Aug-2020,28891,27814,1643,2050146,144,886,781,372,177,337,108,16,1914,0.462904911180773,6016,18851,3387,660,723,3,2096,1334
14-Aug-2020,20915,20083,1388,2071061,117,886,803,369,179,337,103,12,1914,0.462904911180773,5015,19248,3350,664,735,3,2131,994
15-Aug-2020,9396,8864,757,2080457,119,917,872,383,180,353,110,10,1914,0.479101358411703,4367,19215,3491,673,745,3,2167,570
16-Aug-2020,12386,11621,1068,2092843,134,985,842,375,195,414,107,19,1914,0.514629049111808,6835,18094,3435,683,764,4,2213,2256
17-Aug-2020,26061,24894,1650,2118904,107,944,821,393,182,368,109,4,1914,0.493207941483803,5724,18809,3179,689,768,114,2362,1208
18-Aug-2020,27899,26781,1649,2146803,142,951,817,398,185,367,112,14,1914,0.496865203761756,5872,19381,3115,697,782,121,2422,1131
19-Aug-2020,28401,27240,1640,2175204,112,919,820,383,178,357,112,12,1914,0.480146290491118,5657,19522,3100,702,794,118,2461,1499
20-Aug-2020,28854,27849,1487,2204058,114,922,799,394,176,347,110,12,1914,0.48171368861024,5895,19687,2979,710,806,118,2517,1452
21-Aug-2020,27218,26363,1493,2231276,129,918,844,401,170,344,111,13,1914,0.479623824451411,5024,19565,2935,719,819,117,2562,1601
22-Aug-2020,11059,10519,711,2242335,97,931,897,404,179,346,113,10,1914,0.486415882967607,4403,19641,2835,728,829,121,2600,672
23-Aug-2020,13298,12607,965,2255633,132,1016,905,406,210,392,113,13,1914,0.530825496342738,6581,18511,2762,740,842,121,2670,2147
24-Aug-2020,30139,28801,1900,2285772,129,1020,889,425,201,392,117,16,1914,0.532915360501567,5785,19383,2372,753,858,125,2742,1418
25-Aug-2020,34053,32818,1956,2319825,114,988,860,427,180,373,116,19,1914,0.51619644723093,5845,20710,2202,760,877,122,2793,809
26-Aug-2020,34254,33072,1953,2354079,164,1015,881,417,189,401,116,11,1914,0.53030303030303,5756,18695,2248,769,888,121,2846,3890
27-Aug-2020,36428,35196,2071,2390507,137,1009,870,424,191,392,115,11,1914,0.527168234064786,5745,19277,2184,775,899,123,2905,1553
28-Aug-2020,23289,22356,1832,2413796,106,965,870,416,202,343,110,12,1914,0.504179728317659,4938,19204,2216,780,911,120,2951,1861
29-Aug-2020,10708,10171,910,2424504,99,963,920,439,196,321,115,5,1914,0.503134796238245,4428,19290,2267,786,916,126,2989,718
30-Aug-2020,13553,12911,1101,2438057,170,1076,936,452,215,400,124,14,1914,0.562173458725183,6670,18039,2241,795,930,132,3051,2348
31-Aug-2020,31969,30653,2178,2470026,153,1071,911,433,208,425,118,23,1914,0.559561128526646,5998,18926,2012,802,953,124,3109,1522
01-Sep-2020,28466,27525,2252,2498492,122,1016,889,416,199,394,115,15,1914,0.530825496342738,6661,20208,1948,811,968,124,3157,1041
02-Sep-2020,35980,34577,3193,2534472,122,997,865,414,172,402,121,14,1914,0.520898641588297,6167,21922,1999,825,982,123,3216,1438
03-Sep-2020,35227,33979,2661,2569699,141,989,859,401,157,417,115,16,1914,0.516718913270637,6136,22708,2006,831,998,116,3251,1858
04-Sep-2020,31548,30738,2623,2601247,129,979,890,417,146,409,119,12,1914,0.511494252873563,5038,23993,2070,838,1010,122,3308,1231
05-Sep-2020,15945,15292,1505,2617192,121,997,956,437,145,405,124,15,1914,0.520898641588297,4570,24318,2257,852,1025,129,3363,912
06-Sep-2020,19671,18725,2177,2636863,174,1118,959,454,183,466,131,12,1914,0.584117032392894,6852,24102,2180,862,1037,132,3425,2455
07-Sep-2020,41453,40015,3388,2678316,166,1110,984,456,183,445,132,17,1914,0.579937304075235,6172,25966,2035,872,1054,135,3479,1627
08-Sep-2020,45675,44399,3489,2723991,163,1132,986,461,186,470,140,20,1914,0.591431556948798,6058,27904,2084,880,1074,140,3548,1480
09-Sep-2020,46406,45109,3996,2770397,177,1146,1012,485,188,458,137,15,1914,0.598746081504702,6013,30225,2224,889,1089,143,3633,1494
10-Sep-2020,48750,47381,4161,2819147,170,1174,1043,495,197,467,136,14,1914,0.61337513061651,5987,32200,2345,899,1103,151,3708,2020
11-Sep-2020,43704,42788,3975,2862851,150,1179,1052,486,202,479,132,20,1914,0.615987460815047,5253,34194,2484,908,1123,140,3764,1813
12-Sep-2020,30572,29784,2719,2893423,145,1184,1114,516,205,446,134,15,1914,0.618599791013584,4693,35305,2733,919,1138,138,3837,1282
13-Sep-2020,34979,33876,3175,2928402,206,1306,1139,517,235,543,137,17,1914,0.682340647857889,6969,35059,2751,928,1155,151,3918,3361
14-Sep-2020,47549,46282,4805,2975951,215,1340,1154,521,239,569,138,20,1914,0.700104493207941,6113,37524,2602,942,1175,144,3994,2454
15-Sep-2020,57765,56307,5539,3033716,199,1338,1185,514,236,547,137,16,1914,0.699059561128527,6105,40532,2758,952,1191,138,4067,2328
16-Sep-2020,54229,52958,4574,3087945,208,1366,1199,530,272,546,140,26,1914,0.713688610240334,6179,42001,2973,963,1217,139,4161,2850
17-Sep-2020,58809,57462,5385,3146754,215,1401,1208,565,255,547,150,18,1914,0.731974921630094,6120,43387,3130,985,1235,156,4262,3815
18-Sep-2020,54471,53235,5340,3201225,198,1396,1260,588,258,513,152,20,1914,0.729362591431557,5006,45778,3113,1000,1255,151,4356,2894
19-Sep-2020,42833,41773,3809,3244058,156,1389,1289,612,254,500,153,27,1914,0.725705329153605,4471,47837,3340,1015,1282,162,4447,1467
20-Sep-2020,24493,23511,2579,3268551,218,1491,1381,628,242,593,164,21,1914,0.778996865203762,5133,47730,3384,1028,1303,166,4530,2529
21-Sep-2020,34603,33430,3866,3303154,223,1572,1332,656,280,600,166,31,1914,0.821316614420063,6561,46896,3302,1045,1334,173,4651,4800
22-Sep-2020,63062,61076,7021,3366216,244,1555,1361,633,294,596,163,26,1914,0.812434691745037,5845,50265,3300,1062,1360,178,4751,3599
23-Sep-2020,59352,57736,7125,3425568,241,1587,1399,667,267,611,155,25,1914,0.829153605015674,5657,53298,3419,1073,1385,167,4859,3910
24-Sep-2020,67980,66156,8234,3493548,260,1624,1407,664,279,626,156,31,1914,0.848484848484849,5808,56724,3456,1090,1416,192,4981,4732
25-Sep-2020,62716,61217,8390,3556264,232,1611,1447,706,261,618,171,30,1914,0.841692789968652,4876,60599,3655,1110,1446,207,5104,4246
26-Sep-2020,46422,45055,5882,3602686,217,1645,1533,719,287,620,190,25,1914,0.859456635318704,4696,63729,3858,1138,1471,220,5213,2438
27-Sep-2020,25281,24193,3414,3627967,252,1776,1580,732,286,720,199,32,1914,0.927899686520376,5427,61258,3818,1163,1503,221,5346,5846
28-Sep-2020,8220,7691,1159,3636187,180,1732,1654,760,304,643,192,28,1914,0.90491118077325,3946,59951,3965,1176,1531,220,5442,2217
29-Sep-2020,34617,33169,4991,3670804,279,1900,1590,797,312,746,195,35,1914,0.992685475444096,6739,59119,3847,1191,1566,246,5581,5970
30-Sep-2020,70152,67666,9078,3740956,257,1820,1576,821,288,666,200,37,1914,0.950888192267503,5532,62949,3713,1212,1603,249,5729,5359
01-Oct-2020,65942,63657,7731,3806898,253,1781,1586,813,302,637,185,46,1914,0.930512016718913,5773,63826,4618,1227,1649,238,5869,5893
02-Oct-2020,62163,59831,7058,3869061,220,1779,1610,848,298,613,194,25,1914,0.929467084639498,4605,64753,5009,1243,1674,250,5984,5691
03-Oct-2020,25141,23504,2593,3894202,183,1754,1670,842,333,567,209,37,1914,0.916405433646813,4007,63719,4982,1264,1711,260,6083,3557
04-Oct-2020,26458,24842,2937,3920660,257,1901,1666,897,356,626,209,36,1914,0.993207941483804,5630,58629,4679,1282,1747,264,6236,8298
05-Oct-2020,52215,49707,5721,3972875,211,1857,1676,870,340,619,210,27,1914,0.970219435736677,5175,57297,4587,1299,1774,270,6366,7108
06-Oct-2020,47046,44742,4724,4019921,215,1860,1612,853,353,617,209,45,1914,0.971786833855799,5313,55274,4771,1315,1819,271,6474,6582
07-Oct-2020,49232,46505,4165,4069153,211,1801,1634,848,331,598,220,26,1914,0.940961337513062,5355,54129,5027,1341,1845,280,6593,5006
08-Oct-2020,49820,47187,3755,4118973,180,1769,1535,839,338,576,218,47,1914,0.924242424242424,5513,52691,5365,1367,1892,281,6715,4907
09-Oct-2020,37349,35207,2963,4156322,181,1676,1540,832,295,522,221,40,1914,0.875653082549634,5068,50120,5669,1380,1932,271,6802,5185
10-Oct-2020,13465,12293,916,4169787,149,1658,1591,812,297,523,219,35,1914,0.866248693834901,4434,47365,5389,1399,1967,277,6880,3865
11-Oct-2020,23119,21289,1646,4192906,243,1792,1566,810,323,634,217,46,1914,0.936259143155695,6318,41629,5007,1423,2013,276,7002,7743
12-Oct-2020,47366,44326,3169,4240272,186,1719,1508,801,307,600,211,30,1914,0.898119122257053,5324,39539,4654,1440,2043,275,7095,5640
13-Oct-2020,45319,42427,2336,4285591,132,1606,1416,764,276,554,224,38,1914,0.839080459770115,4694,36049,4681,1458,2081,285,7175,5853
14-Oct-2020,41182,38664,2117,4326773,150,1532,1341,725,252,545,216,35,1914,0.800417972831766,4943,32638,4323,1470,2116,268,7258,5926
15-Oct-2020,37649,35520,1612,4364422,145,1461,1266,699,242,500,204,31,1914,0.763322884012539,5388,29015,4073,1481,2147,267,7331,5529
16-Oct-2020,34745,32943,1500,4399167,105,1344,1229,657,225,441,218,34,1914,0.702194357366771,4395,27413,3620,1498,2181,262,7387,3558
17-Oct-2020,14994,14218,411,4414161,73,1278,1233,647,188,432,221,32,1914,0.667711598746082,3948,25534,3337,1505,2213,257,7435,2537
18-Oct-2020,27529,26032,922,4441690,133,1327,1161,662,216,408,233,33,1914,0.693312434691745,6452,21840,2974,1544,2246,242,7528,5018
19-Oct-2020,41854,39808,1517,4483544,125,1262,1132,644,192,391,232,31,1914,0.659352142110763,5411,21599,2334,1558,2277,258,7607,2396
20-Oct-2020,42544,40542,1193,4526088,106,1217,1100,627,181,375,228,20,1914,0.635841170323929,5271,21204,2086,1572,2297,266,7670,1848
21-Oct-2020,43453,41441,1172,4569541,95,1181,1064,606,182,364,230,25,1914,0.617032392894462,5230,19215,2056,1593,2322,259,7731,3202
22-Oct-2020,35305,33721,1032,4604846,77,1112,996,589,176,323,215,29,1914,0.58098223615465,5527,17568,1579,1600,2351,244,7786,3195
23-Oct-2020,30511,29273,849,4635357,80,1053,978,562,166,305,209,26,1914,0.550156739811912,4476,17498,0,1615,2377,235,7826,2490
24-Oct-2020,6661,6311,246,4642018,85,1033,1014,540,156,303,203,27,1914,0.539707419017764,4164,16357,0,1630,2404,233,7871,1324
25-Oct-2020,21807,20717,607,4663825,77,1054,932,510,163,347,190,35,1914,0.55067920585162,5807,13367,894,1642,2439,236,7914,2750
26-Oct-2020,41012,39306,884,4704837,75,976,866,494,143,312,201,28,1914,0.509926854754441,5476,13066,797,1651,2467,231,7961,1320
27-Oct-2020,41724,40148,887,4746561,70,907,830,477,143,264,192,28,1914,0.473876698014629,5496,13126,648,1662,2495,215,8005,984
28-Oct-2020,35097,33877,723,4781658,67,886,809,464,139,265,189,10,1914,0.462904911180773,5509,12527,658,1667,2505,211,8043,1323
29-Oct-2020,37604,36349,644,4819262,53,848,738,447,125,254,186,19,1914,0.443051201671891,5592,11882,542,1676,2524,202,8070,1457
30-Oct-2020,32646,31715,680,4851908,51,780,716,432,110,215,184,11,1914,0.407523510971787,1207,11567,471,1679,2535,199,8090,1077
31-Oct-2020,8028,7714,228,4859936,54,751,742,413,110,220,173,25,1914,0.392371995820272,718,10996,415,1684,2560,186,8117,804
01-Nov-2020,22640,21845,658,4882576,65,794,706,401,130,238,170,19,1914,0.414838035527691,5615,10167,372,1691,2579,189,8157,1547
02-Nov-2020,35814,34496,788,4918390,55,750,692,402,108,211,170,16,1914,0.391849529780564,5443,10077,320,1698,2595,199,8198,928
03-Nov-2020,41557,40193,846,4959947,61,721,652,383,113,206,165,26,1914,0.376698014629049,5346,10219,293,1709,2621,187,8236,745
04-Nov-2020,39793,38691,769,4999740,58,694,636,356,113,201,153,17,1914,0.362591431556949,4850,10356,286,1716,2638,179,8260,638
05-Nov-2020,35369,34468,570,5035109,60,686,619,335,114,220,154,13,1914,0.35841170323929,5141,10068,289,1722,2651,175,8277,859
06-Nov-2020,31589,30730,691,5066698,55,660,618,322,110,216,136,16,1914,0.344827586206897,4255,9889,239,1725,2667,157,8303,905
07-Nov-2020,8343,8076,212,5075041,33,647,626,330,104,200,143,8,1914,0.3380355276907,3954,9415,215,1730,2675,159,8327,694
08-Nov-2020,22114,21486,534,5097155,58,681,634,340,108,214,143,7,1914,0.355799373040752,6102,9261,203,1735,2682,166,8360,685
09-Nov-2020,35227,34390,719,5132382,56,680,627,334,105,221,140,6,1914,0.355276907001045,5516,9096,151,1739,2688,162,8381,937
10-Nov-2020,41655,40541,675,5174037,45,669,599,310,115,229,134,10,1914,0.349529780564263,5375,9448,154,1742,2698,152,8400,338
11-Nov-2020,40486,39517,763,5214523,52,644,582,311,113,198,137,7,1914,0.336468129571578,5439,9108,156,1754,2705,154,8438,1111
12-Nov-2020,40338,39326,836,5254861,52,624,565,305,111,183,131,12,1914,0.32601880877743,5741,8734,149,1761,2717,144,8469,1222
13-Nov-2020,35792,35033,761,5290653,43,603,576,293,115,182,124,5,1914,0.315047021943574,5167,8736,148,1765,2722,141,8498,744
14-Nov-2020,12933,12655,292,5303586,55,619,601,293,117,198,126,12,1914,0.323406478578892,5101,8565,146,1771,2734,140,8518,428
15-Nov-2020,23801,23302,625,5327387,69,665,592,309,116,222,126,9,1914,0.347439916405434,7132,8209,147,1774,2743,145,8551,980
16-Nov-2020,49239,47860,873,5376626,63,649,591,321,96,210,118,7,1914,0.339080459770115,6551,8430,124,1779,2750,138,8592,669
17-Nov-2020,56768,55453,829,5433394,55,632,573,322,98,195,126,12,1914,0.330198537095089,6743,8662,142,1786,2762,140,8622,585
18-Nov-2020,46677,45643,795,5480071,59,628,583,318,99,196,127,7,1914,0.328108672936259,6487,8626,148,1796,2769,142,8655,808
19-Nov-2020,56265,55163,771,5536336,77,644,582,323,90,208,122,8,1914,0.336468129571578,6758,8628,151,1801,2777,139,8689,759
20-Nov-2020,44099,43224,773,5580435,55,631,597,319,85,200,123,6,1914,0.329676071055381,4898,8696,151,1805,2783,144,8713,684
21-Nov-2020,15893,15605,422,5596328,46,627,599,312,97,205,115,12,1914,0.327586206896552,4332,8643,159,1810,2795,135,8743,453
22-Nov-2020,35011,34314,764,5631339,50,639,562,310,99,209,117,17,1914,0.333855799373041,6864,8416,150,1813,2812,134,8774,1020
23-Nov-2020,53670,52500,959,5685009,62,612,539,290,96,210,112,7,1914,0.31974921630094,6420,8739,139,1816,2819,124,8803,663
24-Nov-2020,60000,58727,857,5745009,46,585,519,285,90,188,111,6,1914,0.30564263322884,6128,9060,134,1820,2825,129,8832,555
25-Nov-2020,61037,59641,1079,5806046,80,594,547,294,85,193,110,5,1914,0.310344827586207,4603,9220,163,1823,2830,123,8863,857
26-Nov-2020,54561,53375,1085,5860607,64,600,531,284,86,198,111,9,1914,0.313479623824451,4878,9400,131,1830,2839,118,8888,944
27-Nov-2020,48852,47971,1032,5909459,36,561,518,283,77,185,109,6,1914,0.293103448275862,4724,9724,142,1837,2845,119,8922,704
28-Nov-2020,17527,17181,581,5926986,47,557,535,268,86,184,102,10,1914,0.291013584117032,4435,9844,148,1839,2855,109,8936,428
29-Nov-2020,40456,39517,1024,5967442,79,608,528,279,89,214,98,8,1914,0.317659352142111,6903,9740,154,1840,2863,109,8970,1121
30-Nov-2020,58845,57529,1258,6026287,98,619,540,275,88,220,92,8,1914,0.323406478578892,360,10236,148,1844,2871,107,9009,748
01-Dec-2020,65289,63975,1199,6091576,87,619,553,278,93,222,83,10,1914,0.323406478578892,,10687,163,1847,2881,100,9058,710
02-Dec-2020,72793,71248,1587,6164369,75,621,558,292,109,196,88,4,1914,0.324451410658307,,11411,162,1855,2885,101,9108,855
03-Dec-2020,65454,64144,1451,6229823,83,638,562,308,108,188,85,10,1914,0.333333333333333,,11373,182,1863,2895,106,9166,1455
04-Dec-2020,61634,60399,1516,6291457,101,652,580,328,100,197,97,10,1914,0.340647857889237,,11970,199,1874,2905,116,9213,874
05-Dec-2020,25868,25363,998,6317325,72,638,601,333,93,187,89,10,1914,0.333333333333333,,12329,203,1876,2915,109,9249,604
06-Dec-2020,42915,42053,1360,6360240,75,670,578,350,90,204,89,6,1914,0.350052246603971,,12284,205,1882,2921,120,9296,1420
07-Dec-2020,67610,66038,1850,6427850,80,656,579,339,105,188,88,7,1914,0.342737722048067,,13244,189,1886,2928,115,9336,898
08-Dec-2020,69778,68464,1719,6497628,52,619,561,321,110,130,113,4,1914,0.323406478578892,,14058,217,1915,2932,107,9369,891
09-Dec-2020,2376,2320,97,6500004,0,558,558,310,96,109,113,0,1914,0.29153605015674,,14130,217,1915,2932,107,9369,28
