date,amount,total,countDeadAvg7days
2020-03-02T00:00:00.000Z,0,1,
2020-03-03T00:00:00.000Z,0,1,0.0
2020-03-04T00:00:00.000Z,0,1,0.0
2020-03-05T00:00:00.000Z,0,1,0.0
2020-03-06T00:00:00.000Z,0,1,0.0
2020-03-07T00:00:00.000Z,0,1,0.0
2020-03-08T00:00:00.000Z,0,1,0.0
2020-03-09T00:00:00.000Z,0,1,0.0
2020-03-10T00:00:00.000Z,0,1,0.0
2020-03-11T00:00:00.000Z,0,1,0.0
2020-03-12T00:00:00.000Z,0,1,0.0
2020-03-13T00:00:00.000Z,0,1,0.0
2020-03-14T00:00:00.000Z,0,1,0.0
2020-03-15T00:00:00.000Z,0,1,0.0
2020-03-16T00:00:00.000Z,0,1,0.0
2020-03-17T00:00:00.000Z,0,1,0.0
2020-03-18T00:00:00.000Z,0,1,0.0
2020-03-19T00:00:00.000Z,0,1,0.0
2020-03-20T00:00:00.000Z,1,2,0.0
2020-03-21T00:00:00.000Z,0,2,0.0
2020-03-22T00:00:00.000Z,0,2,0.0
2020-03-23T00:00:00.000Z,0,2,0.0
2020-03-24T00:00:00.000Z,3,5,0.0
2020-03-25T00:00:00.000Z,1,6,0.0
2020-03-26T00:00:00.000Z,5,11,0.0
2020-03-27T00:00:00.000Z,2,13,1.0
2020-03-28T00:00:00.000Z,1,14,1.0
2020-03-29T00:00:00.000Z,3,17,1.0
2020-03-30T00:00:00.000Z,1,18,2.0
2020-03-31T00:00:00.000Z,4,22,2.0
2020-04-01T00:00:00.000Z,8,30,2.0
2020-04-02T00:00:00.000Z,9,39,3.0
2020-04-03T00:00:00.000Z,5,44,4.0
2020-04-04T00:00:00.000Z,6,50,4.0
2020-04-05T00:00:00.000Z,7,57,5.0
2020-04-06T00:00:00.000Z,8,65,5.0
2020-04-07T00:00:00.000Z,8,73,6.0
2020-04-08T00:00:00.000Z,8,81,7.0
2020-04-09T00:00:00.000Z,9,90,7.0
2020-04-10T00:00:00.000Z,8,98,7.0
2020-04-11T00:00:00.000Z,6,104,7.0
2020-04-12T00:00:00.000Z,6,110,7.0
2020-04-13T00:00:00.000Z,9,119,7.0
2020-04-14T00:00:00.000Z,8,127,7.0
2020-04-15T00:00:00.000Z,13,140,7.0
2020-04-16T00:00:00.000Z,7,147,8.0
2020-04-17T00:00:00.000Z,9,156,8.0
2020-04-18T00:00:00.000Z,11,167,8.0
2020-04-19T00:00:00.000Z,8,175,9.0
2020-04-20T00:00:00.000Z,6,181,9.0
2020-04-21T00:00:00.000Z,10,191,8.0
2020-04-22T00:00:00.000Z,3,194,9.0
2020-04-23T00:00:00.000Z,4,198,7.0
2020-04-24T00:00:00.000Z,3,201,7.0
2020-04-25T00:00:00.000Z,3,204,6.0
2020-04-26T00:00:00.000Z,2,206,5.0
2020-04-27T00:00:00.000Z,4,210,4.0
2020-04-28T00:00:00.000Z,5,215,4.0
2020-04-29T00:00:00.000Z,6,221,3.0
2020-04-30T00:00:00.000Z,6,227,3.0
2020-05-01T00:00:00.000Z,4,231,4.0
2020-05-02T00:00:00.000Z,3,234,4.0
2020-05-03T00:00:00.000Z,3,237,4.0
2020-05-04T00:00:00.000Z,3,240,4.0
2020-05-05T00:00:00.000Z,2,242,4.0
2020-05-06T00:00:00.000Z,1,243,3.0
2020-05-07T00:00:00.000Z,1,244,3.0
2020-05-08T00:00:00.000Z,6,250,2.0
2020-05-09T00:00:00.000Z,3,253,2.0
2020-05-10T00:00:00.000Z,4,257,2.0
2020-05-11T00:00:00.000Z,5,262,2.0
2020-05-12T00:00:00.000Z,3,265,3.0
2020-05-13T00:00:00.000Z,3,268,3.0
2020-05-14T00:00:00.000Z,3,271,3.0
2020-05-15T00:00:00.000Z,0,271,3.0
2020-05-16T00:00:00.000Z,3,274,3.0
2020-05-17T00:00:00.000Z,4,278,3.0
2020-05-18T00:00:00.000Z,3,281,3.0
2020-05-19T00:00:00.000Z,2,283,2.0
2020-05-20T00:00:00.000Z,1,284,2.0
2020-05-21T00:00:00.000Z,0,284,2.0
2020-05-22T00:00:00.000Z,0,284,1.0
2020-05-23T00:00:00.000Z,0,284,1.0
2020-05-24T00:00:00.000Z,1,285,1.0
2020-05-25T00:00:00.000Z,2,287,1.0
2020-05-26T00:00:00.000Z,0,287,0.0
2020-05-27T00:00:00.000Z,2,289,0.0
2020-05-28T00:00:00.000Z,1,290,0.0
2020-05-29T00:00:00.000Z,0,290,0.0
2020-05-30T00:00:00.000Z,0,290,0.0
2020-05-31T00:00:00.000Z,0,290,0.0
2020-06-01T00:00:00.000Z,3,293,0.0
2020-06-02T00:00:00.000Z,2,295,0.0
2020-06-03T00:00:00.000Z,1,296,1.0
2020-06-04T00:00:00.000Z,0,296,1.0
2020-06-05T00:00:00.000Z,1,297,0.0
2020-06-06T00:00:00.000Z,4,301,1.0
2020-06-07T00:00:00.000Z,2,303,1.0
2020-06-08T00:00:00.000Z,0,303,1.0
2020-06-09T00:00:00.000Z,1,304,1.0
2020-06-10T00:00:00.000Z,1,305,1.0
2020-06-11T00:00:00.000Z,0,305,1.0
2020-06-12T00:00:00.000Z,0,305,1.0
2020-06-13T00:00:00.000Z,1,306,1.0
2020-06-14T00:00:00.000Z,2,308,0.0
2020-06-15T00:00:00.000Z,0,308,0.0
2020-06-16T00:00:00.000Z,1,309,0.0
2020-06-17T00:00:00.000Z,0,309,0.0
2020-06-18T00:00:00.000Z,0,309,0.0
2020-06-19T00:00:00.000Z,1,310,0.0
2020-06-20T00:00:00.000Z,1,311,0.0
2020-06-21T00:00:00.000Z,0,311,0.0
2020-06-22T00:00:00.000Z,1,312,0.0
2020-06-23T00:00:00.000Z,2,314,0.0
2020-06-24T00:00:00.000Z,3,317,0.0
2020-06-25T00:00:00.000Z,4,321,1.0
2020-06-26T00:00:00.000Z,3,324,1.0
2020-06-27T00:00:00.000Z,3,327,2.0
2020-06-28T00:00:00.000Z,2,329,2.0
2020-06-29T00:00:00.000Z,0,329,2.0
2020-06-30T00:00:00.000Z,1,330,2.0
2020-07-01T00:00:00.000Z,3,333,2.0
2020-07-02T00:00:00.000Z,1,334,2.0
2020-07-03T00:00:00.000Z,3,337,1.0
2020-07-04T00:00:00.000Z,5,342,1.0
2020-07-05T00:00:00.000Z,2,344,2.0
2020-07-06T00:00:00.000Z,8,352,2.0
2020-07-07T00:00:00.000Z,5,357,3.0
2020-07-08T00:00:00.000Z,5,362,3.0
2020-07-09T00:00:00.000Z,5,367,4.0
2020-07-10T00:00:00.000Z,4,371,4.0
2020-07-11T00:00:00.000Z,5,376,4.0
2020-07-12T00:00:00.000Z,7,383,4.0
2020-07-13T00:00:00.000Z,4,387,5.0
2020-07-14T00:00:00.000Z,7,394,5.0
2020-07-15T00:00:00.000Z,6,400,5.0
2020-07-16T00:00:00.000Z,9,409,5.0
2020-07-17T00:00:00.000Z,12,421,6.0
2020-07-18T00:00:00.000Z,8,429,7.0
2020-07-19T00:00:00.000Z,10,439,7.0
2020-07-20T00:00:00.000Z,12,451,8.0
2020-07-21T00:00:00.000Z,9,460,9.0
2020-07-22T00:00:00.000Z,6,466,9.0
2020-07-23T00:00:00.000Z,16,482,9.0
2020-07-24T00:00:00.000Z,8,490,10.0
2020-07-25T00:00:00.000Z,7,497,9.0
2020-07-26T00:00:00.000Z,10,507,9.0
2020-07-27T00:00:00.000Z,7,514,9.0
2020-07-28T00:00:00.000Z,8,522,9.0
2020-07-29T00:00:00.000Z,15,537,8.0
2020-07-30T00:00:00.000Z,15,552,10.0
2020-07-31T00:00:00.000Z,14,566,10.0
2020-08-01T00:00:00.000Z,14,580,10.0
2020-08-02T00:00:00.000Z,12,592,11.0
2020-08-03T00:00:00.000Z,15,607,12.0
2020-08-04T00:00:00.000Z,11,618,13.0
2020-08-05T00:00:00.000Z,10,628,13.0
2020-08-06T00:00:00.000Z,9,637,13.0
2020-08-07T00:00:00.000Z,12,649,12.0
2020-08-08T00:00:00.000Z,13,662,11.0
2020-08-09T00:00:00.000Z,8,670,11.0
2020-08-10T00:00:00.000Z,15,685,11.0
2020-08-11T00:00:00.000Z,11,696,11.0
2020-08-12T00:00:00.000Z,16,712,11.0
2020-08-13T00:00:00.000Z,16,728,12.0
2020-08-14T00:00:00.000Z,12,740,13.0
2020-08-15T00:00:00.000Z,10,750,13.0
2020-08-16T00:00:00.000Z,20,770,12.0
2020-08-17T00:00:00.000Z,4,774,14.0
2020-08-18T00:00:00.000Z,14,788,12.0
2020-08-19T00:00:00.000Z,12,800,13.0
2020-08-20T00:00:00.000Z,14,814,12.0
2020-08-21T00:00:00.000Z,13,827,12.0
2020-08-22T00:00:00.000Z,10,837,12.0
2020-08-23T00:00:00.000Z,13,850,12.0
2020-08-24T00:00:00.000Z,16,866,11.0
2020-08-25T00:00:00.000Z,19,885,13.0
2020-08-26T00:00:00.000Z,11,896,13.0
2020-08-27T00:00:00.000Z,11,907,13.0
2020-08-28T00:00:00.000Z,13,920,13.0
2020-08-29T00:00:00.000Z,5,925,13.0
2020-08-30T00:00:00.000Z,14,939,12.0
2020-08-31T00:00:00.000Z,23,962,12.0
2020-09-01T00:00:00.000Z,15,977,13.0
2020-09-02T00:00:00.000Z,13,990,13.0
2020-09-03T00:00:00.000Z,16,1006,13.0
2020-09-04T00:00:00.000Z,12,1018,14.0
2020-09-05T00:00:00.000Z,15,1033,14.0
2020-09-06T00:00:00.000Z,12,1045,15.0
2020-09-07T00:00:00.000Z,17,1062,15.0
2020-09-08T00:00:00.000Z,20,1082,14.0
2020-09-09T00:00:00.000Z,15,1097,15.0
2020-09-10T00:00:00.000Z,14,1111,15.0
2020-09-11T00:00:00.000Z,20,1131,15.0
2020-09-12T00:00:00.000Z,15,1146,16.0
2020-09-13T00:00:00.000Z,17,1163,16.0
2020-09-14T00:00:00.000Z,20,1183,16.0
2020-09-15T00:00:00.000Z,16,1199,17.0
2020-09-16T00:00:00.000Z,26,1225,16.0
2020-09-17T00:00:00.000Z,17,1242,18.0
2020-09-18T00:00:00.000Z,21,1263,18.0
2020-09-19T00:00:00.000Z,28,1291,18.0
2020-09-20T00:00:00.000Z,21,1312,20.0
2020-09-21T00:00:00.000Z,32,1344,21.0
2020-09-22T00:00:00.000Z,25,1369,23.0
2020-09-23T00:00:00.000Z,25,1394,24.0
2020-09-24T00:00:00.000Z,31,1425,24.0
2020-09-25T00:00:00.000Z,29,1454,26.0
2020-09-26T00:00:00.000Z,27,1481,27.0
2020-09-27T00:00:00.000Z,31,1512,27.0
2020-09-28T00:00:00.000Z,29,1541,28.0
2020-09-29T00:00:00.000Z,35,1576,28.0
2020-09-30T00:00:00.000Z,37,1613,29.0
2020-10-01T00:00:00.000Z,46,1659,31.0
2020-10-02T00:00:00.000Z,25,1684,33.0
2020-10-03T00:00:00.000Z,38,1722,32.0
2020-10-04T00:00:00.000Z,37,1759,34.0
2020-10-05T00:00:00.000Z,27,1786,35.0
2020-10-06T00:00:00.000Z,45,1831,35.0
2020-10-07T00:00:00.000Z,26,1857,36.0
2020-10-08T00:00:00.000Z,47,1904,34.0
2020-10-09T00:00:00.000Z,40,1944,35.0
2020-10-10T00:00:00.000Z,35,1979,37.0
2020-10-11T00:00:00.000Z,45,2024,36.0
2020-10-12T00:00:00.000Z,30,2054,37.0
2020-10-13T00:00:00.000Z,37,2091,38.0
2020-10-14T00:00:00.000Z,34,2125,37.0
2020-10-15T00:00:00.000Z,32,2157,38.0
2020-10-16T00:00:00.000Z,35,2192,36.0
2020-10-17T00:00:00.000Z,32,2224,35.0
2020-10-18T00:00:00.000Z,33,2257,35.0
2020-10-19T00:00:00.000Z,31,2288,33.0
2020-10-20T00:00:00.000Z,20,2308,33.0
2020-10-21T00:00:00.000Z,25,2333,31.0
2020-10-22T00:00:00.000Z,29,2362,29.0
2020-10-23T00:00:00.000Z,26,2388,29.0
2020-10-24T00:00:00.000Z,26,2414,28.0
2020-10-25T00:00:00.000Z,34,2448,27.0
2020-10-26T00:00:00.000Z,28,2476,27.0
2020-10-27T00:00:00.000Z,28,2504,26.0
2020-10-28T00:00:00.000Z,10,2514,28.0
2020-10-29T00:00:00.000Z,19,2533,25.0
2020-10-30T00:00:00.000Z,12,2545,24.0
2020-10-31T00:00:00.000Z,25,2570,22.0
2020-11-01T00:00:00.000Z,19,2589,22.0
2020-11-02T00:00:00.000Z,15,2604,20.0
2020-11-03T00:00:00.000Z,26,2630,18.0
2020-11-04T00:00:00.000Z,15,2645,18.0
2020-11-05T00:00:00.000Z,14,2659,18.0
2020-11-06T00:00:00.000Z,16,2675,18.0
2020-11-07T00:00:00.000Z,8,2683,18.0
2020-11-08T00:00:00.000Z,7,2690,16.0
2020-11-09T00:00:00.000Z,8,2698,14.0
2020-11-10T00:00:00.000Z,10,2708,13.0
2020-11-11T00:00:00.000Z,7,2715,11.0
2020-11-12T00:00:00.000Z,12,2727,10.0
2020-11-13T00:00:00.000Z,5,2732,9.0
2020-11-14T00:00:00.000Z,11,2743,8.0
2020-11-15T00:00:00.000Z,14,2757,8.0
2020-11-16T00:00:00.000Z,9,2766,9.0
2020-11-17T00:00:00.000Z,12,2778,9.0
2020-11-18T00:00:00.000Z,7,2785,10.0
2020-11-19T00:00:00.000Z,8,2793,10.0
2020-11-20T00:00:00.000Z,6,2799,9.0
2020-11-21T00:00:00.000Z,12,2811,9.0
2020-11-22T00:00:00.000Z,16,2827,9.0
2020-11-23T00:00:00.000Z,7,2834,10.0
2020-11-24T00:00:00.000Z,5,2839,9.0
2020-11-25T00:00:00.000Z,5,2844,8.0
2020-11-26T00:00:00.000Z,9,2853,8.0
2020-11-27T00:00:00.000Z,7,2860,8.0
2020-11-28T00:00:00.000Z,9,2869,8.0
2020-11-29T00:00:00.000Z,10,2879,8.0
2020-11-30T00:00:00.000Z,6,2885,7.0
2020-12-01T00:00:00.000Z,10,2895,7.0
2020-12-02T00:00:00.000Z,5,2900,8.0
2020-12-03T00:00:00.000Z,10,2910,8.0
2020-12-04T00:00:00.000Z,9,2919,8.0
2020-12-05T00:00:00.000Z,10,2929,8.0
2020-12-06T00:00:00.000Z,8,2937,8.0
2020-12-07T00:00:00.000Z,7,2944,8.0
2020-12-08T00:00:00.000Z,12,2956,8.0
2020-12-09T00:00:00.000Z,13,2969,8.0
2020-12-10T00:00:00.000Z,13,2982,9.0
2020-12-11T00:00:00.000Z,11,2993,10.0
2020-12-12T00:00:00.000Z,16,3009,10.0
2020-12-13T00:00:00.000Z,9,3018,11.0
2020-12-14T00:00:00.000Z,11,3029,11.0
2020-12-15T00:00:00.000Z,15,3044,12.0
2020-12-16T00:00:00.000Z,15,3059,12.0
2020-12-17T00:00:00.000Z,17,3076,12.0
2020-12-18T00:00:00.000Z,16,3092,13.0
2020-12-19T00:00:00.000Z,20,3112,14.0
2020-12-20T00:00:00.000Z,18,3130,14.0
2020-12-21T00:00:00.000Z,16,3146,16.0
2020-12-22T00:00:00.000Z,13,3159,16.0
2020-12-23T00:00:00.000Z,25,3184,16.0
2020-12-24T00:00:00.000Z,15,3199,17.0
2020-12-25T00:00:00.000Z,21,3220,17.0
2020-12-26T00:00:00.000Z,23,3243,18.0
2020-12-27T00:00:00.000Z,21,3264,18.0
2020-12-28T00:00:00.000Z,32,3296,19.0
2020-12-29T00:00:00.000Z,25,3321,21.0
2020-12-30T00:00:00.000Z,16,3337,23.0
2020-12-31T00:00:00.000Z,36,3373,21.0
2021-01-01T00:00:00.000Z,34,3407,24.0
2021-01-02T00:00:00.000Z,27,3434,26.0
2021-01-03T00:00:00.000Z,26,3460,27.0
2021-01-04T00:00:00.000Z,38,3498,28.0
2021-01-05T00:00:00.000Z,23,3521,28.0
2021-01-06T00:00:00.000Z,43,3564,28.0
2021-01-07T00:00:00.000Z,48,3612,32.0
2021-01-08T00:00:00.000Z,46,3658,34.0
2021-01-09T00:00:00.000Z,20,3678,35.0
2021-01-10T00:00:00.000Z,43,3721,34.0
2021-01-11T00:00:00.000Z,28,3749,37.0
2021-01-12T00:00:00.000Z,55,3804,35.0
2021-01-13T00:00:00.000Z,57,3861,40.0
2021-01-14T00:00:00.000Z,59,3920,42.0
2021-01-15T00:00:00.000Z,52,3972,44.0
2021-01-16T00:00:00.000Z,47,4019,44.0
2021-01-17T00:00:00.000Z,56,4075,48.0
2021-01-18T00:00:00.000Z,46,4121,50.0
2021-01-19T00:00:00.000Z,43,4164,53.0
2021-01-20T00:00:00.000Z,57,4221,51.0
2021-01-21T00:00:00.000Z,47,4268,51.0
2021-01-22T00:00:00.000Z,65,4333,49.0
2021-01-23T00:00:00.000Z,52,4385,51.0
2021-01-24T00:00:00.000Z,75,4460,52.0
2021-01-25T00:00:00.000Z,60,4520,55.0
2021-01-26T00:00:00.000Z,53,4573,57.0
2021-01-27T00:00:00.000Z,61,4634,58.0
2021-01-28T00:00:00.000Z,49,4683,59.0
2021-01-29T00:00:00.000Z,45,4728,59.0
2021-01-30T00:00:00.000Z,38,4766,56.0
2021-01-31T00:00:00.000Z,51,4817,54.0
2021-02-01T00:00:00.000Z,46,4863,51.0
2021-02-02T00:00:00.000Z,61,4924,49.0
2021-02-03T00:00:00.000Z,57,4981,50.0
2021-02-04T00:00:00.000Z,48,5029,49.0
2021-02-05T00:00:00.000Z,34,5063,49.0
2021-02-06T00:00:00.000Z,51,5114,47.0
2021-02-07T00:00:00.000Z,44,5158,49.0
2021-02-08T00:00:00.000Z,30,5188,48.0
2021-02-09T00:00:00.000Z,42,5230,46.0
2021-02-10T00:00:00.000Z,32,5262,43.0
2021-02-11T00:00:00.000Z,30,5292,40.0
2021-02-12T00:00:00.000Z,41,5333,37.0
2021-02-13T00:00:00.000Z,29,5362,38.0
2021-02-14T00:00:00.000Z,37,5399,35.0
2021-02-15T00:00:00.000Z,16,5415,34.0
2021-02-16T00:00:00.000Z,42,5457,32.0
2021-02-17T00:00:00.000Z,27,5484,32.0
2021-02-18T00:00:00.000Z,35,5519,31.0
2021-02-19T00:00:00.000Z,22,5541,32.0
2021-02-20T00:00:00.000Z,26,5567,29.0
2021-02-21T00:00:00.000Z,25,5592,29.0
2021-02-22T00:00:00.000Z,15,5607,27.0
2021-02-23T00:00:00.000Z,35,5642,27.0
2021-02-24T00:00:00.000Z,27,5669,26.0
2021-02-25T00:00:00.000Z,23,5692,26.0
2021-02-26T00:00:00.000Z,22,5714,24.0
2021-02-27T00:00:00.000Z,30,5744,24.0
2021-02-28T00:00:00.000Z,21,5765,25.0
2021-03-01T00:00:00.000Z,18,5783,24.0
2021-03-02T00:00:00.000Z,21,5804,25.0
2021-03-03T00:00:00.000Z,17,5821,23.0
2021-03-04T00:00:00.000Z,17,5838,21.0
2021-03-05T00:00:00.000Z,18,5856,20.0
2021-03-06T00:00:00.000Z,20,5876,20.0
2021-03-07T00:00:00.000Z,16,5892,18.0
2021-03-08T00:00:00.000Z,21,5913,18.0
2021-03-09T00:00:00.000Z,15,5928,18.0
2021-03-10T00:00:00.000Z,17,5945,17.0
2021-03-11T00:00:00.000Z,18,5963,17.0
2021-03-12T00:00:00.000Z,12,5975,17.0
2021-03-13T00:00:00.000Z,16,5991,17.0
2021-03-14T00:00:00.000Z,26,6017,16.0
2021-03-15T00:00:00.000Z,17,6034,17.0
2021-03-16T00:00:00.000Z,16,6050,17.0
2021-03-17T00:00:00.000Z,14,6064,17.0
2021-03-18T00:00:00.000Z,9,6073,17.0
2021-03-19T00:00:00.000Z,12,6085,15.0
2021-03-20T00:00:00.000Z,7,6092,15.0
2021-03-21T00:00:00.000Z,14,6106,14.0
2021-03-22T00:00:00.000Z,13,6119,12.0
2021-03-23T00:00:00.000Z,14,6133,12.0
2021-03-24T00:00:00.000Z,10,6143,11.0
2021-03-25T00:00:00.000Z,9,6152,11.0
2021-03-26T00:00:00.000Z,11,6163,11.0
2021-03-27T00:00:00.000Z,6,6169,11.0
2021-03-28T00:00:00.000Z,13,6182,11.0
2021-03-29T00:00:00.000Z,11,6193,10.0
2021-03-30T00:00:00.000Z,13,6206,10.0
2021-03-31T00:00:00.000Z,14,6220,10.0
2021-04-01T00:00:00.000Z,8,6228,11.0
2021-04-02T00:00:00.000Z,15,6243,10.0
2021-04-03T00:00:00.000Z,7,6250,11.0
2021-04-04T00:00:00.000Z,8,6258,11.0
2021-04-05T00:00:00.000Z,6,6264,10.0
2021-04-06T00:00:00.000Z,8,6272,10.0
2021-04-07T00:00:00.000Z,9,6281,9.0
2021-04-08T00:00:00.000Z,9,6290,8.0
2021-04-09T00:00:00.000Z,10,6300,8.0
2021-04-10T00:00:00.000Z,9,6309,8.0
2021-04-11T00:00:00.000Z,6,6315,8.0
2021-04-12T00:00:00.000Z,6,6321,8.0
2021-04-13T00:00:00.000Z,13,6334,8.0
2021-04-14T00:00:00.000Z,3,6337,8.0
2021-04-15T00:00:00.000Z,3,6340,8.0
2021-04-16T00:00:00.000Z,5,6345,7.0
2021-04-17T00:00:00.000Z,7,6352,6.0
2021-04-18T00:00:00.000Z,4,6356,6.0
2021-04-19T00:00:00.000Z,3,6359,5.0
2021-04-20T00:00:00.000Z,4,6363,5.0
2021-04-21T00:00:00.000Z,2,6365,4.0
2021-04-22T00:00:00.000Z,2,6367,4.0
2021-04-23T00:00:00.000Z,5,6372,3.0
2021-04-24T00:00:00.000Z,4,6376,3.0
2021-04-25T00:00:00.000Z,1,6377,3.0
2021-04-26T00:00:00.000Z,3,6380,3.0
2021-04-27T00:00:00.000Z,6,6386,3.0
2021-04-28T00:00:00.000Z,0,6386,3.0
2021-04-29T00:00:00.000Z,2,6388,3.0
2021-04-30T00:00:00.000Z,2,6390,3.0
2021-05-01T00:00:00.000Z,2,6392,2.0
2021-05-02T00:00:00.000Z,1,6393,2.0
2021-05-03T00:00:00.000Z,3,6396,2.0
2021-05-04T00:00:00.000Z,2,6398,2.0
2021-05-05T00:00:00.000Z,2,6400,1.0
2021-05-06T00:00:00.000Z,2,6402,2.0
2021-05-07T00:00:00.000Z,2,6404,2.0
2021-05-08T00:00:00.000Z,1,6405,2.0
2021-05-09T00:00:00.000Z,1,6406,1.0
2021-05-10T00:00:00.000Z,2,6408,1.0
2021-05-11T00:00:00.000Z,1,6409,1.0
2021-05-12T00:00:00.000Z,1,6410,1.0
2021-05-13T00:00:00.000Z,2,6412,1.0
2021-05-14T00:00:00.000Z,0,6412,1.0
2021-05-15T00:00:00.000Z,1,6413,1.0
2021-05-16T00:00:00.000Z,1,6414,1.0
2021-05-17T00:00:00.000Z,3,6417,1.0
2021-05-18T00:00:00.000Z,0,6417,1.0
2021-05-19T00:00:00.000Z,1,6418,1.0
2021-05-20T00:00:00.000Z,0,6418,1.0
2021-05-21T00:00:00.000Z,2,6420,0.0
2021-05-22T00:00:00.000Z,0,6420,1.0
2021-05-23T00:00:00.000Z,1,6421,1.0
2021-05-24T00:00:00.000Z,1,6422,1.0
2021-05-25T00:00:00.000Z,1,6423,0.0
2021-05-26T00:00:00.000Z,0,6423,0.0
2021-05-27T00:00:00.000Z,2,6425,0.0
2021-05-28T00:00:00.000Z,1,6426,1.0
2021-05-29T00:00:00.000Z,0,6426,0.0
2021-05-30T00:00:00.000Z,0,6426,0.0
2021-05-31T00:00:00.000Z,0,6426,0.0
2021-06-01T00:00:00.000Z,2,6428,0.0
2021-06-02T00:00:00.000Z,0,6428,0.0
2021-06-03T00:00:00.000Z,1,6429,0.0
2021-06-04T00:00:00.000Z,0,6429,0.0
2021-06-05T00:00:00.000Z,1,6430,0.0
2021-06-06T00:00:00.000Z,0,6430,0.0
2021-06-07T00:00:00.000Z,1,6431,0.0
2021-06-08T00:00:00.000Z,1,6432,0.0
2021-06-09T00:00:00.000Z,1,6433,0.0
2021-06-10T00:00:00.000Z,0,6433,0.0
2021-06-11T00:00:00.000Z,0,6433,0.0
2021-06-12T00:00:00.000Z,0,6433,0.0
2021-06-13T00:00:00.000Z,1,6434,0.0
2021-06-14T00:00:00.000Z,0,6434,0.0
2021-06-15T00:00:00.000Z,0,6434,0.0
2021-06-16T00:00:00.000Z,1,6435,0.0
2021-06-17T00:00:00.000Z,0,6435,0.0
2021-06-18T00:00:00.000Z,0,6435,0.0
2021-06-19T00:00:00.000Z,1,6436,0.0
2021-06-20T00:00:00.000Z,0,6436,0.0
2021-06-21T00:00:00.000Z,0,6436,0.0
2021-06-22T00:00:00.000Z,0,6436,0.0
2021-06-23T00:00:00.000Z,0,6436,0.0
2021-06-24T00:00:00.000Z,0,6436,0.0
2021-06-25T00:00:00.000Z,1,6437,0.0
2021-06-26T00:00:00.000Z,0,6437,0.0
2021-06-27T00:00:00.000Z,0,6437,0.0
2021-06-28T00:00:00.000Z,0,6437,0.0
2021-06-29T00:00:00.000Z,0,6437,0.0
2021-06-30T00:00:00.000Z,0,6437,0.0
2021-07-01T00:00:00.000Z,0,6437,0.0
2021-07-02T00:00:00.000Z,0,6437,0.0
2021-07-03T00:00:00.000Z,0,6437,0.0
2021-07-04T00:00:00.000Z,0,6437,0.0
2021-07-05T00:00:00.000Z,0,6437,0.0
2021-07-06T00:00:00.000Z,0,6437,0.0
2021-07-07T00:00:00.000Z,1,6438,0.0
2021-07-08T00:00:00.000Z,2,6440,0.0
2021-07-09T00:00:00.000Z,0,6440,0.0
2021-07-10T00:00:00.000Z,2,6442,0.0
2021-07-11T00:00:00.000Z,3,6445,0.0
2021-07-12T00:00:00.000Z,2,6447,1.0
2021-07-13T00:00:00.000Z,0,6447,1.0
2021-07-14T00:00:00.000Z,3,6450,1.0
2021-07-15T00:00:00.000Z,1,6451,1.0
2021-07-16T00:00:00.000Z,1,6452,1.0
2021-07-17T00:00:00.000Z,2,6454,1.0
2021-07-18T00:00:00.000Z,3,6457,1.0
2021-07-19T00:00:00.000Z,2,6459,1.0
2021-07-20T00:00:00.000Z,2,6461,1.0
2021-07-21T00:00:00.000Z,3,6464,2.0
2021-07-22T00:00:00.000Z,1,6465,2.0
2021-07-23T00:00:00.000Z,0,6465,2.0
2021-07-24T00:00:00.000Z,3,6468,1.0
2021-07-25T00:00:00.000Z,4,6472,2.0
2021-07-26T00:00:00.000Z,1,6473,2.0
2021-07-27T00:00:00.000Z,1,6474,2.0
2021-07-28T00:00:00.000Z,6,6480,1.0
2021-07-29T00:00:00.000Z,6,6486,2.0
2021-07-30T00:00:00.000Z,2,6488,3.0
2021-07-31T00:00:00.000Z,6,6494,3.0
2021-08-01T00:00:00.000Z,9,6503,3.0
2021-08-02T00:00:00.000Z,9,6512,4.0
2021-08-03T00:00:00.000Z,10,6522,5.0
2021-08-04T00:00:00.000Z,5,6527,6.0
2021-08-05T00:00:00.000Z,16,6543,6.0
2021-08-06T00:00:00.000Z,14,6557,8.0
2021-08-07T00:00:00.000Z,12,6569,9.0
2021-08-08T00:00:00.000Z,19,6588,10.0
2021-08-09T00:00:00.000Z,11,6599,12.0
2021-08-10T00:00:00.000Z,17,6616,12.0
2021-08-11T00:00:00.000Z,16,6632,13.0
2021-08-12T00:00:00.000Z,19,6651,15.0
2021-08-13T00:00:00.000Z,24,6675,15.0
2021-08-14T00:00:00.000Z,18,6693,16.0
2021-08-15T00:00:00.000Z,20,6713,17.0
2021-08-16T00:00:00.000Z,28,6741,17.0
2021-08-17T00:00:00.000Z,20,6761,20.0
2021-08-18T00:00:00.000Z,22,6783,20.0
2021-08-19T00:00:00.000Z,24,6807,21.0
2021-08-20T00:00:00.000Z,24,6831,22.0
2021-08-21T00:00:00.000Z,25,6856,22.0
2021-08-22T00:00:00.000Z,33,6889,23.0
2021-08-23T00:00:00.000Z,20,6909,25.0
2021-08-24T00:00:00.000Z,31,6940,24.0
2021-08-25T00:00:00.000Z,28,6968,25.0
2021-08-26T00:00:00.000Z,32,7000,26.0
2021-08-27T00:00:00.000Z,26,7026,27.0
2021-08-28T00:00:00.000Z,23,7049,27.0
2021-08-29T00:00:00.000Z,29,7078,27.0
2021-08-30T00:00:00.000Z,26,7104,27.0
2021-08-31T00:00:00.000Z,31,7135,27.0
2021-09-01T00:00:00.000Z,31,7166,27.0
2021-09-02T00:00:00.000Z,31,7197,28.0
2021-09-03T00:00:00.000Z,34,7231,28.0
2021-09-04T00:00:00.000Z,26,7257,29.0
2021-09-05T00:00:00.000Z,26,7283,29.0
2021-09-06T00:00:00.000Z,23,7306,29.0
2021-09-07T00:00:00.000Z,27,7333,28.0
2021-09-08T00:00:00.000Z,29,7362,28.0
2021-09-09T00:00:00.000Z,22,7384,28.0
2021-09-10T00:00:00.000Z,17,7401,26.0
2021-09-11T00:00:00.000Z,27,7428,24.0
2021-09-12T00:00:00.000Z,22,7450,24.0
2021-09-13T00:00:00.000Z,20,7470,23.0
2021-09-14T00:00:00.000Z,29,7499,23.0
2021-09-15T00:00:00.000Z,20,7519,23.0
2021-09-16T00:00:00.000Z,21,7540,22.0
2021-09-17T00:00:00.000Z,17,7557,22.0
2021-09-18T00:00:00.000Z,17,7574,22.0
2021-09-19T00:00:00.000Z,28,7602,20.0
2021-09-20T00:00:00.000Z,15,7617,21.0
2021-09-21T00:00:00.000Z,17,7634,21.0
2021-09-22T00:00:00.000Z,19,7653,19.0
2021-09-23T00:00:00.000Z,19,7672,19.0
2021-09-24T00:00:00.000Z,21,7693,18.0
2021-09-25T00:00:00.000Z,24,7717,19.0
2021-09-26T00:00:00.000Z,14,7731,20.0
2021-09-27T00:00:00.000Z,17,7748,18.0
2021-09-28T00:00:00.000Z,21,7769,18.0
2021-09-29T00:00:00.000Z,23,7792,19.0
2021-09-30T00:00:00.000Z,14,7806,19.0
2021-10-01T00:00:00.000Z,22,7828,19.0
2021-10-02T00:00:00.000Z,18,7846,19.0
2021-10-03T00:00:00.000Z,23,7869,18.0
2021-10-04T00:00:00.000Z,11,7880,19.0
2021-10-05T00:00:00.000Z,15,7895,18.0
2021-10-06T00:00:00.000Z,15,7910,18.0
2021-10-07T00:00:00.000Z,17,7927,16.0
2021-10-08T00:00:00.000Z,6,7933,17.0
2021-10-09T00:00:00.000Z,14,7947,15.0
2021-10-10T00:00:00.000Z,14,7961,14.0
2021-10-11T00:00:00.000Z,13,7974,13.0
2021-10-12T00:00:00.000Z,10,7984,13.0
2021-10-13T00:00:00.000Z,11,7995,12.0
2021-10-14T00:00:00.000Z,14,8009,12.0
2021-10-15T00:00:00.000Z,10,8019,11.0
2021-10-16T00:00:00.000Z,10,8029,12.0
2021-10-17T00:00:00.000Z,6,8035,11.0
2021-10-18T00:00:00.000Z,9,8044,10.0
2021-10-19T00:00:00.000Z,3,8047,10.0
2021-10-20T00:00:00.000Z,8,8055,9.0
2021-10-21T00:00:00.000Z,7,8062,8.0
2021-10-22T00:00:00.000Z,4,8066,7.0
2021-10-23T00:00:00.000Z,8,8074,6.0
2021-10-24T00:00:00.000Z,6,8080,6.0
2021-10-25T00:00:00.000Z,11,8091,6.0
2021-10-26T00:00:00.000Z,9,8100,6.0
2021-10-27T00:00:00.000Z,5,8105,7.0
2021-10-28T00:00:00.000Z,7,8112,7.0
2021-10-29T00:00:00.000Z,6,8118,7.0
2021-10-30T00:00:00.000Z,3,8121,7.0
2021-10-31T00:00:00.000Z,2,8123,6.0
2021-11-01T00:00:00.000Z,4,8127,6.0
2021-11-02T00:00:00.000Z,3,8130,5.0
2021-11-03T00:00:00.000Z,5,8135,4.0
2021-11-04T00:00:00.000Z,6,8141,4.0
2021-11-05T00:00:00.000Z,1,8142,4.0
2021-11-06T00:00:00.000Z,1,8143,3.0
2021-11-07T00:00:00.000Z,4,8147,3.0
2021-11-08T00:00:00.000Z,3,8150,3.0
2021-11-09T00:00:00.000Z,6,8156,3.0
2021-11-10T00:00:00.000Z,5,8161,3.0
2021-11-11T00:00:00.000Z,3,8164,3.0
2021-11-12T00:00:00.000Z,2,8166,3.0
2021-11-13T00:00:00.000Z,2,8168,3.0
2021-11-14T00:00:00.000Z,0,8168,3.0
2021-11-15T00:00:00.000Z,5,8173,3.0
2021-11-16T00:00:00.000Z,4,8177,3.0
2021-11-17T00:00:00.000Z,1,8178,3.0
2021-11-18T00:00:00.000Z,3,8181,2.0
2021-11-19T00:00:00.000Z,3,8184,2.0
2021-11-20T00:00:00.000Z,6,8190,2.0
2021-11-21T00:00:00.000Z,1,8191,3.0
2021-11-22T00:00:00.000Z,2,8193,3.0
2021-11-23T00:00:00.000Z,0,8193,2.0
2021-11-24T00:00:00.000Z,3,8196,2.0
2021-11-25T00:00:00.000Z,3,8199,2.0
2021-11-26T00:00:00.000Z,2,8201,2.0
2021-11-27T00:00:00.000Z,1,8202,2.0
2021-11-28T00:00:00.000Z,3,8205,1.0
2021-11-29T00:00:00.000Z,3,8208,2.0
2021-11-30T00:00:00.000Z,3,8211,2.0
2021-12-01T00:00:00.000Z,1,8212,2.0
2021-12-02T00:00:00.000Z,2,8214,2.0
2021-12-03T00:00:00.000Z,1,8215,2.0
2021-12-04T00:00:00.000Z,2,8217,2.0
2021-12-05T00:00:00.000Z,1,8218,2.0
2021-12-06T00:00:00.000Z,2,8220,1.0
2021-12-07T00:00:00.000Z,3,8223,1.0
2021-12-08T00:00:00.000Z,6,8229,1.0
2021-12-09T00:00:00.000Z,1,8230,2.0
2021-12-10T00:00:00.000Z,2,8232,2.0
2021-12-11T00:00:00.000Z,1,8233,2.0
2021-12-12T00:00:00.000Z,2,8235,2.0
2021-12-13T00:00:00.000Z,4,8239,2.0
2021-12-14T00:00:00.000Z,1,8240,2.0
2021-12-15T00:00:00.000Z,1,8241,2.0
2021-12-16T00:00:00.000Z,1,8242,1.0
2021-12-17T00:00:00.000Z,2,8244,1.0
2021-12-18T00:00:00.000Z,2,8246,1.0
2021-12-19T00:00:00.000Z,2,8248,1.0
2021-12-20T00:00:00.000Z,2,8250,1.0
2021-12-21T00:00:00.000Z,0,8250,1.0
2021-12-22T00:00:00.000Z,0,8250,1.0
2021-12-23T00:00:00.000Z,1,8251,1.0
2021-12-24T00:00:00.000Z,1,8252,1.0
2021-12-25T00:00:00.000Z,0,8252,1.0
2021-12-26T00:00:00.000Z,2,8254,0.0
2021-12-27T00:00:00.000Z,3,8257,0.0
2021-12-28T00:00:00.000Z,1,8258,1.0
2021-12-29T00:00:00.000Z,2,8260,1.0
2021-12-30T00:00:00.000Z,0,8260,1.0
2021-12-31T00:00:00.000Z,1,8261,1.0
2022-01-01T00:00:00.000Z,2,8263,1.0
2022-01-02T00:00:00.000Z,5,8268,1.0
2022-01-03T00:00:00.000Z,4,8272,2.0
2022-01-04T00:00:00.000Z,1,8273,2.0
2022-01-05T00:00:00.000Z,4,8277,2.0
2022-01-06T00:00:00.000Z,2,8279,2.0
2022-01-07T00:00:00.000Z,3,8282,2.0
2022-01-08T00:00:00.000Z,5,8287,3.0
2022-01-09T00:00:00.000Z,8,8295,3.0
2022-01-10T00:00:00.000Z,9,8304,3.0
2022-01-11T00:00:00.000Z,7,8311,4.0
2022-01-12T00:00:00.000Z,8,8319,5.0
2022-01-13T00:00:00.000Z,11,8330,6.0
2022-01-14T00:00:00.000Z,12,8342,7.0
2022-01-15T00:00:00.000Z,19,8361,8.0
2022-01-16T00:00:00.000Z,19,8380,10.0
2022-01-17T00:00:00.000Z,23,8403,12.0
2022-01-18T00:00:00.000Z,20,8423,14.0
2022-01-19T00:00:00.000Z,26,8449,16.0
2022-01-20T00:00:00.000Z,26,8475,18.0
2022-01-21T00:00:00.000Z,38,8513,20.0
2022-01-22T00:00:00.000Z,41,8554,24.0
2022-01-23T00:00:00.000Z,41,8595,27.0
2022-01-24T00:00:00.000Z,55,8650,30.0
2022-01-25T00:00:00.000Z,44,8694,35.0
2022-01-26T00:00:00.000Z,53,8747,38.0
2022-01-27T00:00:00.000Z,35,8782,42.0
2022-01-28T00:00:00.000Z,52,8834,43.0
2022-01-29T00:00:00.000Z,56,8890,45.0
2022-01-30T00:00:00.000Z,54,8944,48.0
2022-01-31T00:00:00.000Z,56,9000,49.0
2022-02-01T00:00:00.000Z,65,9065,50.0
2022-02-02T00:00:00.000Z,72,9137,53.0
2022-02-03T00:00:00.000Z,72,9209,55.0
2022-02-04T00:00:00.000Z,53,9262,61.0
2022-02-05T00:00:00.000Z,62,9324,61.0
2022-02-06T00:00:00.000Z,62,9386,62.0
2022-02-07T00:00:00.000Z,73,9459,63.0
2022-02-08T00:00:00.000Z,60,9519,65.0
2022-02-09T00:00:00.000Z,57,9576,64.0
2022-02-10T00:00:00.000Z,74,9650,62.0
2022-02-11T00:00:00.000Z,56,9706,63.0
2022-02-12T00:00:00.000Z,57,9763,63.0
2022-02-13T00:00:00.000Z,47,9810,62.0
2022-02-14T00:00:00.000Z,50,9860,60.0
2022-02-15T00:00:00.000Z,39,9899,57.0
2022-02-16T00:00:00.000Z,37,9936,54.0
2022-02-17T00:00:00.000Z,38,9974,51.0
2022-02-18T00:00:00.000Z,25,9999,46.0
2022-02-19T00:00:00.000Z,26,10025,41.0
2022-02-20T00:00:00.000Z,32,10057,37.0
2022-02-21T00:00:00.000Z,27,10084,35.0
2022-02-22T00:00:00.000Z,33,10117,32.0
2022-02-23T00:00:00.000Z,32,10149,31.0
2022-02-24T00:00:00.000Z,23,10172,30.0
2022-02-25T00:00:00.000Z,24,10196,28.0
2022-02-26T00:00:00.000Z,21,10217,28.0
2022-02-27T00:00:00.000Z,25,10242,27.0
2022-02-28T00:00:00.000Z,24,10266,26.0
2022-03-01T00:00:00.000Z,24,10290,26.0
2022-03-02T00:00:00.000Z,12,10302,24.0
2022-03-03T00:00:00.000Z,21,10323,21.0
2022-03-04T00:00:00.000Z,12,10335,21.0
2022-03-05T00:00:00.000Z,16,10351,19.0
2022-03-06T00:00:00.000Z,13,10364,19.0
2022-03-07T00:00:00.000Z,12,10376,17.0
2022-03-08T00:00:00.000Z,14,10390,15.0
2022-03-09T00:00:00.000Z,13,10403,14.0
2022-03-10T00:00:00.000Z,3,10406,14.0
2022-03-11T00:00:00.000Z,7,10413,11.0
2022-03-12T00:00:00.000Z,9,10422,11.0
2022-03-13T00:00:00.000Z,11,10433,10.0
2022-03-14T00:00:00.000Z,10,10443,9.0
2022-03-15T00:00:00.000Z,5,10448,9.0
2022-03-16T00:00:00.000Z,7,10455,8.0
2022-03-17T00:00:00.000Z,7,10462,7.0
2022-03-18T00:00:00.000Z,10,10472,8.0
2022-03-19T00:00:00.000Z,8,10480,8.0
2022-03-20T00:00:00.000Z,6,10486,8.0
2022-03-21T00:00:00.000Z,8,10494,7.0
2022-03-22T00:00:00.000Z,8,10502,7.0
2022-03-23T00:00:00.000Z,1,10503,7.0
2022-03-24T00:00:00.000Z,8,10511,6.0
2022-03-25T00:00:00.000Z,7,10518,7.0
2022-03-26T00:00:00.000Z,12,10530,6.0
2022-03-27T00:00:00.000Z,10,10540,7.0
2022-03-28T00:00:00.000Z,8,10548,7.0
2022-03-29T00:00:00.000Z,7,10555,7.0
2022-03-30T00:00:00.000Z,8,10563,7.0
2022-03-31T00:00:00.000Z,14,10577,8.0
2022-04-01T00:00:00.000Z,4,10581,9.0
2022-04-02T00:00:00.000Z,12,10593,9.0
2022-04-03T00:00:00.000Z,11,10604,9.0
2022-04-04T00:00:00.000Z,9,10613,9.0
2022-04-05T00:00:00.000Z,3,10616,9.0
2022-04-06T00:00:00.000Z,9,10625,8.0
2022-04-07T00:00:00.000Z,8,10633,8.0
2022-04-08T00:00:00.000Z,8,10641,8.0
2022-04-09T00:00:00.000Z,12,10653,8.0
2022-04-10T00:00:00.000Z,10,10663,8.0
2022-04-11T00:00:00.000Z,7,10670,8.0
2022-04-12T00:00:00.000Z,8,10678,8.0
2022-04-13T00:00:00.000Z,7,10685,8.0
2022-04-14T00:00:00.000Z,6,10691,8.0
2022-04-15T00:00:00.000Z,8,10699,8.0
2022-04-16T00:00:00.000Z,2,10701,8.0
2022-04-17T00:00:00.000Z,9,10710,6.0
2022-04-18T00:00:00.000Z,9,10719,6.0
2022-04-19T00:00:00.000Z,8,10727,7.0
2022-04-20T00:00:00.000Z,6,10733,7.0
2022-04-21T00:00:00.000Z,4,10737,6.0
2022-04-22T00:00:00.000Z,4,10741,6.0
2022-04-23T00:00:00.000Z,6,10747,6.0
2022-04-24T00:00:00.000Z,4,10751,6.0
2022-04-25T00:00:00.000Z,1,10752,5.0
2022-04-26T00:00:00.000Z,7,10759,4.0
2022-04-27T00:00:00.000Z,5,10764,4.0
2022-04-28T00:00:00.000Z,8,10772,4.0
2022-04-29T00:00:00.000Z,6,10778,5.0
2022-04-30T00:00:00.000Z,5,10783,5.0
2022-05-01T00:00:00.000Z,4,10787,5.0
2022-05-02T00:00:00.000Z,5,10792,5.0
2022-05-03T00:00:00.000Z,9,10801,5.0
2022-05-04T00:00:00.000Z,1,10802,6.0
2022-05-05T00:00:00.000Z,2,10804,5.0
2022-05-06T00:00:00.000Z,6,10810,4.0
2022-05-07T00:00:00.000Z,3,10813,4.0
2022-05-08T00:00:00.000Z,4,10817,4.0
2022-05-09T00:00:00.000Z,2,10819,4.0
2022-05-10T00:00:00.000Z,5,10824,3.0
2022-05-11T00:00:00.000Z,1,10825,3.0
2022-05-12T00:00:00.000Z,2,10827,3.0
2022-05-13T00:00:00.000Z,3,10830,3.0
2022-05-14T00:00:00.000Z,3,10833,2.0
2022-05-15T00:00:00.000Z,8,10841,2.0
2022-05-16T00:00:00.000Z,1,10842,3.0
2022-05-17T00:00:00.000Z,1,10843,3.0
2022-05-18T00:00:00.000Z,2,10845,2.0
2022-05-19T00:00:00.000Z,4,10849,2.0
2022-05-20T00:00:00.000Z,3,10852,3.0
2022-05-21T00:00:00.000Z,4,10856,3.0
2022-05-22T00:00:00.000Z,1,10857,3.0
2022-05-23T00:00:00.000Z,1,10858,2.0
2022-05-24T00:00:00.000Z,1,10859,2.0
2022-05-25T00:00:00.000Z,2,10861,2.0
2022-05-26T00:00:00.000Z,3,10864,2.0
2022-05-27T00:00:00.000Z,1,10865,2.0
2022-05-28T00:00:00.000Z,2,10867,1.0
2022-05-29T00:00:00.000Z,2,10869,1.0
2022-05-30T00:00:00.000Z,2,10871,1.0
2022-05-31T00:00:00.000Z,3,10874,1.0
2022-06-01T00:00:00.000Z,3,10877,2.0
2022-06-02T00:00:00.000Z,2,10879,2.0
2022-06-03T00:00:00.000Z,1,10880,2.0
2022-06-04T00:00:00.000Z,1,10881,2.0
2022-06-05T00:00:00.000Z,0,10881,2.0
2022-06-06T00:00:00.000Z,3,10884,1.0
2022-06-07T00:00:00.000Z,3,10887,1.0
2022-06-08T00:00:00.000Z,2,10889,1.0
2022-06-09T00:00:00.000Z,3,10892,1.0
2022-06-10T00:00:00.000Z,0,10892,1.0
2022-06-11T00:00:00.000Z,2,10894,1.0
2022-06-12T00:00:00.000Z,3,10897,1.0
2022-06-13T00:00:00.000Z,2,10899,2.0
2022-06-14T00:00:00.000Z,0,10899,2.0
2022-06-15T00:00:00.000Z,1,10900,1.0
2022-06-16T00:00:00.000Z,4,10904,1.0
2022-06-17T00:00:00.000Z,4,10908,1.0
2022-06-18T00:00:00.000Z,4,10912,2.0
2022-06-19T00:00:00.000Z,4,10916,2.0
2022-06-20T00:00:00.000Z,2,10918,2.0
2022-06-21T00:00:00.000Z,5,10923,2.0
2022-06-22T00:00:00.000Z,4,10927,3.0
2022-06-23T00:00:00.000Z,11,10938,3.0
2022-06-24T00:00:00.000Z,10,10948,4.0
2022-06-25T00:00:00.000Z,13,10961,5.0
2022-06-26T00:00:00.000Z,8,10969,7.0
2022-06-27T00:00:00.000Z,12,10981,7.0
2022-06-28T00:00:00.000Z,10,10991,9.0
2022-06-29T00:00:00.000Z,13,11004,9.0
2022-06-30T00:00:00.000Z,14,11018,11.0
2022-07-01T00:00:00.000Z,19,11037,11.0
2022-07-02T00:00:00.000Z,13,11050,12.0
2022-07-03T00:00:00.000Z,11,11061,12.0
2022-07-04T00:00:00.000Z,12,11073,13.0
2022-07-05T00:00:00.000Z,14,11087,13.0
2022-07-06T00:00:00.000Z,14,11101,13.0
2022-07-07T00:00:00.000Z,12,11113,13.0
2022-07-08T00:00:00.000Z,14,11127,13.0
2022-07-09T00:00:00.000Z,19,11146,12.0
2022-07-10T00:00:00.000Z,15,11161,13.0
2022-07-11T00:00:00.000Z,14,11175,14.0
2022-07-12T00:00:00.000Z,14,11189,14.0
2022-07-13T00:00:00.000Z,13,11202,14.0
2022-07-14T00:00:00.000Z,22,11224,14.0
2022-07-15T00:00:00.000Z,12,11236,15.0
2022-07-16T00:00:00.000Z,13,11249,15.0
2022-07-17T00:00:00.000Z,8,11257,14.0
2022-07-18T00:00:00.000Z,13,11270,13.0
2022-07-19T00:00:00.000Z,19,11289,13.0
2022-07-20T00:00:00.000Z,13,11302,14.0
2022-07-21T00:00:00.000Z,20,11322,14.0
2022-07-22T00:00:00.000Z,11,11333,14.0
2022-07-23T00:00:00.000Z,15,11348,13.0
2022-07-24T00:00:00.000Z,14,11362,14.0
2022-07-25T00:00:00.000Z,13,11375,15.0
2022-07-26T00:00:00.000Z,10,11385,15.0
2022-07-27T00:00:00.000Z,13,11398,13.0
2022-07-28T00:00:00.000Z,14,11412,13.0
2022-07-29T00:00:00.000Z,8,11420,12.0
2022-07-30T00:00:00.000Z,10,11430,12.0
2022-07-31T00:00:00.000Z,15,11445,11.0
2022-08-01T00:00:00.000Z,18,11463,11.0
2022-08-02T00:00:00.000Z,8,11471,12.0
2022-08-03T00:00:00.000Z,8,11479,12.0
2022-08-04T00:00:00.000Z,7,11486,11.0
2022-08-05T00:00:00.000Z,4,11490,10.0
2022-08-06T00:00:00.000Z,10,11500,10.0
2022-08-07T00:00:00.000Z,12,11512,10.0
2022-08-08T00:00:00.000Z,6,11518,9.0
2022-08-09T00:00:00.000Z,12,11530,7.0
2022-08-10T00:00:00.000Z,7,11537,8.0
2022-08-11T00:00:00.000Z,7,11544,8.0
2022-08-12T00:00:00.000Z,4,11548,8.0
2022-08-13T00:00:00.000Z,4,11552,8.0
2022-08-14T00:00:00.000Z,4,11556,7.0
2022-08-15T00:00:00.000Z,3,11559,6.0
2022-08-16T00:00:00.000Z,14,11573,5.0
2022-08-17T00:00:00.000Z,9,11582,6.0
2022-08-18T00:00:00.000Z,3,11585,6.0
2022-08-19T00:00:00.000Z,7,11592,5.0
2022-08-20T00:00:00.000Z,3,11595,6.0
2022-08-21T00:00:00.000Z,9,11604,6.0
2022-08-22T00:00:00.000Z,7,11611,6.0
2022-08-23T00:00:00.000Z,7,11618,7.0
2022-08-24T00:00:00.000Z,5,11623,6.0
2022-08-25T00:00:00.000Z,5,11628,5.0
2022-08-26T00:00:00.000Z,5,11633,6.0
2022-08-27T00:00:00.000Z,3,11636,5.0
2022-08-28T00:00:00.000Z,4,11640,5.0
2022-08-29T00:00:00.000Z,6,11646,5.0
2022-08-30T00:00:00.000Z,5,11651,5.0
2022-08-31T00:00:00.000Z,1,11652,4.0
2022-09-01T00:00:00.000Z,1,11653,4.0
2022-09-02T00:00:00.000Z,9,11662,3.0
2022-09-03T00:00:00.000Z,0,11662,4.0
2022-09-04T00:00:00.000Z,2,11664,3.0
2022-09-05T00:00:00.000Z,3,11667,3.0
2022-09-06T00:00:00.000Z,6,11673,3.0
2022-09-07T00:00:00.000Z,0,11673,3.0
2022-09-08T00:00:00.000Z,2,11675,3.0
2022-09-09T00:00:00.000Z,0,11675,3.0
2022-09-10T00:00:00.000Z,3,11678,1.0
2022-09-11T00:00:00.000Z,2,11680,2.0
2022-09-12T00:00:00.000Z,1,11681,2.0
2022-09-13T00:00:00.000Z,4,11685,2.0
2022-09-14T00:00:00.000Z,3,11688,1.0
2022-09-15T00:00:00.000Z,4,11692,2.0
2022-09-16T00:00:00.000Z,0,11692,2.0
2022-09-17T00:00:00.000Z,1,11693,2.0
2022-09-18T00:00:00.000Z,1,11694,2.0
2022-09-19T00:00:00.000Z,2,11696,2.0
2022-09-20T00:00:00.000Z,1,11697,2.0
2022-09-21T00:00:00.000Z,0,11697,1.0
2022-09-22T00:00:00.000Z,1,11698,1.0
2022-09-23T00:00:00.000Z,4,11702,0.0
2022-09-24T00:00:00.000Z,0,11702,1.0
2022-09-25T00:00:00.000Z,4,11706,1.0
2022-09-26T00:00:00.000Z,3,11709,1.0
2022-09-27T00:00:00.000Z,3,11712,1.0
2022-09-28T00:00:00.000Z,0,11712,2.0
2022-09-29T00:00:00.000Z,1,11713,2.0
2022-09-30T00:00:00.000Z,1,11714,2.0
2022-10-01T00:00:00.000Z,1,11715,1.0
2022-10-02T00:00:00.000Z,3,11718,1.0
2022-10-03T00:00:00.000Z,1,11719,1.0
2022-10-04T00:00:00.000Z,0,11719,1.0
2022-10-05T00:00:00.000Z,6,11725,1.0
2022-10-06T00:00:00.000Z,3,11728,1.0
2022-10-07T00:00:00.000Z,1,11729,2.0
2022-10-08T00:00:00.000Z,3,11732,2.0
2022-10-09T00:00:00.000Z,2,11734,2.0
2022-10-10T00:00:00.000Z,4,11738,2.0
2022-10-11T00:00:00.000Z,1,11739,2.0
2022-10-12T00:00:00.000Z,2,11741,2.0
2022-10-13T00:00:00.000Z,3,11744,2.0
2022-10-14T00:00:00.000Z,2,11746,2.0
2022-10-15T00:00:00.000Z,3,11749,2.0
2022-10-16T00:00:00.000Z,1,11750,2.0
2022-10-17T00:00:00.000Z,2,11752,2.0
2022-10-18T00:00:00.000Z,3,11755,2.0
2022-10-19T00:00:00.000Z,3,11758,2.0
2022-10-20T00:00:00.000Z,3,11761,2.0
2022-10-21T00:00:00.000Z,1,11762,2.0
2022-10-22T00:00:00.000Z,5,11767,2.0
2022-10-23T00:00:00.000Z,2,11769,2.0
2022-10-24T00:00:00.000Z,3,11772,2.0
2022-10-25T00:00:00.000Z,1,11773,2.0
2022-10-26T00:00:00.000Z,2,11775,2.0
2022-10-27T00:00:00.000Z,5,11780,2.0
2022-10-28T00:00:00.000Z,1,11781,2.0
2022-10-29T00:00:00.000Z,2,11783,2.0
2022-10-30T00:00:00.000Z,3,11786,2.0
2022-10-31T00:00:00.000Z,1,11787,2.0
2022-11-01T00:00:00.000Z,3,11790,2.0
2022-11-02T00:00:00.000Z,1,11791,2.0
2022-11-03T00:00:00.000Z,3,11794,2.0
2022-11-04T00:00:00.000Z,3,11797,2.0
2022-11-05T00:00:00.000Z,1,11798,2.0
2022-11-06T00:00:00.000Z,3,11801,2.0
2022-11-07T00:00:00.000Z,1,11802,2.0
2022-11-08T00:00:00.000Z,4,11806,2.0
2022-11-09T00:00:00.000Z,2,11808,2.0
2022-11-10T00:00:00.000Z,1,11809,2.0
2022-11-11T00:00:00.000Z,3,11812,2.0
2022-11-12T00:00:00.000Z,2,11814,2.0
2022-11-13T00:00:00.000Z,5,11819,2.0
2022-11-14T00:00:00.000Z,4,11823,2.0
2022-11-15T00:00:00.000Z,5,11828,3.0
2022-11-16T00:00:00.000Z,2,11830,3.0
2022-11-17T00:00:00.000Z,4,11834,3.0
2022-11-18T00:00:00.000Z,3,11837,3.0
2022-11-19T00:00:00.000Z,0,11837,3.0
2022-11-20T00:00:00.000Z,2,11839,3.0
2022-11-21T00:00:00.000Z,4,11843,2.0
2022-11-22T00:00:00.000Z,3,11846,2.0
2022-11-23T00:00:00.000Z,2,11848,2.0
2022-11-24T00:00:00.000Z,10,11858,2.0
2022-11-25T00:00:00.000Z,3,11861,3.0
2022-11-26T00:00:00.000Z,0,11861,3.0
2022-11-27T00:00:00.000Z,3,11864,3.0
2022-11-28T00:00:00.000Z,13,11877,3.0
2022-11-29T00:00:00.000Z,8,11885,4.0
2022-11-30T00:00:00.000Z,3,11888,5.0
2022-12-01T00:00:00.000Z,4,11892,5.0
2022-12-02T00:00:00.000Z,4,11896,4.0
2022-12-03T00:00:00.000Z,4,11900,5.0
2022-12-04T00:00:00.000Z,8,11908,5.0
2022-12-05T00:00:00.000Z,2,11910,6.0
2022-12-06T00:00:00.000Z,4,11914,4.0
2022-12-07T00:00:00.000Z,4,11918,4.0
2022-12-08T00:00:00.000Z,11,11929,4.0
2022-12-09T00:00:00.000Z,9,11938,5.0
2022-12-10T00:00:00.000Z,6,11944,6.0
2022-12-11T00:00:00.000Z,9,11953,6.0
2022-12-12T00:00:00.000Z,7,11960,6.0
2022-12-13T00:00:00.000Z,5,11965,7.0
2022-12-14T00:00:00.000Z,7,11972,7.0
2022-12-15T00:00:00.000Z,6,11978,7.0
2022-12-16T00:00:00.000Z,4,11982,7.0
2022-12-17T00:00:00.000Z,4,11986,6.0
2022-12-18T00:00:00.000Z,8,11994,6.0
2022-12-19T00:00:00.000Z,5,11999,5.0
2022-12-20T00:00:00.000Z,8,12007,5.0
2022-12-21T00:00:00.000Z,9,12016,6.0
2022-12-22T00:00:00.000Z,4,12020,6.0
2022-12-23T00:00:00.000Z,4,12024,6.0
2022-12-24T00:00:00.000Z,3,12027,6.0
2022-12-25T00:00:00.000Z,7,12034,5.0
2022-12-26T00:00:00.000Z,4,12038,5.0
2022-12-27T00:00:00.000Z,10,12048,5.0
2022-12-28T00:00:00.000Z,6,12054,5.0
2022-12-29T00:00:00.000Z,6,12060,5.0
2022-12-30T00:00:00.000Z,5,12065,5.0
2022-12-31T00:00:00.000Z,3,12068,5.0
2023-01-01T00:00:00.000Z,6,12074,5.0
2023-01-02T00:00:00.000Z,7,12081,5.0
2023-01-03T00:00:00.000Z,7,12088,6.0
2023-01-04T00:00:00.000Z,3,12091,5.0
2023-01-05T00:00:00.000Z,7,12098,5.0
2023-01-06T00:00:00.000Z,8,12106,5.0
2023-01-07T00:00:00.000Z,8,12114,5.0
2023-01-08T00:00:00.000Z,1,12115,6.0
2023-01-09T00:00:00.000Z,2,12117,5.0
2023-01-10T00:00:00.000Z,7,12124,5.0
2023-01-11T00:00:00.000Z,3,12127,5.0
2023-01-12T00:00:00.000Z,6,12133,5.0
2023-01-13T00:00:00.000Z,4,12137,5.0
2023-01-14T00:00:00.000Z,1,12138,4.0
2023-01-15T00:00:00.000Z,4,12142,3.0
2023-01-16T00:00:00.000Z,4,12146,3.0
2023-01-17T00:00:00.000Z,5,12151,4.0
2023-01-18T00:00:00.000Z,8,12159,3.0
2023-01-19T00:00:00.000Z,4,12163,4.0
2023-01-20T00:00:00.000Z,5,12168,4.0
2023-01-21T00:00:00.000Z,6,12174,4.0
2023-01-22T00:00:00.000Z,3,12177,5.0
2023-01-23T00:00:00.000Z,4,12181,5.0
2023-01-24T00:00:00.000Z,4,12185,5.0
2023-01-25T00:00:00.000Z,2,12187,4.0
2023-01-26T00:00:00.000Z,5,12192,4.0
2023-01-27T00:00:00.000Z,6,12198,4.0
2023-01-28T00:00:00.000Z,2,12200,4.0
2023-01-29T00:00:00.000Z,2,12202,3.0
2023-01-30T00:00:00.000Z,4,12206,3.0
2023-01-31T00:00:00.000Z,2,12208,3.0
2023-02-01T00:00:00.000Z,2,12210,3.0
2023-02-02T00:00:00.000Z,8,12218,3.0
2023-02-03T00:00:00.000Z,4,12222,3.0
2023-02-04T00:00:00.000Z,4,12226,3.0
2023-02-05T00:00:00.000Z,3,12229,3.0
2023-02-06T00:00:00.000Z,1,12230,3.0
2023-02-07T00:00:00.000Z,4,12234,3.0
2023-02-08T00:00:00.000Z,3,12237,3.0
2023-02-09T00:00:00.000Z,2,12239,3.0
2023-02-10T00:00:00.000Z,2,12241,3.0
2023-02-11T00:00:00.000Z,4,12245,2.0
2023-02-12T00:00:00.000Z,1,12246,2.0
2023-02-13T00:00:00.000Z,4,12250,2.0
2023-02-14T00:00:00.000Z,1,12251,2.0
2023-02-15T00:00:00.000Z,2,12253,2.0
2023-02-16T00:00:00.000Z,4,12257,2.0
2023-02-17T00:00:00.000Z,3,12260,2.0
2023-02-18T00:00:00.000Z,6,12266,2.0
2023-02-19T00:00:00.000Z,0,12266,3.0
2023-02-20T00:00:00.000Z,6,12272,2.0
2023-02-21T00:00:00.000Z,3,12275,3.0
2023-02-22T00:00:00.000Z,6,12281,3.0
2023-02-23T00:00:00.000Z,3,12284,4.0
2023-02-24T00:00:00.000Z,3,12287,3.0
2023-02-25T00:00:00.000Z,5,12292,3.0
2023-02-26T00:00:00.000Z,3,12295,3.0
2023-02-27T00:00:00.000Z,3,12298,4.0
2023-02-28T00:00:00.000Z,6,12304,3.0
2023-03-01T00:00:00.000Z,5,12309,4.0
2023-03-02T00:00:00.000Z,4,12313,4.0
2023-03-03T00:00:00.000Z,4,12317,4.0
2023-03-04T00:00:00.000Z,0,12317,4.0
2023-03-05T00:00:00.000Z,8,12325,3.0
2023-03-06T00:00:00.000Z,1,12326,4.0
2023-03-07T00:00:00.000Z,6,12332,4.0
2023-03-08T00:00:00.000Z,2,12334,4.0
2023-03-09T00:00:00.000Z,1,12335,3.0
2023-03-10T00:00:00.000Z,2,12337,3.0
2023-03-11T00:00:00.000Z,3,12340,2.0
2023-03-12T00:00:00.000Z,1,12341,3.0
2023-03-13T00:00:00.000Z,6,12347,2.0
2023-03-14T00:00:00.000Z,6,12353,3.0
2023-03-15T00:00:00.000Z,8,12361,3.0
2023-03-16T00:00:00.000Z,1,12362,3.0
2023-03-17T00:00:00.000Z,5,12367,3.0
2023-03-18T00:00:00.000Z,5,12372,4.0
2023-03-19T00:00:00.000Z,4,12376,4.0
2023-03-20T00:00:00.000Z,4,12380,5.0
2023-03-21T00:00:00.000Z,2,12382,4.0
2023-03-22T00:00:00.000Z,5,12387,4.0
2023-03-23T00:00:00.000Z,3,12390,3.0
2023-03-24T00:00:00.000Z,2,12392,4.0
2023-03-25T00:00:00.000Z,2,12394,3.0
2023-03-26T00:00:00.000Z,8,12402,3.0
2023-03-27T00:00:00.000Z,2,12404,3.0
2023-03-28T00:00:00.000Z,6,12410,3.0
2023-03-29T00:00:00.000Z,2,12412,4.0
2023-03-30T00:00:00.000Z,1,12413,3.0
2023-03-31T00:00:00.000Z,3,12416,3.0
2023-04-01T00:00:00.000Z,2,12418,3.0
2023-04-02T00:00:00.000Z,1,12419,3.0
2023-04-03T00:00:00.000Z,2,12421,2.0
2023-04-04T00:00:00.000Z,1,12422,2.0
2023-04-05T00:00:00.000Z,3,12425,1.0
2023-04-06T00:00:00.000Z,3,12428,1.0
2023-04-07T00:00:00.000Z,1,12429,2.0
2023-04-08T00:00:00.000Z,5,12434,1.0
2023-04-09T00:00:00.000Z,2,12436,2.0
2023-04-10T00:00:00.000Z,8,12444,2.0
2023-04-11T00:00:00.000Z,1,12445,3.0
2023-04-12T00:00:00.000Z,0,12445,3.0
2023-04-13T00:00:00.000Z,7,12452,2.0
2023-04-14T00:00:00.000Z,2,12454,3.0
2023-04-15T00:00:00.000Z,2,12456,3.0
2023-04-16T00:00:00.000Z,4,12460,3.0
2023-04-17T00:00:00.000Z,6,12466,3.0
2023-04-18T00:00:00.000Z,4,12470,3.0
2023-04-19T00:00:00.000Z,2,12472,3.0
2023-04-20T00:00:00.000Z,3,12475,3.0
2023-04-21T00:00:00.000Z,4,12479,3.0
2023-04-22T00:00:00.000Z,2,12481,3.0
2023-04-23T00:00:00.000Z,6,12487,3.0
2023-04-24T00:00:00.000Z,3,12490,3.0
2023-04-25T00:00:00.000Z,0,12490,3.0
2023-04-26T00:00:00.000Z,4,12494,2.0
2023-04-27T00:00:00.000Z,1,12495,3.0
2023-04-28T00:00:00.000Z,0,12495,2.0
2023-04-29T00:00:00.000Z,5,12500,2.0
2023-04-30T00:00:00.000Z,2,12502,2.0
2023-05-01T00:00:00.000Z,2,12504,2.0
2023-05-02T00:00:00.000Z,2,12506,2.0
2023-05-03T00:00:00.000Z,1,12507,2.0
2023-05-04T00:00:00.000Z,4,12511,1.0
2023-05-05T00:00:00.000Z,1,12512,2.0
2023-05-06T00:00:00.000Z,0,12512,2.0
2023-05-07T00:00:00.000Z,2,12514,1.0
2023-05-08T00:00:00.000Z,1,12515,1.0
2023-05-09T00:00:00.000Z,0,12515,1.0
2023-05-10T00:00:00.000Z,1,12516,1.0
2023-05-11T00:00:00.000Z,0,12516,1.0
2023-05-12T00:00:00.000Z,2,12518,0.0
2023-05-13T00:00:00.000Z,1,12519,0.0
2023-05-14T00:00:00.000Z,6,12525,1.0
2023-05-15T00:00:00.000Z,0,12525,1.0
2023-05-16T00:00:00.000Z,2,12527,1.0
2023-05-17T00:00:00.000Z,1,12528,1.0
2023-05-18T00:00:00.000Z,2,12530,1.0
2023-05-19T00:00:00.000Z,4,12534,2.0
2023-05-20T00:00:00.000Z,1,12535,2.0
2023-05-21T00:00:00.000Z,1,12536,2.0
2023-05-22T00:00:00.000Z,2,12538,1.0
2023-05-23T00:00:00.000Z,1,12539,1.0
2023-05-24T00:00:00.000Z,1,12540,1.0
2023-05-25T00:00:00.000Z,1,12541,1.0
2023-05-26T00:00:00.000Z,0,12541,1.0
2023-05-27T00:00:00.000Z,1,12542,1.0
2023-05-28T00:00:00.000Z,2,12544,1.0
2023-05-29T00:00:00.000Z,0,12544,1.0
2023-05-30T00:00:00.000Z,1,12545,0.0
2023-05-31T00:00:00.000Z,1,12546,0.0
2023-06-01T00:00:00.000Z,2,12548,0.0
2023-06-02T00:00:00.000Z,2,12550,1.0
2023-06-03T00:00:00.000Z,1,12551,1.0
2023-06-04T00:00:00.000Z,3,12554,1.0
2023-06-05T00:00:00.000Z,0,12554,1.0
2023-06-06T00:00:00.000Z,0,12554,1.0
2023-06-07T00:00:00.000Z,0,12554,1.0
2023-06-08T00:00:00.000Z,2,12556,1.0
2023-06-09T00:00:00.000Z,1,12557,1.0
2023-06-10T00:00:00.000Z,2,12559,1.0
2023-06-11T00:00:00.000Z,2,12561,1.0
2023-06-12T00:00:00.000Z,1,12562,1.0
2023-06-13T00:00:00.000Z,0,12562,1.0
2023-06-14T00:00:00.000Z,1,12563,1.0
2023-06-15T00:00:00.000Z,1,12564,1.0
2023-06-16T00:00:00.000Z,1,12565,1.0
2023-06-17T00:00:00.000Z,0,12565,1.0
2023-06-18T00:00:00.000Z,0,12565,0.0
2023-06-19T00:00:00.000Z,0,12565,0.0
2023-06-20T00:00:00.000Z,1,12566,0.0
2023-06-21T00:00:00.000Z,0,12566,0.0
2023-06-22T00:00:00.000Z,1,12567,0.0
2023-06-23T00:00:00.000Z,1,12568,0.0
2023-06-24T00:00:00.000Z,0,12568,0.0
2023-06-25T00:00:00.000Z,1,12569,0.0
2023-06-26T00:00:00.000Z,2,12571,0.0
2023-06-27T00:00:00.000Z,1,12572,0.0
2023-06-28T00:00:00.000Z,0,12572,0.0
2023-06-29T00:00:00.000Z,1,12573,0.0
2023-06-30T00:00:00.000Z,0,12573,0.0
2023-07-01T00:00:00.000Z,1,12574,0.0
2023-07-02T00:00:00.000Z,1,12575,0.0
2023-07-03T00:00:00.000Z,1,12576,0.0
2023-07-04T00:00:00.000Z,0,12576,0.0
2023-07-05T00:00:00.000Z,3,12579,0.0
2023-07-06T00:00:00.000Z,0,12579,1.0
2023-07-07T00:00:00.000Z,0,12579,0.0
2023-07-08T00:00:00.000Z,1,12580,0.0
2023-07-09T00:00:00.000Z,1,12581,0.0
2023-07-10T00:00:00.000Z,1,12582,0.0
2023-07-11T00:00:00.000Z,0,12582,0.0
2023-07-12T00:00:00.000Z,1,12583,0.0
2023-07-13T00:00:00.000Z,0,12583,0.0
2023-07-14T00:00:00.000Z,0,12583,0.0
2023-07-15T00:00:00.000Z,1,12584,0.0
2023-07-16T00:00:00.000Z,1,12585,0.0
2023-07-17T00:00:00.000Z,3,12588,0.0
2023-07-18T00:00:00.000Z,1,12589,0.0
2023-07-19T00:00:00.000Z,0,12589,1.0
2023-07-20T00:00:00.000Z,0,12589,0.0
2023-07-21T00:00:00.000Z,1,12590,0.0
2023-07-22T00:00:00.000Z,0,12590,1.0
2023-07-23T00:00:00.000Z,2,12592,0.0
2023-07-24T00:00:00.000Z,2,12594,1.0
2023-07-25T00:00:00.000Z,1,12595,0.0
2023-07-26T00:00:00.000Z,0,12595,0.0
2023-07-27T00:00:00.000Z,0,12595,0.0
2023-07-28T00:00:00.000Z,0,12595,0.0
2023-07-29T00:00:00.000Z,3,12598,0.0
2023-07-30T00:00:00.000Z,2,12600,1.0
2023-07-31T00:00:00.000Z,2,12602,1.0
2023-08-01T00:00:00.000Z,2,12604,1.0
2023-08-02T00:00:00.000Z,0,12604,1.0
2023-08-03T00:00:00.000Z,0,12604,1.0
2023-08-04T00:00:00.000Z,2,12606,1.0
2023-08-05T00:00:00.000Z,2,12608,1.0
2023-08-06T00:00:00.000Z,1,12609,1.0
2023-08-07T00:00:00.000Z,4,12613,1.0
2023-08-08T00:00:00.000Z,2,12615,1.0
2023-08-09T00:00:00.000Z,3,12618,1.0
2023-08-10T00:00:00.000Z,3,12621,2.0
2023-08-11T00:00:00.000Z,2,12623,2.0
2023-08-12T00:00:00.000Z,2,12625,2.0
2023-08-13T00:00:00.000Z,1,12626,2.0
2023-08-14T00:00:00.000Z,0,12626,2.0
2023-08-15T00:00:00.000Z,0,12626,1.0
2023-08-16T00:00:00.000Z,1,12627,1.0
2023-08-17T00:00:00.000Z,4,12631,1.0
2023-08-18T00:00:00.000Z,2,12633,1.0
2023-08-19T00:00:00.000Z,1,12634,1.0
2023-08-20T00:00:00.000Z,0,12634,1.0
2023-08-21T00:00:00.000Z,1,12635,1.0
2023-08-22T00:00:00.000Z,1,12636,1.0
2023-08-23T00:00:00.000Z,1,12637,1.0
2023-08-24T00:00:00.000Z,3,12640,1.0
2023-08-25T00:00:00.000Z,3,12643,1.0
2023-08-26T00:00:00.000Z,2,12645,1.0
2023-08-27T00:00:00.000Z,2,12647,1.0
2023-08-28T00:00:00.000Z,0,12647,1.0
2023-08-29T00:00:00.000Z,4,12651,1.0
2023-08-30T00:00:00.000Z,2,12653,2.0
2023-08-31T00:00:00.000Z,1,12654,2.0
2023-09-01T00:00:00.000Z,2,12656,2.0
2023-09-02T00:00:00.000Z,1,12657,1.0
2023-09-03T00:00:00.000Z,3,12660,1.0
2023-09-04T00:00:00.000Z,3,12663,1.0
2023-09-05T00:00:00.000Z,3,12666,2.0
2023-09-06T00:00:00.000Z,3,12669,2.0
2023-09-07T00:00:00.000Z,6,12675,2.0
2023-09-08T00:00:00.000Z,1,12676,3.0
2023-09-09T00:00:00.000Z,4,12680,2.0
2023-09-10T00:00:00.000Z,3,12683,3.0
2023-09-11T00:00:00.000Z,4,12687,3.0
2023-09-12T00:00:00.000Z,0,12687,3.0
2023-09-13T00:00:00.000Z,2,12689,3.0
2023-09-14T00:00:00.000Z,1,12690,2.0
2023-09-15T00:00:00.000Z,2,12692,2.0
2023-09-16T00:00:00.000Z,3,12695,2.0
2023-09-17T00:00:00.000Z,3,12698,2.0
2023-09-18T00:00:00.000Z,3,12701,2.0
2023-09-19T00:00:00.000Z,1,12702,2.0
2023-09-20T00:00:00.000Z,3,12705,2.0
2023-09-21T00:00:00.000Z,3,12708,2.0
2023-09-22T00:00:00.000Z,3,12711,2.0
2023-09-23T00:00:00.000Z,0,12711,2.0
2023-09-24T00:00:00.000Z,4,12715,2.0
2023-09-25T00:00:00.000Z,3,12718,2.0
2023-09-26T00:00:00.000Z,6,12724,2.0
2023-09-27T00:00:00.000Z,1,12725,3.0
2023-09-28T00:00:00.000Z,4,12729,2.0
2023-09-29T00:00:00.000Z,5,12734,3.0
2023-09-30T00:00:00.000Z,3,12737,3.0
2023-10-01T00:00:00.000Z,5,12742,3.0
2023-10-02T00:00:00.000Z,7,12749,3.0
2023-10-03T00:00:00.000Z,3,12752,4.0
2023-10-04T00:00:00.000Z,3,12755,4.0
2023-10-05T00:00:00.000Z,5,12760,4.0
2023-10-06T00:00:00.000Z,0,12760,4.0
2023-10-07T00:00:00.000Z,4,12764,3.0
2023-10-08T00:00:00.000Z,4,12768,3.0
2023-10-09T00:00:00.000Z,5,12773,3.0
2023-10-10T00:00:00.000Z,0,12773,3.0
2023-10-11T00:00:00.000Z,2,12775,3.0
2023-10-12T00:00:00.000Z,2,12777,2.0
2023-10-13T00:00:00.000Z,1,12778,2.0
2023-10-14T00:00:00.000Z,1,12779,2.0
2023-10-15T00:00:00.000Z,3,12782,2.0
2023-10-16T00:00:00.000Z,1,12783,2.0
2023-10-17T00:00:00.000Z,0,12783,1.0
2023-10-18T00:00:00.000Z,3,12786,1.0
2023-10-19T00:00:00.000Z,1,12787,1.0
2023-10-20T00:00:00.000Z,0,12787,1.0
2023-10-21T00:00:00.000Z,3,12790,1.0
2023-10-22T00:00:00.000Z,1,12791,1.0
2023-10-23T00:00:00.000Z,1,12792,1.0
2023-10-24T00:00:00.000Z,2,12794,1.0
2023-10-25T00:00:00.000Z,1,12795,1.0
2023-10-26T00:00:00.000Z,2,12797,1.0
2023-10-27T00:00:00.000Z,1,12798,1.0
2023-10-28T00:00:00.000Z,2,12800,1.0
2023-10-29T00:00:00.000Z,2,12802,1.0
2023-10-30T00:00:00.000Z,0,12802,1.0
2023-10-31T00:00:00.000Z,0,12802,1.0
2023-11-01T00:00:00.000Z,2,12804,1.0
2023-11-02T00:00:00.000Z,0,12804,1.0
2023-11-03T00:00:00.000Z,1,12805,1.0
2023-11-04T00:00:00.000Z,0,12805,1.0
2023-11-05T00:00:00.000Z,3,12808,0.0
2023-11-06T00:00:00.000Z,3,12811,0.0
2023-11-07T00:00:00.000Z,0,12811,1.0
2023-11-08T00:00:00.000Z,2,12813,1.0
2023-11-09T00:00:00.000Z,2,12815,1.0
2023-11-10T00:00:00.000Z,1,12816,1.0
2023-11-11T00:00:00.000Z,0,12816,1.0
2023-11-12T00:00:00.000Z,1,12817,1.0
2023-11-13T00:00:00.000Z,0,12817,1.0
2023-11-14T00:00:00.000Z,0,12817,0.0
2023-11-15T00:00:00.000Z,2,12819,0.0
2023-11-16T00:00:00.000Z,1,12820,0.0
2023-11-17T00:00:00.000Z,0,12820,0.0
2023-11-18T00:00:00.000Z,0,12820,0.0
2023-11-19T00:00:00.000Z,0,12820,0.0
2023-11-20T00:00:00.000Z,0,12820,0.0
2023-11-21T00:00:00.000Z,0,12820,0.0
2023-11-22T00:00:00.000Z,0,12820,0.0
2023-11-23T00:00:00.000Z,0,12820,0.0
2023-11-24T00:00:00.000Z,1,12821,0.0
2023-11-25T00:00:00.000Z,0,12821,0.0
2023-11-26T00:00:00.000Z,0,12821,0.0
2023-11-27T00:00:00.000Z,1,12822,0.0
2023-11-28T00:00:00.000Z,0,12822,0.0
2023-11-29T00:00:00.000Z,1,12823,0.0
2023-11-30T00:00:00.000Z,2,12825,0.0
2023-12-01T00:00:00.000Z,0,12825,0.0
2023-12-02T00:00:00.000Z,0,12825,0.0
2023-12-03T00:00:00.000Z,0,12825,0.0
2023-12-04T00:00:00.000Z,0,12825,0.0
2023-12-05T00:00:00.000Z,0,12825,0.0
2023-12-06T00:00:00.000Z,0,12825,0.0
2023-12-07T00:00:00.000Z,2,12827,0.0
2023-12-08T00:00:00.000Z,1,12828,0.0
2023-12-09T00:00:00.000Z,0,12828,0.0
2023-12-10T00:00:00.000Z,0,12828,0.0
2023-12-11T00:00:00.000Z,1,12829,0.0
2023-12-12T00:00:00.000Z,0,12829,0.0
2023-12-13T00:00:00.000Z,1,12830,0.0
2023-12-14T00:00:00.000Z,0,12830,0.0
2023-12-15T00:00:00.000Z,0,12830,0.0
2023-12-16T00:00:00.000Z,0,12830,0.0
2023-12-17T00:00:00.000Z,2,12832,0.0
2023-12-18T00:00:00.000Z,1,12833,0.0
2023-12-19T00:00:00.000Z,1,12834,0.0
2023-12-20T00:00:00.000Z,0,12834,0.0
2023-12-21T00:00:00.000Z,1,12835,0.0
2023-12-22T00:00:00.000Z,1,12836,0.0
2023-12-23T00:00:00.000Z,0,12836,0.0
2023-12-24T00:00:00.000Z,2,12838,0.0
2023-12-25T00:00:00.000Z,2,12840,0.0
2023-12-26T00:00:00.000Z,0,12840,1.0
2023-12-27T00:00:00.000Z,2,12842,0.0
2023-12-28T00:00:00.000Z,1,12843,1.0
2023-12-29T00:00:00.000Z,0,12843,1.0
2023-12-30T00:00:00.000Z,2,12845,1.0
2023-12-31T00:00:00.000Z,2,12847,1.0
2024-01-01T00:00:00.000Z,1,12848,1.0
2024-01-02T00:00:00.000Z,2,12850,1.0
2024-01-03T00:00:00.000Z,3,12853,1.0
2024-01-04T00:00:00.000Z,2,12855,1.0
2024-01-05T00:00:00.000Z,4,12859,1.0
2024-01-06T00:00:00.000Z,3,12862,2.0
2024-01-07T00:00:00.000Z,4,12866,2.0
2024-01-08T00:00:00.000Z,3,12869,2.0
2024-01-09T00:00:00.000Z,4,12873,3.0
2024-01-10T00:00:00.000Z,6,12879,3.0
2024-01-11T00:00:00.000Z,3,12882,3.0
2024-01-12T00:00:00.000Z,2,12884,3.0
2024-01-13T00:00:00.000Z,3,12887,3.0
2024-01-14T00:00:00.000Z,3,12890,3.0
2024-01-15T00:00:00.000Z,1,12891,3.0
2024-01-16T00:00:00.000Z,3,12894,3.0
2024-01-17T00:00:00.000Z,5,12899,3.0
2024-01-18T00:00:00.000Z,2,12901,2.0
2024-01-19T00:00:00.000Z,3,12904,2.0
2024-01-20T00:00:00.000Z,0,12904,2.0
2024-01-21T00:00:00.000Z,1,12905,2.0
2024-01-22T00:00:00.000Z,4,12909,2.0
2024-01-23T00:00:00.000Z,2,12911,2.0
2024-01-24T00:00:00.000Z,4,12915,2.0
2024-01-25T00:00:00.000Z,1,12916,2.0
2024-01-26T00:00:00.000Z,3,12919,2.0
2024-01-27T00:00:00.000Z,7,12926,2.0
2024-01-28T00:00:00.000Z,2,12928,3.0
2024-01-29T00:00:00.000Z,3,12931,3.0
2024-01-30T00:00:00.000Z,1,12932,3.0
2024-01-31T00:00:00.000Z,0,12932,3.0
2024-02-01T00:00:00.000Z,5,12937,2.0
2024-02-02T00:00:00.000Z,2,12939,3.0
2024-02-03T00:00:00.000Z,3,12942,2.0
2024-02-04T00:00:00.000Z,1,12943,2.0
2024-02-05T00:00:00.000Z,6,12949,2.0
2024-02-06T00:00:00.000Z,3,12952,2.0
2024-02-07T00:00:00.000Z,2,12954,2.0
2024-02-08T00:00:00.000Z,1,12955,3.0
2024-02-09T00:00:00.000Z,3,12958,2.0
2024-02-10T00:00:00.000Z,1,12959,2.0
2024-02-11T00:00:00.000Z,1,12960,2.0
2024-02-12T00:00:00.000Z,1,12961,2.0
2024-02-13T00:00:00.000Z,5,12966,1.0
2024-02-14T00:00:00.000Z,5,12971,2.0
2024-02-15T00:00:00.000Z,5,12976,2.0
2024-02-16T00:00:00.000Z,4,12980,3.0
2024-02-17T00:00:00.000Z,3,12983,3.0
2024-02-18T00:00:00.000Z,2,12985,3.0
2024-02-19T00:00:00.000Z,0,12985,3.0
2024-02-20T00:00:00.000Z,1,12986,3.0
2024-02-21T00:00:00.000Z,1,12987,2.0
2024-02-22T00:00:00.000Z,0,12987,2.0
2024-02-23T00:00:00.000Z,2,12989,1.0
2024-02-24T00:00:00.000Z,3,12992,1.0
2024-02-25T00:00:00.000Z,3,12995,1.0
2024-02-26T00:00:00.000Z,2,12997,1.0
2024-02-27T00:00:00.000Z,1,12998,1.0
2024-02-28T00:00:00.000Z,0,12998,1.0
2024-02-29T00:00:00.000Z,4,13002,1.0
2024-03-01T00:00:00.000Z,2,13004,2.0
2024-03-02T00:00:00.000Z,1,13005,2.0
2024-03-03T00:00:00.000Z,3,13008,1.0
2024-03-04T00:00:00.000Z,1,13009,1.0
2024-03-05T00:00:00.000Z,0,13009,1.0
2024-03-06T00:00:00.000Z,3,13012,1.0
2024-03-07T00:00:00.000Z,2,13014,2.0
2024-03-08T00:00:00.000Z,1,13015,1.0
2024-03-09T00:00:00.000Z,0,13015,1.0
2024-03-10T00:00:00.000Z,0,13015,1.0
2024-03-11T00:00:00.000Z,1,13016,1.0
2024-03-12T00:00:00.000Z,0,13016,1.0
2024-03-13T00:00:00.000Z,0,13016,1.0
2024-03-14T00:00:00.000Z,0,13016,0.0
2024-03-15T00:00:00.000Z,1,13017,0.0
2024-03-16T00:00:00.000Z,0,13017,0.0
2024-03-17T00:00:00.000Z,0,13017,0.0
2024-03-18T00:00:00.000Z,0,13017,0.0
2024-03-19T00:00:00.000Z,1,13018,0.0
2024-03-20T00:00:00.000Z,1,13019,0.0
2024-03-21T00:00:00.000Z,0,13019,0.0
2024-03-22T00:00:00.000Z,2,13021,0.0
2024-03-23T00:00:00.000Z,2,13023,0.0
2024-03-24T00:00:00.000Z,2,13025,0.0
2024-03-25T00:00:00.000Z,0,13025,1.0
2024-03-26T00:00:00.000Z,0,13025,1.0
2024-03-27T00:00:00.000Z,2,13027,1.0
2024-03-28T00:00:00.000Z,0,13027,1.0
2024-03-29T00:00:00.000Z,0,13027,1.0
2024-03-30T00:00:00.000Z,0,13027,0.0
2024-03-31T00:00:00.000Z,1,13028,0.0
2024-04-01T00:00:00.000Z,1,13029,0.0
2024-04-02T00:00:00.000Z,1,13030,0.0
2024-04-03T00:00:00.000Z,1,13031,0.0
2024-04-04T00:00:00.000Z,0,13031,0.0
2024-04-05T00:00:00.000Z,2,13033,0.0
2024-04-06T00:00:00.000Z,0,13033,0.0
2024-04-07T00:00:00.000Z,0,13033,0.0
2024-04-08T00:00:00.000Z,1,13034,0.0
2024-04-09T00:00:00.000Z,0,13034,0.0
2024-04-10T00:00:00.000Z,1,13035,0.0
2024-04-11T00:00:00.000Z,1,13036,0.0
2024-04-12T00:00:00.000Z,0,13036,0.0
2024-04-13T00:00:00.000Z,0,13036,0.0
2024-04-14T00:00:00.000Z,0,13036,0.0
2024-04-15T00:00:00.000Z,1,13037,0.0
2024-04-16T00:00:00.000Z,2,13039,0.0
2024-04-17T00:00:00.000Z,1,13040,0.0
2024-04-18T00:00:00.000Z,0,13040,0.0
2024-04-19T00:00:00.000Z,0,13040,0.0
2024-04-20T00:00:00.000Z,0,13040,0.0
2024-04-21T00:00:00.000Z,0,13040,0.0
2024-04-22T00:00:00.000Z,0,13040,0.0
2024-04-23T00:00:00.000Z,0,13040,0.0
2024-04-24T00:00:00.000Z,1,13041,0.0
2024-04-25T00:00:00.000Z,1,13042,0.0
2024-04-26T00:00:00.000Z,0,13042,0.0
2024-04-27T00:00:00.000Z,0,13042,0.0
2024-04-28T00:00:00.000Z,0,13042,0.0
2024-04-29T00:00:00.000Z,1,13043,0.0
2024-04-30T00:00:00.000Z,2,13045,0.0
2024-05-01T00:00:00.000Z,0,13045,0.0
2024-05-02T00:00:00.000Z,1,13046,0.0
2024-05-03T00:00:00.000Z,0,13046,0.0
2024-05-04T00:00:00.000Z,0,13046,0.0
2024-05-05T00:00:00.000Z,0,13046,0.0
2024-05-06T00:00:00.000Z,1,13047,0.0
2024-05-07T00:00:00.000Z,0,13047,0.0
2024-05-08T00:00:00.000Z,0,13047,0.0
2024-05-09T00:00:00.000Z,0,13047,0.0
2024-05-10T00:00:00.000Z,0,13047,0.0
2024-05-11T00:00:00.000Z,1,13048,0.0
2024-05-12T00:00:00.000Z,0,13048,0.0
2024-05-13T00:00:00.000Z,0,13048,0.0
2024-05-14T00:00:00.000Z,0,13048,0.0
2024-05-15T00:00:00.000Z,0,13048,0.0
2024-05-16T00:00:00.000Z,0,13048,0.0
2024-05-17T00:00:00.000Z,0,13048,0.0
2024-05-18T00:00:00.000Z,1,13049,0.0
2024-05-19T00:00:00.000Z,0,13049,0.0
2024-05-20T00:00:00.000Z,0,13049,0.0
2024-05-21T00:00:00.000Z,0,13049,0.0
2024-05-22T00:00:00.000Z,0,13049,0.0
2024-05-23T00:00:00.000Z,0,13049,0.0
2024-05-24T00:00:00.000Z,0,13049,0.0
2024-05-25T00:00:00.000Z,0,13049,0.0
2024-05-26T00:00:00.000Z,1,13050,0.0
2024-05-27T00:00:00.000Z,0,13050,0.0
2024-05-28T00:00:00.000Z,0,13050,0.0
2024-05-29T00:00:00.000Z,0,13050,0.0
2024-05-30T00:00:00.000Z,0,13050,0.0
2024-05-31T00:00:00.000Z,1,13051,0.0
2024-06-01T00:00:00.000Z,0,13051,0.0
2024-06-02T00:00:00.000Z,1,13052,0.0
2024-06-03T00:00:00.000Z,0,13052,0.0
2024-06-04T00:00:00.000Z,0,13052,0.0
2024-06-05T00:00:00.000Z,0,13052,0.0
2024-06-06T00:00:00.000Z,1,13053,0.0
2024-06-07T00:00:00.000Z,0,13053,0.0
2024-06-08T00:00:00.000Z,0,13053,0.0
2024-06-09T00:00:00.000Z,1,13054,0.0
2024-06-10T00:00:00.000Z,0,13054,0.0
2024-06-11T00:00:00.000Z,1,13055,0.0
2024-06-12T00:00:00.000Z,2,13057,0.0
2024-06-13T00:00:00.000Z,1,13058,0.0
2024-06-14T00:00:00.000Z,1,13059,0.0
2024-06-15T00:00:00.000Z,0,13059,0.0
2024-06-16T00:00:00.000Z,1,13060,0.0
2024-06-17T00:00:00.000Z,3,13063,0.0
2024-06-18T00:00:00.000Z,0,13063,1.0
2024-06-19T00:00:00.000Z,1,13064,1.0
2024-06-20T00:00:00.000Z,1,13065,1.0
2024-06-21T00:00:00.000Z,1,13066,1.0
2024-06-22T00:00:00.000Z,0,13066,1.0
2024-06-23T00:00:00.000Z,2,13068,1.0
2024-06-24T00:00:00.000Z,3,13071,1.0
2024-06-25T00:00:00.000Z,1,13072,1.0
2024-06-26T00:00:00.000Z,2,13074,1.0
2024-06-27T00:00:00.000Z,2,13076,1.0
2024-06-28T00:00:00.000Z,1,13077,1.0
2024-06-29T00:00:00.000Z,0,13077,1.0
2024-06-30T00:00:00.000Z,0,13077,1.0
2024-07-01T00:00:00.000Z,1,13078,1.0
2024-07-02T00:00:00.000Z,3,13081,1.0
2024-07-03T00:00:00.000Z,2,13083,1.0
2024-07-04T00:00:00.000Z,1,13084,1.0
2024-07-05T00:00:00.000Z,0,13084,1.0
2024-07-06T00:00:00.000Z,0,13084,1.0
2024-07-07T00:00:00.000Z,4,13088,1.0
2024-07-08T00:00:00.000Z,3,13091,1.0
2024-07-09T00:00:00.000Z,0,13091,1.0
2024-07-10T00:00:00.000Z,2,13093,1.0
2024-07-11T00:00:00.000Z,0,13093,1.0
2024-07-12T00:00:00.000Z,2,13095,1.0
2024-07-13T00:00:00.000Z,2,13097,1.0
2024-07-14T00:00:00.000Z,3,13100,1.0
2024-07-15T00:00:00.000Z,1,13101,1.0
2024-07-16T00:00:00.000Z,4,13105,1.0
2024-07-17T00:00:00.000Z,3,13108,2.0
2024-07-18T00:00:00.000Z,2,13110,2.0
2024-07-19T00:00:00.000Z,0,13110,2.0
2024-07-20T00:00:00.000Z,1,13111,2.0
2024-07-21T00:00:00.000Z,0,13111,2.0
2024-07-22T00:00:00.000Z,1,13112,1.0
2024-07-23T00:00:00.000Z,1,13113,1.0
2024-07-24T00:00:00.000Z,3,13116,1.0
2024-07-25T00:00:00.000Z,3,13119,1.0
2024-07-26T00:00:00.000Z,0,13119,1.0
2024-07-27T00:00:00.000Z,3,13122,1.0
2024-07-28T00:00:00.000Z,0,13122,1.0
2024-07-29T00:00:00.000Z,4,13126,1.0
2024-07-30T00:00:00.000Z,4,13130,2.0
2024-07-31T00:00:00.000Z,2,13132,2.0
2024-08-01T00:00:00.000Z,3,13135,2.0
2024-08-02T00:00:00.000Z,1,13136,2.0
2024-08-03T00:00:00.000Z,1,13137,2.0
2024-08-04T00:00:00.000Z,1,13138,2.0
2024-08-05T00:00:00.000Z,0,13138,2.0
2024-08-06T00:00:00.000Z,2,13140,1.0
2024-08-07T00:00:00.000Z,1,13141,1.0
2024-08-08T00:00:00.000Z,4,13145,1.0
2024-08-09T00:00:00.000Z,0,13145,1.0
2024-08-10T00:00:00.000Z,1,13146,1.0
2024-08-11T00:00:00.000Z,0,13146,1.0
2024-08-12T00:00:00.000Z,0,13146,1.0
2024-08-13T00:00:00.000Z,0,13146,1.0
2024-08-14T00:00:00.000Z,3,13149,0.0
2024-08-15T00:00:00.000Z,2,13151,1.0
2024-08-16T00:00:00.000Z,2,13153,0.0
2024-08-17T00:00:00.000Z,2,13155,1.0
2024-08-18T00:00:00.000Z,0,13155,1.0
2024-08-19T00:00:00.000Z,0,13155,1.0
2024-08-20T00:00:00.000Z,0,13155,1.0
2024-08-21T00:00:00.000Z,0,13155,1.0
2024-08-22T00:00:00.000Z,0,13155,0.0
2024-08-23T00:00:00.000Z,0,13155,0.0
2024-08-24T00:00:00.000Z,0,13155,0.0
2024-08-25T00:00:00.000Z,1,13156,0.0
2024-08-26T00:00:00.000Z,0,13156,0.0
2024-08-27T00:00:00.000Z,0,13156,0.0
2024-08-28T00:00:00.000Z,0,13156,0.0
2024-08-29T00:00:00.000Z,0,13156,0.0
2024-08-30T00:00:00.000Z,1,13157,0.0
2024-08-31T00:00:00.000Z,0,13157,0.0
2024-09-01T00:00:00.000Z,0,13157,0.0
2024-09-02T00:00:00.000Z,3,13160,0.0
2024-09-03T00:00:00.000Z,0,13160,0.0
2024-09-04T00:00:00.000Z,0,13160,0.0
2024-09-05T00:00:00.000Z,1,13161,0.0
2024-09-06T00:00:00.000Z,0,13161,0.0
2024-09-07T00:00:00.000Z,0,13161,0.0
2024-09-08T00:00:00.000Z,1,13162,0.0
2024-09-09T00:00:00.000Z,1,13163,0.0
2024-09-10T00:00:00.000Z,0,13163,0.0
2024-09-11T00:00:00.000Z,1,13164,0.0
2024-09-12T00:00:00.000Z,1,13165,0.0
2024-09-13T00:00:00.000Z,1,13166,0.0
2024-09-14T00:00:00.000Z,0,13166,0.0
2024-09-15T00:00:00.000Z,0,13166,0.0
2024-09-16T00:00:00.000Z,1,13167,0.0
2024-09-17T00:00:00.000Z,0,13167,0.0
2024-09-18T00:00:00.000Z,0,13167,0.0
2024-09-19T00:00:00.000Z,0,13167,0.0
2024-09-20T00:00:00.000Z,0,13167,0.0
2024-09-21T00:00:00.000Z,0,13167,0.0
2024-09-22T00:00:00.000Z,1,13168,0.0
2024-09-23T00:00:00.000Z,0,13168,0.0
2024-09-24T00:00:00.000Z,0,13168,0.0
2024-09-25T00:00:00.000Z,0,13168,0.0
2024-09-26T00:00:00.000Z,0,13168,0.0
2024-09-27T00:00:00.000Z,1,13169,0.0
2024-09-28T00:00:00.000Z,0,13169,0.0
2024-09-29T00:00:00.000Z,0,13169,0.0
2024-09-30T00:00:00.000Z,0,13169,0.0
2024-10-01T00:00:00.000Z,0,13169,0.0
2024-10-02T00:00:00.000Z,0,13169,0.0
2024-10-03T00:00:00.000Z,0,13169,0.0
2024-10-04T00:00:00.000Z,0,13169,0.0
2024-10-05T00:00:00.000Z,0,13169,0.0
2024-10-06T00:00:00.000Z,0,13169,0.0
2024-10-07T00:00:00.000Z,0,13169,0.0
2024-10-08T00:00:00.000Z,0,13169,0.0
2024-10-09T00:00:00.000Z,0,13169,0.0
2024-10-10T00:00:00.000Z,0,13169,0.0
2024-10-11T00:00:00.000Z,0,13169,0.0
2024-10-12T00:00:00.000Z,0,13169,0.0
2024-10-13T00:00:00.000Z,0,13169,0.0
2024-10-14T00:00:00.000Z,0,13169,0.0
2024-10-15T00:00:00.000Z,0,13169,0.0
2024-10-16T00:00:00.000Z,0,13169,0.0
2024-10-17T00:00:00.000Z,0,13169,0.0
2024-10-18T00:00:00.000Z,0,13169,0.0
2024-10-19T00:00:00.000Z,0,13169,0.0
2024-10-20T00:00:00.000Z,0,13169,0.0
2024-10-21T00:00:00.000Z,0,13169,0.0
2024-10-22T00:00:00.000Z,0,13169,0.0
2024-10-23T00:00:00.000Z,0,13169,0.0
2024-10-24T00:00:00.000Z,0,13169,0.0
2024-10-25T00:00:00.000Z,0,13169,0.0
2024-10-26T00:00:00.000Z,0,13169,0.0
2024-10-27T00:00:00.000Z,0,13169,0.0
2024-10-28T00:00:00.000Z,1,13170,0.0
2024-10-29T00:00:00.000Z,0,13170,0.0
2024-10-30T00:00:00.000Z,0,13170,0.0
2024-10-31T00:00:00.000Z,0,13170,0.0
2024-11-01T00:00:00.000Z,0,13170,0.0
2024-11-02T00:00:00.000Z,0,13170,0.0
2024-11-03T00:00:00.000Z,0,13170,0.0
2024-11-04T00:00:00.000Z,0,13170,0.0
2024-11-05T00:00:00.000Z,0,13170,0.0
2024-11-06T00:00:00.000Z,0,13170,0.0
2024-11-07T00:00:00.000Z,0,13170,0.0
2024-11-08T00:00:00.000Z,0,13170,0.0
2024-11-09T00:00:00.000Z,0,13170,0.0
2024-11-10T00:00:00.000Z,0,13170,0.0
2024-11-11T00:00:00.000Z,0,13170,0.0
2024-11-12T00:00:00.000Z,0,13170,0.0
2024-11-13T00:00:00.000Z,0,13170,0.0
2024-11-14T00:00:00.000Z,0,13170,0.0
2024-11-15T00:00:00.000Z,0,13170,0.0
2024-11-16T00:00:00.000Z,0,13170,0.0
2024-11-17T00:00:00.000Z,0,13170,0.0
2024-11-18T00:00:00.000Z,0,13170,0.0
2024-11-19T00:00:00.000Z,0,13170,0.0
2024-11-20T00:00:00.000Z,0,13170,0.0
2024-11-21T00:00:00.000Z,0,13170,0.0
2024-11-22T00:00:00.000Z,0,13170,0.0
2024-11-23T00:00:00.000Z,0,13170,0.0
2024-11-24T00:00:00.000Z,0,13170,0.0
2024-11-25T00:00:00.000Z,0,13170,0.0
2024-11-26T00:00:00.000Z,0,13170,0.0
2024-11-27T00:00:00.000Z,0,13170,0.0
2024-11-28T00:00:00.000Z,0,13170,0.0
2024-11-29T00:00:00.000Z,0,13170,0.0
2024-11-30T00:00:00.000Z,0,13170,0.0
2024-12-01T00:00:00.000Z,0,13170,0.0
2024-12-02T00:00:00.000Z,0,13170,0.0
2024-12-03T00:00:00.000Z,0,13170,0.0
2024-12-04T00:00:00.000Z,0,13170,0.0
2024-12-05T00:00:00.000Z,0,13170,0.0
2024-12-06T00:00:00.000Z,0,13170,0.0
2024-12-07T00:00:00.000Z,0,13170,0.0
2024-12-08T00:00:00.000Z,0,13170,0.0
2024-12-09T00:00:00.000Z,0,13170,0.0
2024-12-10T00:00:00.000Z,0,13170,0.0
2024-12-11T00:00:00.000Z,0,13170,0.0
2024-12-12T00:00:00.000Z,0,13170,0.0
2024-12-13T00:00:00.000Z,0,13170,0.0
2024-12-14T00:00:00.000Z,0,13170,0.0
2024-12-15T00:00:00.000Z,0,13170,0.0
2024-12-16T00:00:00.000Z,0,13170,0.0
2024-12-17T00:00:00.000Z,0,13170,0.0
2024-12-18T00:00:00.000Z,0,13170,0.0
2024-12-19T00:00:00.000Z,0,13170,0.0
2024-12-20T00:00:00.000Z,0,13170,0.0
2024-12-21T00:00:00.000Z,0,13170,0.0
2024-12-22T00:00:00.000Z,0,13170,0.0
2024-12-23T00:00:00.000Z,0,13170,0.0
2024-12-24T00:00:00.000Z,0,13170,0.0
2024-12-25T00:00:00.000Z,0,13170,0.0
2024-12-26T00:00:00.000Z,0,13170,0.0
2024-12-27T00:00:00.000Z,0,13170,0.0
2024-12-28T00:00:00.000Z,0,13170,0.0
2024-12-29T00:00:00.000Z,0,13170,0.0
2024-12-30T00:00:00.000Z,0,13170,0.0
2024-12-31T00:00:00.000Z,0,13170,0.0
2025-01-01T00:00:00.000Z,0,13170,0.0
2025-01-02T00:00:00.000Z,0,13170,0.0
2025-01-03T00:00:00.000Z,0,13170,0.0
2025-01-04T00:00:00.000Z,0,13170,0.0
2025-01-05T00:00:00.000Z,0,13170,0.0
2025-01-06T00:00:00.000Z,0,13170,0.0
2025-01-07T00:00:00.000Z,0,13170,0.0
2025-01-08T00:00:00.000Z,0,13170,0.0
2025-01-09T00:00:00.000Z,0,13170,0.0
2025-01-10T00:00:00.000Z,0,13170,0.0
2025-01-11T00:00:00.000Z,0,13170,0.0
2025-01-12T00:00:00.000Z,0,13170,0.0
2025-01-13T00:00:00.000Z,0,13170,0.0
2025-01-14T00:00:00.000Z,0,13170,0.0
2025-01-15T00:00:00.000Z,0,13170,0.0
2025-01-16T00:00:00.000Z,0,13170,0.0
2025-01-17T00:00:00.000Z,0,13170,0.0
2025-01-18T00:00:00.000Z,0,13170,0.0
2025-01-19T00:00:00.000Z,0,13170,0.0
2025-01-20T00:00:00.000Z,0,13170,0.0
2025-01-21T00:00:00.000Z,0,13170,0.0
2025-01-22T00:00:00.000Z,0,13170,0.0
2025-01-23T00:00:00.000Z,0,13170,0.0
2025-01-24T00:00:00.000Z,0,13170,0.0
2025-01-25T00:00:00.000Z,0,13170,0.0
2025-01-26T00:00:00.000Z,0,13170,0.0
2025-01-27T00:00:00.000Z,0,13170,0.0
2025-01-28T00:00:00.000Z,0,13170,0.0
2025-01-29T00:00:00.000Z,0,13170,0.0
2025-01-30T00:00:00.000Z,0,13170,0.0
2025-01-31T00:00:00.000Z,0,13170,0.0
2025-02-01T00:00:00.000Z,0,13170,0.0
2025-02-02T00:00:00.000Z,0,13170,0.0
2025-02-03T00:00:00.000Z,0,13170,0.0
2025-02-04T00:00:00.000Z,0,13170,0.0
2025-02-05T00:00:00.000Z,0,13170,0.0
2025-02-06T00:00:00.000Z,0,13170,0.0
2025-02-07T00:00:00.000Z,0,13170,0.0
2025-02-08T00:00:00.000Z,0,13170,0.0
2025-02-09T00:00:00.000Z,0,13170,0.0
2025-02-10T00:00:00.000Z,0,13170,0.0
2025-02-11T00:00:00.000Z,0,13170,0.0
2025-02-12T00:00:00.000Z,0,13170,0.0
2025-02-13T00:00:00.000Z,0,13170,0.0
2025-02-14T00:00:00.000Z,0,13170,0.0
2025-02-15T00:00:00.000Z,0,13170,0.0
2025-02-16T00:00:00.000Z,0,13170,0.0
2025-02-17T00:00:00.000Z,0,13170,0.0
2025-02-18T00:00:00.000Z,0,13170,0.0
2025-02-19T00:00:00.000Z,0,13170,0.0
2025-02-20T00:00:00.000Z,0,13170,0.0
2025-02-21T00:00:00.000Z,0,13170,0.0
2025-02-22T00:00:00.000Z,0,13170,0.0
2025-02-23T00:00:00.000Z,0,13170,0.0
2025-02-24T00:00:00.000Z,0,13170,0.0
2025-02-25T00:00:00.000Z,0,13170,0.0
2025-02-26T00:00:00.000Z,0,13170,0.0
2025-02-27T00:00:00.000Z,0,13170,0.0
2025-02-28T00:00:00.000Z,0,13170,0.0
2025-03-01T00:00:00.000Z,0,13170,0.0
2025-03-02T00:00:00.000Z,0,13170,0.0
2025-03-03T00:00:00.000Z,0,13170,0.0
2025-03-04T00:00:00.000Z,0,13170,0.0
2025-03-05T00:00:00.000Z,0,13170,0.0
2025-03-06T00:00:00.000Z,0,13170,0.0
2025-03-07T00:00:00.000Z,0,13170,0.0
2025-03-08T00:00:00.000Z,0,13170,0.0
2025-03-09T00:00:00.000Z,0,13170,0.0
2025-03-10T00:00:00.000Z,0,13170,0.0
2025-03-11T00:00:00.000Z,0,13170,0.0
2025-03-12T00:00:00.000Z,0,13170,0.0
2025-03-13T00:00:00.000Z,0,13170,0.0
2025-03-14T00:00:00.000Z,0,13170,0.0
2025-03-15T00:00:00.000Z,0,13170,0.0
2025-03-16T00:00:00.000Z,0,13170,0.0
2025-03-17T00:00:00.000Z,0,13170,0.0
2025-03-18T00:00:00.000Z,0,13170,0.0
2025-03-19T00:00:00.000Z,0,13170,0.0
2025-03-20T00:00:00.000Z,0,13170,0.0
2025-03-21T00:00:00.000Z,0,13170,0.0
2025-03-22T00:00:00.000Z,0,13170,0.0
2025-03-23T00:00:00.000Z,0,13170,0.0
2025-03-24T00:00:00.000Z,0,13170,0.0
2025-03-25T00:00:00.000Z,0,13170,0.0
2025-03-26T00:00:00.000Z,0,13170,0.0
2025-03-27T00:00:00.000Z,0,13170,0.0
2025-03-28T00:00:00.000Z,0,13170,0.0
2025-03-29T00:00:00.000Z,0,13170,0.0
2025-03-30T00:00:00.000Z,0,13170,0.0
