,day_date,age_group,death_amount_boost_vaccinated,death_amount_vaccinated,death_amount_not_vaccinated,death_amount_boost_vaccinated_normalized,death_vaccinated_normalized,death_not_vaccinated_normalized
0,2021-01-20T00:00:00.000Z,כלל האוכלוסיה,0,0,36,0.0,0.0,0.4
1,2021-01-20T00:00:00.000Z,מתחת לגיל 60,0,0,2,0.0,0.0,0.0
2,2021-01-20T00:00:00.000Z,מעל גיל 60,0,0,34,0.0,0.0,2.3
3,2021-01-21T00:00:00.000Z,מתחת לגיל 60,0,0,2,0.0,0.0,0.0
4,2021-01-21T00:00:00.000Z,מעל גיל 60,0,0,29,0.0,0.0,2.1
5,2021-01-21T00:00:00.000Z,כלל האוכלוסיה,0,0,31,0.0,0.0,0.30000000000000004
6,2021-01-22T00:00:00.000Z,מעל גיל 60,0,0,37,0.0,0.0,2.7
7,2021-01-22T00:00:00.000Z,מתחת לגיל 60,0,0,2,0.0,0.0,0.0
8,2021-01-22T00:00:00.000Z,כלל האוכלוסיה,0,0,39,0.0,0.0,0.4
9,2021-01-23T00:00:00.000Z,מעל גיל 60,0,0,26,0.0,0.0,1.9
10,2021-01-23T00:00:00.000Z,מתחת לגיל 60,0,0,4,0.0,0.0,0.1
11,2021-01-23T00:00:00.000Z,כלל האוכלוסיה,0,0,30,0.0,0.0,0.30000000000000004
12,2021-01-24T00:00:00.000Z,מתחת לגיל 60,0,0,4,0.0,0.0,0.1
13,2021-01-24T00:00:00.000Z,מעל גיל 60,0,3,31,0.0,1.2,2.4
14,2021-01-24T00:00:00.000Z,כלל האוכלוסיה,0,3,35,0.0,0.9,0.4
15,2021-01-25T00:00:00.000Z,מתחת לגיל 60,0,0,4,0.0,0.0,0.1
16,2021-01-25T00:00:00.000Z,מעל גיל 60,0,1,35,0.0,0.30000000000000004,2.9
17,2021-01-25T00:00:00.000Z,כלל האוכלוסיה,0,1,39,0.0,0.2,0.4
18,2021-01-26T00:00:00.000Z,מתחת לגיל 60,0,1,4,0.0,0.6000000000000001,0.1
19,2021-01-26T00:00:00.000Z,מעל גיל 60,0,1,26,0.0,0.2,2.3
20,2021-01-26T00:00:00.000Z,כלל האוכלוסיה,0,2,30,0.0,0.30000000000000004,0.4
21,2021-01-27T00:00:00.000Z,כלל האוכלוסיה,0,1,33,0.0,0.1,0.4
22,2021-01-27T00:00:00.000Z,מתחת לגיל 60,0,0,2,0.0,0.0,0.0
23,2021-01-27T00:00:00.000Z,מעל גיל 60,0,1,31,0.0,0.2,3.0
24,2021-01-28T00:00:00.000Z,מעל גיל 60,0,2,27,0.0,0.30000000000000004,2.9
25,2021-01-28T00:00:00.000Z,כלל האוכלוסיה,0,3,28,0.0,0.30000000000000004,0.30000000000000004
26,2021-01-28T00:00:00.000Z,מתחת לגיל 60,0,1,1,0.0,0.30000000000000004,0.0
27,2021-01-29T00:00:00.000Z,כלל האוכלוסיה,0,1,30,0.0,0.1,0.4
28,2021-01-29T00:00:00.000Z,מעל גיל 60,0,1,26,0.0,0.2,2.9
29,2021-01-29T00:00:00.000Z,מתחת לגיל 60,0,0,4,0.0,0.0,0.1
30,2021-01-30T00:00:00.000Z,מתחת לגיל 60,0,0,5,0.0,0.0,0.1
31,2021-01-30T00:00:00.000Z,מעל גיל 60,0,3,12,0.0,0.5,1.4
32,2021-01-30T00:00:00.000Z,כלל האוכלוסיה,0,3,17,0.0,0.30000000000000004,0.2
33,2021-01-31T00:00:00.000Z,מעל גיל 60,0,12,22,0.0,1.6,2.8
34,2021-01-31T00:00:00.000Z,מתחת לגיל 60,0,0,1,0.0,0.0,0.0
35,2021-01-31T00:00:00.000Z,כלל האוכלוסיה,0,12,23,0.0,1.0,0.30000000000000004
36,2021-02-01T00:00:00.000Z,מתחת לגיל 60,0,0,1,0.0,0.0,0.0
37,2021-02-01T00:00:00.000Z,כלל האוכלוסיה,0,4,20,0.0,0.30000000000000004,0.30000000000000004
38,2021-02-01T00:00:00.000Z,מעל גיל 60,0,4,19,0.0,0.5,2.6
39,2021-02-02T00:00:00.000Z,כלל האוכלוסיה,0,8,34,0.0,0.6000000000000001,0.4
40,2021-02-02T00:00:00.000Z,מעל גיל 60,0,8,29,0.0,0.9,4.3
41,2021-02-02T00:00:00.000Z,מתחת לגיל 60,0,0,5,0.0,0.0,0.1
42,2021-02-03T00:00:00.000Z,מתחת לגיל 60,0,0,5,0.0,0.0,0.1
43,2021-02-03T00:00:00.000Z,כלל האוכלוסיה,0,10,26,0.0,0.6000000000000001,0.30000000000000004
44,2021-02-03T00:00:00.000Z,מעל גיל 60,0,10,21,0.0,1.1,3.4
45,2021-02-04T00:00:00.000Z,כלל האוכלוסיה,0,7,24,0.0,0.4,0.30000000000000004
46,2021-02-04T00:00:00.000Z,מתחת לגיל 60,0,0,1,0.0,0.0,0.0
47,2021-02-04T00:00:00.000Z,מעל גיל 60,0,7,23,0.0,0.7000000000000001,4.0
48,2021-02-05T00:00:00.000Z,כלל האוכלוסיה,0,7,17,0.0,0.4,0.2
49,2021-02-05T00:00:00.000Z,מתחת לגיל 60,0,0,1,0.0,0.0,0.0
50,2021-02-05T00:00:00.000Z,מעל גיל 60,0,7,16,0.0,0.7000000000000001,2.9
51,2021-02-06T00:00:00.000Z,מתחת לגיל 60,0,0,2,0.0,0.0,0.0
52,2021-02-06T00:00:00.000Z,מעל גיל 60,0,9,25,0.0,0.9,4.6
53,2021-02-06T00:00:00.000Z,כלל האוכלוסיה,0,9,27,0.0,0.5,0.4
54,2021-02-07T00:00:00.000Z,מעל גיל 60,0,7,23,0.0,0.7000000000000001,4.4
55,2021-02-07T00:00:00.000Z,כלל האוכלוסיה,0,7,26,0.0,0.4,0.4
56,2021-02-07T00:00:00.000Z,מתחת לגיל 60,0,0,3,0.0,0.0,0.0
57,2021-02-08T00:00:00.000Z,מתחת לגיל 60,0,0,5,0.0,0.0,0.1
58,2021-02-08T00:00:00.000Z,מעל גיל 60,0,6,15,0.0,0.6000000000000001,2.9
59,2021-02-08T00:00:00.000Z,כלל האוכלוסיה,0,6,20,0.0,0.30000000000000004,0.30000000000000004
60,2021-02-09T00:00:00.000Z,מעל גיל 60,0,4,22,0.0,0.4,4.4
61,2021-02-09T00:00:00.000Z,כלל האוכלוסיה,0,5,26,0.0,0.30000000000000004,0.4
62,2021-02-09T00:00:00.000Z,מתחת לגיל 60,0,1,4,0.0,0.1,0.1
63,2021-02-10T00:00:00.000Z,מעל גיל 60,0,9,9,0.0,0.9,1.8
64,2021-02-10T00:00:00.000Z,מתחת לגיל 60,0,0,2,0.0,0.0,0.0
65,2021-02-10T00:00:00.000Z,כלל האוכלוסיה,0,9,11,0.0,0.5,0.2
66,2021-02-11T00:00:00.000Z,מתחת לגיל 60,0,0,1,0.0,0.0,0.0
67,2021-02-11T00:00:00.000Z,כלל האוכלוסיה,0,8,17,0.0,0.4,0.2
68,2021-02-11T00:00:00.000Z,מעל גיל 60,0,8,16,0.0,0.7000000000000001,3.3
69,2021-02-12T00:00:00.000Z,מעל גיל 60,0,10,17,0.0,0.9,3.5
70,2021-02-12T00:00:00.000Z,כלל האוכלוסיה,0,10,21,0.0,0.5,0.30000000000000004
71,2021-02-12T00:00:00.000Z,מתחת לגיל 60,0,0,4,0.0,0.0,0.1
72,2021-02-13T00:00:00.000Z,מעל גיל 60,0,4,17,0.0,0.4,3.6
73,2021-02-13T00:00:00.000Z,מתחת לגיל 60,0,0,3,0.0,0.0,0.0
74,2021-02-13T00:00:00.000Z,כלל האוכלוסיה,0,4,20,0.0,0.2,0.30000000000000004
75,2021-02-14T00:00:00.000Z,כלל האוכלוסיה,0,3,24,0.0,0.1,0.30000000000000004
76,2021-02-14T00:00:00.000Z,מעל גיל 60,0,3,20,0.0,0.30000000000000004,4.3
77,2021-02-14T00:00:00.000Z,מתחת לגיל 60,0,0,4,0.0,0.0,0.1
78,2021-02-15T00:00:00.000Z,כלל האוכלוסיה,0,1,13,0.0,0.0,0.2
79,2021-02-15T00:00:00.000Z,מעל גיל 60,0,1,12,0.0,0.1,2.6
80,2021-02-15T00:00:00.000Z,מתחת לגיל 60,0,0,1,0.0,0.0,0.0
81,2021-02-16T00:00:00.000Z,מעל גיל 60,0,9,22,0.0,0.8,4.9
82,2021-02-16T00:00:00.000Z,מתחת לגיל 60,0,0,4,0.0,0.0,0.1
83,2021-02-16T00:00:00.000Z,כלל האוכלוסיה,0,9,26,0.0,0.4,0.4
84,2021-02-17T00:00:00.000Z,מעל גיל 60,0,3,18,0.0,0.30000000000000004,4.0
85,2021-02-17T00:00:00.000Z,מתחת לגיל 60,0,0,2,0.0,0.0,0.0
86,2021-02-17T00:00:00.000Z,כלל האוכלוסיה,0,3,20,0.0,0.1,0.30000000000000004
87,2021-02-18T00:00:00.000Z,מעל גיל 60,0,5,18,0.0,0.5,4.1
88,2021-02-18T00:00:00.000Z,כלל האוכלוסיה,0,5,19,0.0,0.2,0.30000000000000004
89,2021-02-18T00:00:00.000Z,מתחת לגיל 60,0,0,1,0.0,0.0,0.0
90,2021-02-19T00:00:00.000Z,כלל האוכלוסיה,0,4,13,0.0,0.2,0.2
91,2021-02-19T00:00:00.000Z,מעל גיל 60,0,4,10,0.0,0.4,2.3
92,2021-02-19T00:00:00.000Z,מתחת לגיל 60,0,0,3,0.0,0.0,0.0
93,2021-02-20T00:00:00.000Z,מעל גיל 60,0,2,12,0.0,0.2,2.8
94,2021-02-20T00:00:00.000Z,מתחת לגיל 60,0,0,4,0.0,0.0,0.1
95,2021-02-20T00:00:00.000Z,כלל האוכלוסיה,0,2,16,0.0,0.1,0.2
96,2021-02-21T00:00:00.000Z,מעל גיל 60,0,3,14,0.0,0.30000000000000004,3.3
97,2021-02-21T00:00:00.000Z,כלל האוכלוסיה,0,4,15,0.0,0.2,0.2
98,2021-02-21T00:00:00.000Z,מתחת לגיל 60,0,1,1,0.0,0.1,0.0
99,2021-02-22T00:00:00.000Z,מעל גיל 60,0,1,6,0.0,0.1,1.4
100,2021-02-22T00:00:00.000Z,כלל האוכלוסיה,0,1,13,0.0,0.0,0.2
101,2021-02-22T00:00:00.000Z,מתחת לגיל 60,0,0,7,0.0,0.0,0.1
102,2021-02-23T00:00:00.000Z,כלל האוכלוסיה,0,3,26,0.0,0.1,0.4
103,2021-02-23T00:00:00.000Z,מעל גיל 60,0,2,23,0.0,0.2,5.6
104,2021-02-23T00:00:00.000Z,מתחת לגיל 60,0,1,3,0.0,0.1,0.1
105,2021-02-24T00:00:00.000Z,כלל האוכלוסיה,0,0,20,0.0,0.0,0.30000000000000004
106,2021-02-24T00:00:00.000Z,מעל גיל 60,0,0,16,0.0,0.0,3.9
107,2021-02-24T00:00:00.000Z,מתחת לגיל 60,0,0,4,0.0,0.0,0.1
108,2021-02-25T00:00:00.000Z,מתחת לגיל 60,0,0,4,0.0,0.0,0.1
109,2021-02-25T00:00:00.000Z,כלל האוכלוסיה,0,5,14,0.0,0.2,0.2
110,2021-02-25T00:00:00.000Z,מעל גיל 60,0,5,10,0.0,0.4,2.5
111,2021-02-26T00:00:00.000Z,כלל האוכלוסיה,0,2,15,0.0,0.1,0.2
112,2021-02-26T00:00:00.000Z,מתחת לגיל 60,0,0,3,0.0,0.0,0.1
113,2021-02-26T00:00:00.000Z,מעל גיל 60,0,2,12,0.0,0.2,3.0
114,2021-02-27T00:00:00.000Z,מתחת לגיל 60,0,0,7,0.0,0.0,0.1
115,2021-02-27T00:00:00.000Z,כלל האוכלוסיה,0,5,22,0.0,0.2,0.4
116,2021-02-27T00:00:00.000Z,מעל גיל 60,0,5,15,0.0,0.4,3.8
117,2021-02-28T00:00:00.000Z,כלל האוכלוסיה,0,4,14,0.0,0.1,0.2
118,2021-02-28T00:00:00.000Z,מתחת לגיל 60,0,0,2,0.0,0.0,0.0
119,2021-02-28T00:00:00.000Z,מעל גיל 60,0,4,12,0.0,0.30000000000000004,3.1
120,2021-03-01T00:00:00.000Z,כלל האוכלוסיה,0,3,12,0.0,0.1,0.2
121,2021-03-01T00:00:00.000Z,מתחת לגיל 60,0,0,4,0.0,0.0,0.1
122,2021-03-01T00:00:00.000Z,מעל גיל 60,0,3,8,0.0,0.30000000000000004,2.1
123,2021-03-02T00:00:00.000Z,כלל האוכלוסיה,0,2,18,0.0,0.1,0.30000000000000004
124,2021-03-02T00:00:00.000Z,מתחת לגיל 60,0,0,7,0.0,0.0,0.1
125,2021-03-02T00:00:00.000Z,מעל גיל 60,0,2,11,0.0,0.2,2.9
126,2021-03-03T00:00:00.000Z,מעל גיל 60,0,3,10,0.0,0.30000000000000004,2.7
127,2021-03-03T00:00:00.000Z,כלל האוכלוסיה,0,3,12,0.0,0.1,0.2
128,2021-03-03T00:00:00.000Z,מתחת לגיל 60,0,0,2,0.0,0.0,0.0
129,2021-03-04T00:00:00.000Z,כלל האוכלוסיה,0,0,11,0.0,0.0,0.2
130,2021-03-04T00:00:00.000Z,מתחת לגיל 60,0,0,1,0.0,0.0,0.0
131,2021-03-04T00:00:00.000Z,מעל גיל 60,0,0,10,0.0,0.0,2.7
132,2021-03-05T00:00:00.000Z,מתחת לגיל 60,0,0,2,0.0,0.0,0.0
133,2021-03-05T00:00:00.000Z,מעל גיל 60,0,2,12,0.0,0.2,3.3
134,2021-03-05T00:00:00.000Z,כלל האוכלוסיה,0,2,14,0.0,0.1,0.2
135,2021-03-06T00:00:00.000Z,מתחת לגיל 60,0,0,2,0.0,0.0,0.0
136,2021-03-06T00:00:00.000Z,מעל גיל 60,0,1,11,0.0,0.1,3.0
137,2021-03-06T00:00:00.000Z,כלל האוכלוסיה,0,1,13,0.0,0.0,0.2
138,2021-03-07T00:00:00.000Z,כלל האוכלוסיה,0,4,8,0.0,0.1,0.1
139,2021-03-07T00:00:00.000Z,מעל גיל 60,0,4,5,0.0,0.30000000000000004,1.4
140,2021-03-07T00:00:00.000Z,מתחת לגיל 60,0,0,3,0.0,0.0,0.1
141,2021-03-08T00:00:00.000Z,מתחת לגיל 60,0,0,2,0.0,0.0,0.0
142,2021-03-08T00:00:00.000Z,כלל האוכלוסיה,0,2,15,0.0,0.1,0.30000000000000004
143,2021-03-08T00:00:00.000Z,מעל גיל 60,0,2,13,0.0,0.2,3.7
144,2021-03-09T00:00:00.000Z,כלל האוכלוסיה,0,1,11,0.0,0.0,0.2
145,2021-03-09T00:00:00.000Z,מתחת לגיל 60,0,0,2,0.0,0.0,0.0
146,2021-03-09T00:00:00.000Z,מעל גיל 60,0,1,9,0.0,0.1,2.6
147,2021-03-10T00:00:00.000Z,מעל גיל 60,0,0,10,0.0,0.0,3.0
148,2021-03-10T00:00:00.000Z,כלל האוכלוסיה,0,0,14,0.0,0.0,0.30000000000000004
149,2021-03-10T00:00:00.000Z,מתחת לגיל 60,0,0,4,0.0,0.0,0.1
150,2021-03-11T00:00:00.000Z,כלל האוכלוסיה,0,2,14,0.0,0.1,0.30000000000000004
151,2021-03-11T00:00:00.000Z,מתחת לגיל 60,0,0,2,0.0,0.0,0.0
152,2021-03-11T00:00:00.000Z,מעל גיל 60,0,2,12,0.0,0.2,3.6
153,2021-03-12T00:00:00.000Z,מתחת לגיל 60,0,0,1,0.0,0.0,0.0
154,2021-03-12T00:00:00.000Z,כלל האוכלוסיה,0,0,9,0.0,0.0,0.2
155,2021-03-12T00:00:00.000Z,מעל גיל 60,0,0,8,0.0,0.0,2.4
156,2021-03-13T00:00:00.000Z,מעל גיל 60,0,3,5,0.0,0.2,1.5
157,2021-03-13T00:00:00.000Z,מתחת לגיל 60,0,0,4,0.0,0.0,0.1
158,2021-03-13T00:00:00.000Z,כלל האוכלוסיה,0,3,9,0.0,0.1,0.2
159,2021-03-14T00:00:00.000Z,מתחת לגיל 60,0,0,3,0.0,0.0,0.1
160,2021-03-14T00:00:00.000Z,מעל גיל 60,0,3,15,0.0,0.2,4.7
161,2021-03-14T00:00:00.000Z,כלל האוכלוסיה,0,3,18,0.0,0.1,0.4
162,2021-03-15T00:00:00.000Z,מעל גיל 60,0,2,9,0.0,0.2,2.9
163,2021-03-15T00:00:00.000Z,מתחת לגיל 60,0,1,1,0.0,0.0,0.0
164,2021-03-15T00:00:00.000Z,כלל האוכלוסיה,0,3,10,0.0,0.1,0.2
165,2021-03-16T00:00:00.000Z,מתחת לגיל 60,0,0,6,0.0,0.0,0.1
166,2021-03-16T00:00:00.000Z,מעל גיל 60,0,1,5,0.0,0.1,1.6
167,2021-03-16T00:00:00.000Z,כלל האוכלוסיה,0,1,11,0.0,0.0,0.2
168,2021-03-17T00:00:00.000Z,כלל האוכלוסיה,0,1,7,0.0,0.0,0.1
169,2021-03-17T00:00:00.000Z,מעל גיל 60,0,0,6,0.0,0.0,2.0
170,2021-03-17T00:00:00.000Z,מתחת לגיל 60,0,1,1,0.0,0.0,0.0
171,2021-03-18T00:00:00.000Z,מתחת לגיל 60,0,0,1,0.0,0.0,0.0
172,2021-03-18T00:00:00.000Z,כלל האוכלוסיה,0,0,6,0.0,0.0,0.1
173,2021-03-18T00:00:00.000Z,מעל גיל 60,0,0,5,0.0,0.0,1.7000000000000002
174,2021-03-19T00:00:00.000Z,מתחת לגיל 60,0,0,1,0.0,0.0,0.0
175,2021-03-19T00:00:00.000Z,כלל האוכלוסיה,0,4,8,0.0,0.1,0.2
176,2021-03-19T00:00:00.000Z,מעל גיל 60,0,4,7,0.0,0.30000000000000004,2.4
177,2021-03-20T00:00:00.000Z,מעל גיל 60,0,1,5,0.0,0.1,1.7000000000000002
178,2021-03-20T00:00:00.000Z,מתחת לגיל 60,0,0,0,0.0,0.0,0.0
179,2021-03-20T00:00:00.000Z,כלל האוכלוסיה,0,1,5,0.0,0.0,0.1
180,2021-03-21T00:00:00.000Z,מעל גיל 60,0,4,10,0.0,0.30000000000000004,3.5
181,2021-03-21T00:00:00.000Z,מתחת לגיל 60,0,0,0,0.0,0.0,0.0
182,2021-03-21T00:00:00.000Z,כלל האוכלוסיה,0,4,10,0.0,0.1,0.2
183,2021-03-22T00:00:00.000Z,מעל גיל 60,0,2,8,0.0,0.2,2.9
184,2021-03-22T00:00:00.000Z,מתחת לגיל 60,0,0,2,0.0,0.0,0.0
185,2021-03-22T00:00:00.000Z,כלל האוכלוסיה,0,2,10,0.0,0.0,0.2
186,2021-03-23T00:00:00.000Z,מעל גיל 60,0,3,10,0.0,0.2,3.6
187,2021-03-23T00:00:00.000Z,מתחת לגיל 60,0,0,1,0.0,0.0,0.0
188,2021-03-23T00:00:00.000Z,כלל האוכלוסיה,0,3,11,0.0,0.1,0.2
189,2021-03-24T00:00:00.000Z,כלל האוכלוסיה,0,2,6,0.0,0.0,0.1
190,2021-03-24T00:00:00.000Z,מעל גיל 60,0,2,5,0.0,0.2,1.8
191,2021-03-24T00:00:00.000Z,מתחת לגיל 60,0,0,1,0.0,0.0,0.0
192,2021-03-25T00:00:00.000Z,מעל גיל 60,0,2,2,0.0,0.2,0.8
193,2021-03-25T00:00:00.000Z,כלל האוכלוסיה,0,2,5,0.0,0.0,0.1
194,2021-03-25T00:00:00.000Z,מתחת לגיל 60,0,0,3,0.0,0.0,0.1
195,2021-03-26T00:00:00.000Z,מעל גיל 60,0,1,5,0.0,0.1,1.9
196,2021-03-26T00:00:00.000Z,כלל האוכלוסיה,0,1,6,0.0,0.0,0.1
197,2021-03-26T00:00:00.000Z,מתחת לגיל 60,0,0,1,0.0,0.0,0.0
198,2021-03-27T00:00:00.000Z,מתחת לגיל 60,0,0,1,0.0,0.0,0.0
199,2021-03-27T00:00:00.000Z,מעל גיל 60,0,0,4,0.0,0.0,1.5
200,2021-03-27T00:00:00.000Z,כלל האוכלוסיה,0,0,5,0.0,0.0,0.1
201,2021-03-28T00:00:00.000Z,מעל גיל 60,0,2,9,0.0,0.2,3.4
202,2021-03-28T00:00:00.000Z,כלל האוכלוסיה,0,2,9,0.0,0.0,0.2
203,2021-03-28T00:00:00.000Z,מתחת לגיל 60,0,0,0,0.0,0.0,0.0
204,2021-03-29T00:00:00.000Z,כלל האוכלוסיה,0,0,9,0.0,0.0,0.2
205,2021-03-29T00:00:00.000Z,מעל גיל 60,0,0,9,0.0,0.0,3.5
206,2021-03-29T00:00:00.000Z,מתחת לגיל 60,0,0,0,0.0,0.0,0.0
207,2021-03-30T00:00:00.000Z,מתחת לגיל 60,0,0,0,0.0,0.0,0.0
208,2021-03-30T00:00:00.000Z,מעל גיל 60,0,0,10,0.0,0.0,3.9
209,2021-03-30T00:00:00.000Z,כלל האוכלוסיה,0,0,10,0.0,0.0,0.2
210,2021-03-31T00:00:00.000Z,מתחת לגיל 60,0,0,3,0.0,0.0,0.1
211,2021-03-31T00:00:00.000Z,מעל גיל 60,0,3,8,0.0,0.2,3.2
212,2021-03-31T00:00:00.000Z,כלל האוכלוסיה,0,3,11,0.0,0.1,0.30000000000000004
213,2021-04-01T00:00:00.000Z,כלל האוכלוסיה,0,1,6,0.0,0.0,0.1
214,2021-04-01T00:00:00.000Z,מתחת לגיל 60,0,0,0,0.0,0.0,0.0
215,2021-04-01T00:00:00.000Z,מעל גיל 60,0,1,6,0.0,0.1,2.4
216,2021-04-02T00:00:00.000Z,מתחת לגיל 60,0,0,3,0.0,0.0,0.1
217,2021-04-02T00:00:00.000Z,כלל האוכלוסיה,0,1,12,0.0,0.0,0.30000000000000004
218,2021-04-02T00:00:00.000Z,מעל גיל 60,0,1,9,0.0,0.1,3.6
219,2021-04-03T00:00:00.000Z,כלל האוכלוסיה,0,0,6,0.0,0.0,0.1
220,2021-04-03T00:00:00.000Z,מתחת לגיל 60,0,0,3,0.0,0.0,0.1
221,2021-04-03T00:00:00.000Z,מעל גיל 60,0,0,3,0.0,0.0,1.2
222,2021-04-04T00:00:00.000Z,כלל האוכלוסיה,0,2,5,0.0,0.0,0.1
223,2021-04-04T00:00:00.000Z,מתחת לגיל 60,0,0,1,0.0,0.0,0.0
224,2021-04-04T00:00:00.000Z,מעל גיל 60,0,2,4,0.0,0.2,1.6
225,2021-04-05T00:00:00.000Z,מתחת לגיל 60,0,0,0,0.0,0.0,0.0
226,2021-04-05T00:00:00.000Z,מעל גיל 60,0,2,3,0.0,0.2,1.2
227,2021-04-05T00:00:00.000Z,כלל האוכלוסיה,0,2,3,0.0,0.0,0.1
228,2021-04-06T00:00:00.000Z,כלל האוכלוסיה,0,0,5,0.0,0.0,0.1
229,2021-04-06T00:00:00.000Z,מתחת לגיל 60,0,0,0,0.0,0.0,0.0
230,2021-04-06T00:00:00.000Z,מעל גיל 60,0,0,5,0.0,0.0,2.1
231,2021-04-07T00:00:00.000Z,מתחת לגיל 60,0,0,0,0.0,0.0,0.0
232,2021-04-07T00:00:00.000Z,מעל גיל 60,0,1,6,0.0,0.1,2.5
233,2021-04-07T00:00:00.000Z,כלל האוכלוסיה,0,1,6,0.0,0.0,0.1
234,2021-04-08T00:00:00.000Z,מתחת לגיל 60,0,0,1,0.0,0.0,0.0
235,2021-04-08T00:00:00.000Z,מעל גיל 60,0,3,7,0.0,0.2,2.9
236,2021-04-08T00:00:00.000Z,כלל האוכלוסיה,0,3,8,0.0,0.1,0.2
237,2021-04-09T00:00:00.000Z,מעל גיל 60,0,1,4,0.0,0.1,1.7000000000000002
238,2021-04-09T00:00:00.000Z,מתחת לגיל 60,0,0,4,0.0,0.0,0.1
239,2021-04-09T00:00:00.000Z,כלל האוכלוסיה,0,1,8,0.0,0.0,0.2
240,2021-04-10T00:00:00.000Z,מתחת לגיל 60,0,0,1,0.0,0.0,0.0
241,2021-04-10T00:00:00.000Z,כלל האוכלוסיה,0,2,6,0.0,0.0,0.1
242,2021-04-10T00:00:00.000Z,מעל גיל 60,0,2,5,0.0,0.2,2.1
243,2021-04-11T00:00:00.000Z,מעל גיל 60,0,1,3,0.0,0.1,1.3
244,2021-04-11T00:00:00.000Z,כלל האוכלוסיה,0,1,4,0.0,0.0,0.1
245,2021-04-11T00:00:00.000Z,מתחת לגיל 60,0,0,1,0.0,0.0,0.0
246,2021-04-12T00:00:00.000Z,כלל האוכלוסיה,0,2,2,0.0,0.0,0.0
247,2021-04-12T00:00:00.000Z,מעל גיל 60,0,1,1,0.0,0.1,0.4
248,2021-04-12T00:00:00.000Z,מתחת לגיל 60,0,1,1,0.0,0.0,0.0
249,2021-04-13T00:00:00.000Z,מעל גיל 60,0,1,8,0.0,0.1,3.4
250,2021-04-13T00:00:00.000Z,כלל האוכלוסיה,0,2,9,0.0,0.0,0.2
251,2021-04-13T00:00:00.000Z,מתחת לגיל 60,0,1,1,0.0,0.0,0.0
252,2021-04-14T00:00:00.000Z,מעל גיל 60,0,0,2,0.0,0.0,0.9
253,2021-04-14T00:00:00.000Z,מתחת לגיל 60,0,0,0,0.0,0.0,0.0
254,2021-04-14T00:00:00.000Z,כלל האוכלוסיה,0,0,2,0.0,0.0,0.0
255,2021-04-15T00:00:00.000Z,כלל האוכלוסיה,0,0,2,0.0,0.0,0.0
256,2021-04-15T00:00:00.000Z,מעל גיל 60,0,0,1,0.0,0.0,0.4
257,2021-04-15T00:00:00.000Z,מתחת לגיל 60,0,0,1,0.0,0.0,0.0
258,2021-04-16T00:00:00.000Z,כלל האוכלוסיה,0,1,2,0.0,0.0,0.0
259,2021-04-16T00:00:00.000Z,מעל גיל 60,0,1,1,0.0,0.1,0.4
260,2021-04-16T00:00:00.000Z,מתחת לגיל 60,0,0,1,0.0,0.0,0.0
261,2021-04-17T00:00:00.000Z,כלל האוכלוסיה,0,2,5,0.0,0.0,0.1
262,2021-04-17T00:00:00.000Z,מעל גיל 60,0,2,4,0.0,0.2,1.7000000000000002
263,2021-04-17T00:00:00.000Z,מתחת לגיל 60,0,0,1,0.0,0.0,0.0
264,2021-04-18T00:00:00.000Z,מעל גיל 60,0,0,2,0.0,0.0,0.9
265,2021-04-18T00:00:00.000Z,מתחת לגיל 60,0,1,1,0.0,0.0,0.0
266,2021-04-18T00:00:00.000Z,כלל האוכלוסיה,0,1,3,0.0,0.0,0.1
267,2021-04-19T00:00:00.000Z,מתחת לגיל 60,0,0,0,0.0,0.0,0.0
268,2021-04-19T00:00:00.000Z,מעל גיל 60,0,2,1,0.0,0.2,0.4
269,2021-04-19T00:00:00.000Z,כלל האוכלוסיה,0,2,1,0.0,0.0,0.0
270,2021-04-20T00:00:00.000Z,מתחת לגיל 60,0,0,0,0.0,0.0,0.0
271,2021-04-20T00:00:00.000Z,מעל גיל 60,0,0,3,0.0,0.0,1.3
272,2021-04-20T00:00:00.000Z,כלל האוכלוסיה,0,0,3,0.0,0.0,0.1
273,2021-04-21T00:00:00.000Z,מתחת לגיל 60,0,0,0,0.0,0.0,0.0
274,2021-04-21T00:00:00.000Z,מעל גיל 60,0,0,1,0.0,0.0,0.4
275,2021-04-21T00:00:00.000Z,כלל האוכלוסיה,0,0,1,0.0,0.0,0.0
276,2021-04-22T00:00:00.000Z,כלל האוכלוסיה,0,0,2,0.0,0.0,0.0
277,2021-04-22T00:00:00.000Z,מעל גיל 60,0,0,1,0.0,0.0,0.4
278,2021-04-22T00:00:00.000Z,מתחת לגיל 60,0,0,1,0.0,0.0,0.0
279,2021-04-23T00:00:00.000Z,מתחת לגיל 60,0,0,0,0.0,0.0,0.0
280,2021-04-23T00:00:00.000Z,מעל גיל 60,0,1,3,0.0,0.1,1.3
281,2021-04-23T00:00:00.000Z,כלל האוכלוסיה,0,1,3,0.0,0.0,0.1
282,2021-04-24T00:00:00.000Z,מתחת לגיל 60,0,0,2,0.0,0.0,0.1
283,2021-04-24T00:00:00.000Z,כלל האוכלוסיה,0,2,2,0.0,0.0,0.0
284,2021-04-24T00:00:00.000Z,מעל גיל 60,0,2,0,0.0,0.2,0.0
285,2021-04-25T00:00:00.000Z,מתחת לגיל 60,0,0,0,0.0,0.0,0.0
286,2021-04-25T00:00:00.000Z,כלל האוכלוסיה,0,0,1,0.0,0.0,0.0
287,2021-04-25T00:00:00.000Z,מעל גיל 60,0,0,1,0.0,0.0,0.4
288,2021-04-26T00:00:00.000Z,מעל גיל 60,0,1,1,0.0,0.1,0.5
289,2021-04-26T00:00:00.000Z,מתחת לגיל 60,0,0,0,0.0,0.0,0.0
290,2021-04-26T00:00:00.000Z,כלל האוכלוסיה,0,1,1,0.0,0.0,0.0
291,2021-04-27T00:00:00.000Z,כלל האוכלוסיה,0,0,4,0.0,0.0,0.1
292,2021-04-27T00:00:00.000Z,מתחת לגיל 60,0,0,2,0.0,0.0,0.1
293,2021-04-27T00:00:00.000Z,מעל גיל 60,0,0,2,0.0,0.0,0.9
294,2021-04-28T00:00:00.000Z,מתחת לגיל 60,0,0,0,0.0,0.0,0.0
295,2021-04-28T00:00:00.000Z,כלל האוכלוסיה,0,0,0,0.0,0.0,0.0
296,2021-04-28T00:00:00.000Z,מעל גיל 60,0,0,0,0.0,0.0,0.0
297,2021-04-29T00:00:00.000Z,מתחת לגיל 60,0,1,0,0.0,0.0,0.0
298,2021-04-29T00:00:00.000Z,כלל האוכלוסיה,0,1,0,0.0,0.0,0.0
299,2021-04-29T00:00:00.000Z,מעל גיל 60,0,0,0,0.0,0.0,0.0
300,2021-04-30T00:00:00.000Z,מעל גיל 60,0,0,2,0.0,0.0,0.9
301,2021-04-30T00:00:00.000Z,כלל האוכלוסיה,0,0,2,0.0,0.0,0.0
302,2021-04-30T00:00:00.000Z,מתחת לגיל 60,0,0,0,0.0,0.0,0.0
303,2021-05-01T00:00:00.000Z,מעל גיל 60,0,0,1,0.0,0.0,0.5
304,2021-05-01T00:00:00.000Z,כלל האוכלוסיה,0,0,1,0.0,0.0,0.0
305,2021-05-01T00:00:00.000Z,מתחת לגיל 60,0,0,0,0.0,0.0,0.0
306,2021-05-02T00:00:00.000Z,מעל גיל 60,0,0,1,0.0,0.0,0.5
307,2021-05-02T00:00:00.000Z,מתחת לגיל 60,0,0,0,0.0,0.0,0.0
308,2021-05-02T00:00:00.000Z,כלל האוכלוסיה,0,0,1,0.0,0.0,0.0
309,2021-05-03T00:00:00.000Z,כלל האוכלוסיה,0,2,0,0.0,0.0,0.0
310,2021-05-03T00:00:00.000Z,מעל גיל 60,0,2,0,0.0,0.1,0.0
311,2021-05-03T00:00:00.000Z,מתחת לגיל 60,0,0,0,0.0,0.0,0.0
312,2021-05-04T00:00:00.000Z,מתחת לגיל 60,0,0,0,0.0,0.0,0.0
313,2021-05-04T00:00:00.000Z,מעל גיל 60,0,0,2,0.0,0.0,0.9
314,2021-05-04T00:00:00.000Z,כלל האוכלוסיה,0,0,2,0.0,0.0,0.0
315,2021-05-05T00:00:00.000Z,כלל האוכלוסיה,0,0,2,0.0,0.0,0.0
316,2021-05-05T00:00:00.000Z,מעל גיל 60,0,0,1,0.0,0.0,0.5
317,2021-05-05T00:00:00.000Z,מתחת לגיל 60,0,0,1,0.0,0.0,0.0
318,2021-05-06T00:00:00.000Z,מעל גיל 60,0,0,1,0.0,0.0,0.5
319,2021-05-06T00:00:00.000Z,מתחת לגיל 60,0,0,1,0.0,0.0,0.0
320,2021-05-06T00:00:00.000Z,כלל האוכלוסיה,0,0,2,0.0,0.0,0.0
321,2021-05-07T00:00:00.000Z,מתחת לגיל 60,0,0,1,0.0,0.0,0.0
322,2021-05-07T00:00:00.000Z,מעל גיל 60,0,0,1,0.0,0.0,0.5
323,2021-05-07T00:00:00.000Z,כלל האוכלוסיה,0,0,2,0.0,0.0,0.0
324,2021-05-08T00:00:00.000Z,מתחת לגיל 60,0,0,1,0.0,0.0,0.0
325,2021-05-08T00:00:00.000Z,מעל גיל 60,0,0,0,0.0,0.0,0.0
326,2021-05-08T00:00:00.000Z,כלל האוכלוסיה,0,0,1,0.0,0.0,0.0
327,2021-05-09T00:00:00.000Z,מתחת לגיל 60,0,0,0,0.0,0.0,0.0
328,2021-05-09T00:00:00.000Z,כלל האוכלוסיה,0,0,1,0.0,0.0,0.0
329,2021-05-09T00:00:00.000Z,מעל גיל 60,0,0,1,0.0,0.0,0.5
330,2021-05-10T00:00:00.000Z,מתחת לגיל 60,0,0,1,0.0,0.0,0.0
331,2021-05-10T00:00:00.000Z,כלל האוכלוסיה,0,0,2,0.0,0.0,0.0
332,2021-05-10T00:00:00.000Z,מעל גיל 60,0,0,1,0.0,0.0,0.5
333,2021-05-11T00:00:00.000Z,מעל גיל 60,0,1,0,0.0,0.1,0.0
334,2021-05-11T00:00:00.000Z,כלל האוכלוסיה,0,1,0,0.0,0.0,0.0
335,2021-05-11T00:00:00.000Z,מתחת לגיל 60,0,0,0,0.0,0.0,0.0
336,2021-05-12T00:00:00.000Z,מעל גיל 60,0,0,0,0.0,0.0,0.0
337,2021-05-12T00:00:00.000Z,מתחת לגיל 60,0,0,0,0.0,0.0,0.0
338,2021-05-12T00:00:00.000Z,כלל האוכלוסיה,0,0,0,0.0,0.0,0.0
339,2021-05-13T00:00:00.000Z,מעל גיל 60,0,0,0,0.0,0.0,0.0
340,2021-05-13T00:00:00.000Z,כלל האוכלוסיה,0,0,2,0.0,0.0,0.0
341,2021-05-13T00:00:00.000Z,מתחת לגיל 60,0,0,2,0.0,0.0,0.1
342,2021-05-14T00:00:00.000Z,מתחת לגיל 60,0,0,0,0.0,0.0,0.0
343,2021-05-14T00:00:00.000Z,מעל גיל 60,0,0,0,0.0,0.0,0.0
344,2021-05-14T00:00:00.000Z,כלל האוכלוסיה,0,0,0,0.0,0.0,0.0
345,2021-05-15T00:00:00.000Z,מתחת לגיל 60,0,0,0,0.0,0.0,0.0
346,2021-05-15T00:00:00.000Z,מעל גיל 60,0,1,0,0.0,0.1,0.0
347,2021-05-15T00:00:00.000Z,כלל האוכלוסיה,0,1,0,0.0,0.0,0.0
348,2021-05-16T00:00:00.000Z,מתחת לגיל 60,0,0,0,0.0,0.0,0.0
349,2021-05-16T00:00:00.000Z,מעל גיל 60,0,0,1,0.0,0.0,0.5
350,2021-05-16T00:00:00.000Z,כלל האוכלוסיה,0,0,1,0.0,0.0,0.0
351,2021-05-17T00:00:00.000Z,מתחת לגיל 60,0,0,0,0.0,0.0,0.0
352,2021-05-17T00:00:00.000Z,מעל גיל 60,0,1,2,0.0,0.1,1.0
353,2021-05-17T00:00:00.000Z,כלל האוכלוסיה,0,1,2,0.0,0.0,0.1
354,2021-05-18T00:00:00.000Z,מעל גיל 60,0,0,0,0.0,0.0,0.0
355,2021-05-18T00:00:00.000Z,מתחת לגיל 60,0,0,0,0.0,0.0,0.0
356,2021-05-18T00:00:00.000Z,כלל האוכלוסיה,0,0,0,0.0,0.0,0.0
357,2021-05-19T00:00:00.000Z,מתחת לגיל 60,0,0,0,0.0,0.0,0.0
358,2021-05-19T00:00:00.000Z,מעל גיל 60,0,0,0,0.0,0.0,0.0
359,2021-05-19T00:00:00.000Z,כלל האוכלוסיה,0,0,0,0.0,0.0,0.0
360,2021-05-20T00:00:00.000Z,מעל גיל 60,0,0,0,0.0,0.0,0.0
361,2021-05-20T00:00:00.000Z,כלל האוכלוסיה,0,0,0,0.0,0.0,0.0
362,2021-05-20T00:00:00.000Z,מתחת לגיל 60,0,0,0,0.0,0.0,0.0
363,2021-05-21T00:00:00.000Z,כלל האוכלוסיה,0,1,1,0.0,0.0,0.0
364,2021-05-21T00:00:00.000Z,מעל גיל 60,0,1,0,0.0,0.1,0.0
365,2021-05-21T00:00:00.000Z,מתחת לגיל 60,0,0,1,0.0,0.0,0.0
366,2021-05-22T00:00:00.000Z,מעל גיל 60,0,0,0,0.0,0.0,0.0
367,2021-05-22T00:00:00.000Z,מתחת לגיל 60,0,0,0,0.0,0.0,0.0
368,2021-05-22T00:00:00.000Z,כלל האוכלוסיה,0,0,0,0.0,0.0,0.0
369,2021-05-23T00:00:00.000Z,מתחת לגיל 60,0,0,1,0.0,0.0,0.0
370,2021-05-23T00:00:00.000Z,כלל האוכלוסיה,0,0,1,0.0,0.0,0.0
371,2021-05-23T00:00:00.000Z,מעל גיל 60,0,0,0,0.0,0.0,0.0
372,2021-05-24T00:00:00.000Z,מעל גיל 60,0,0,0,0.0,0.0,0.0
373,2021-05-24T00:00:00.000Z,כלל האוכלוסיה,0,0,1,0.0,0.0,0.0
374,2021-05-24T00:00:00.000Z,מתחת לגיל 60,0,0,1,0.0,0.0,0.0
375,2021-05-25T00:00:00.000Z,מתחת לגיל 60,0,0,0,0.0,0.0,0.0
376,2021-05-25T00:00:00.000Z,כלל האוכלוסיה,0,1,0,0.0,0.0,0.0
377,2021-05-25T00:00:00.000Z,מעל גיל 60,0,1,0,0.0,0.1,0.0
378,2021-05-26T00:00:00.000Z,מתחת לגיל 60,0,0,0,0.0,0.0,0.0
379,2021-05-26T00:00:00.000Z,כלל האוכלוסיה,0,0,0,0.0,0.0,0.0
380,2021-05-26T00:00:00.000Z,מעל גיל 60,0,0,0,0.0,0.0,0.0
381,2021-05-27T00:00:00.000Z,מעל גיל 60,0,0,1,0.0,0.0,0.5
382,2021-05-27T00:00:00.000Z,כלל האוכלוסיה,0,0,2,0.0,0.0,0.1
383,2021-05-27T00:00:00.000Z,מתחת לגיל 60,0,0,1,0.0,0.0,0.0
384,2021-05-28T00:00:00.000Z,כלל האוכלוסיה,0,0,1,0.0,0.0,0.0
385,2021-05-28T00:00:00.000Z,מעל גיל 60,0,0,1,0.0,0.0,0.5
386,2021-05-28T00:00:00.000Z,מתחת לגיל 60,0,0,0,0.0,0.0,0.0
387,2021-05-29T00:00:00.000Z,מעל גיל 60,0,0,0,0.0,0.0,0.0
388,2021-05-29T00:00:00.000Z,מתחת לגיל 60,0,0,0,0.0,0.0,0.0
389,2021-05-29T00:00:00.000Z,כלל האוכלוסיה,0,0,0,0.0,0.0,0.0
390,2021-05-30T00:00:00.000Z,מתחת לגיל 60,0,0,0,0.0,0.0,0.0
391,2021-05-30T00:00:00.000Z,כלל האוכלוסיה,0,0,0,0.0,0.0,0.0
392,2021-05-30T00:00:00.000Z,מעל גיל 60,0,0,0,0.0,0.0,0.0
393,2021-05-31T00:00:00.000Z,מעל גיל 60,0,0,0,0.0,0.0,0.0
394,2021-05-31T00:00:00.000Z,כלל האוכלוסיה,0,0,0,0.0,0.0,0.0
395,2021-05-31T00:00:00.000Z,מתחת לגיל 60,0,0,0,0.0,0.0,0.0
396,2021-06-01T00:00:00.000Z,מתחת לגיל 60,0,0,1,0.0,0.0,0.0
397,2021-06-01T00:00:00.000Z,מעל גיל 60,0,0,0,0.0,0.0,0.0
398,2021-06-01T00:00:00.000Z,כלל האוכלוסיה,0,0,1,0.0,0.0,0.0
399,2021-06-02T00:00:00.000Z,כלל האוכלוסיה,0,0,0,0.0,0.0,0.0
400,2021-06-02T00:00:00.000Z,מעל גיל 60,0,0,0,0.0,0.0,0.0
401,2021-06-02T00:00:00.000Z,מתחת לגיל 60,0,0,0,0.0,0.0,0.0
402,2021-06-03T00:00:00.000Z,מעל גיל 60,0,0,0,0.0,0.0,0.0
403,2021-06-03T00:00:00.000Z,מתחת לגיל 60,0,0,0,0.0,0.0,0.0
404,2021-06-03T00:00:00.000Z,כלל האוכלוסיה,0,0,0,0.0,0.0,0.0
405,2021-06-04T00:00:00.000Z,מעל גיל 60,0,0,0,0.0,0.0,0.0
406,2021-06-04T00:00:00.000Z,מתחת לגיל 60,0,0,0,0.0,0.0,0.0
407,2021-06-04T00:00:00.000Z,כלל האוכלוסיה,0,0,0,0.0,0.0,0.0
408,2021-06-05T00:00:00.000Z,מעל גיל 60,0,0,0,0.0,0.0,0.0
409,2021-06-05T00:00:00.000Z,כלל האוכלוסיה,0,0,1,0.0,0.0,0.0
410,2021-06-05T00:00:00.000Z,מתחת לגיל 60,0,0,1,0.0,0.0,0.0
411,2021-06-06T00:00:00.000Z,כלל האוכלוסיה,0,0,0,0.0,0.0,0.0
412,2021-06-06T00:00:00.000Z,מעל גיל 60,0,0,0,0.0,0.0,0.0
413,2021-06-06T00:00:00.000Z,מתחת לגיל 60,0,0,0,0.0,0.0,0.0
414,2021-06-07T00:00:00.000Z,מעל גיל 60,0,0,0,0.0,0.0,0.0
415,2021-06-07T00:00:00.000Z,מתחת לגיל 60,0,0,1,0.0,0.0,0.0
416,2021-06-07T00:00:00.000Z,כלל האוכלוסיה,0,0,1,0.0,0.0,0.0
417,2021-06-08T00:00:00.000Z,מעל גיל 60,0,0,0,0.0,0.0,0.0
418,2021-06-08T00:00:00.000Z,כלל האוכלוסיה,0,1,0,0.0,0.0,0.0
419,2021-06-08T00:00:00.000Z,מתחת לגיל 60,0,1,0,0.0,0.0,0.0
420,2021-06-09T00:00:00.000Z,מתחת לגיל 60,0,0,0,0.0,0.0,0.0
421,2021-06-09T00:00:00.000Z,כלל האוכלוסיה,0,0,0,0.0,0.0,0.0
422,2021-06-09T00:00:00.000Z,מעל גיל 60,0,0,0,0.0,0.0,0.0
423,2021-06-10T00:00:00.000Z,מעל גיל 60,0,0,0,0.0,0.0,0.0
424,2021-06-10T00:00:00.000Z,מתחת לגיל 60,0,0,0,0.0,0.0,0.0
425,2021-06-10T00:00:00.000Z,כלל האוכלוסיה,0,0,0,0.0,0.0,0.0
426,2021-06-11T00:00:00.000Z,כלל האוכלוסיה,0,0,0,0.0,0.0,0.0
427,2021-06-11T00:00:00.000Z,מתחת לגיל 60,0,0,0,0.0,0.0,0.0
428,2021-06-11T00:00:00.000Z,מעל גיל 60,0,0,0,0.0,0.0,0.0
429,2021-06-12T00:00:00.000Z,כלל האוכלוסיה,0,0,0,0.0,0.0,0.0
430,2021-06-12T00:00:00.000Z,מתחת לגיל 60,0,0,0,0.0,0.0,0.0
431,2021-06-12T00:00:00.000Z,מעל גיל 60,0,0,0,0.0,0.0,0.0
432,2021-06-13T00:00:00.000Z,כלל האוכלוסיה,0,0,0,0.0,0.0,0.0
433,2021-06-13T00:00:00.000Z,מעל גיל 60,0,0,0,0.0,0.0,0.0
434,2021-06-13T00:00:00.000Z,מתחת לגיל 60,0,0,0,0.0,0.0,0.0
435,2021-06-14T00:00:00.000Z,מעל גיל 60,0,0,0,0.0,0.0,0.0
436,2021-06-14T00:00:00.000Z,כלל האוכלוסיה,0,0,0,0.0,0.0,0.0
437,2021-06-14T00:00:00.000Z,מתחת לגיל 60,0,0,0,0.0,0.0,0.0
438,2021-06-15T00:00:00.000Z,מתחת לגיל 60,0,0,0,0.0,0.0,0.0
439,2021-06-15T00:00:00.000Z,כלל האוכלוסיה,0,0,0,0.0,0.0,0.0
440,2021-06-15T00:00:00.000Z,מעל גיל 60,0,0,0,0.0,0.0,0.0
441,2021-06-16T00:00:00.000Z,כלל האוכלוסיה,0,0,1,0.0,0.0,0.0
442,2021-06-16T00:00:00.000Z,מעל גיל 60,0,0,1,0.0,0.0,0.5
443,2021-06-16T00:00:00.000Z,מתחת לגיל 60,0,0,0,0.0,0.0,0.0
444,2021-06-17T00:00:00.000Z,מתחת לגיל 60,0,0,0,0.0,0.0,0.0
445,2021-06-17T00:00:00.000Z,מעל גיל 60,0,0,0,0.0,0.0,0.0
446,2021-06-17T00:00:00.000Z,כלל האוכלוסיה,0,0,0,0.0,0.0,0.0
447,2021-06-18T00:00:00.000Z,כלל האוכלוסיה,0,0,0,0.0,0.0,0.0
448,2021-06-18T00:00:00.000Z,מעל גיל 60,0,0,0,0.0,0.0,0.0
449,2021-06-18T00:00:00.000Z,מתחת לגיל 60,0,0,0,0.0,0.0,0.0
450,2021-06-19T00:00:00.000Z,כלל האוכלוסיה,0,0,0,0.0,0.0,0.0
451,2021-06-19T00:00:00.000Z,מעל גיל 60,0,0,0,0.0,0.0,0.0
452,2021-06-19T00:00:00.000Z,מתחת לגיל 60,0,0,0,0.0,0.0,0.0
453,2021-06-20T00:00:00.000Z,מתחת לגיל 60,0,0,0,0.0,0.0,0.0
454,2021-06-20T00:00:00.000Z,מעל גיל 60,0,0,0,0.0,0.0,0.0
455,2021-06-20T00:00:00.000Z,כלל האוכלוסיה,0,0,0,0.0,0.0,0.0
456,2021-06-21T00:00:00.000Z,מעל גיל 60,0,0,0,0.0,0.0,0.0
457,2021-06-21T00:00:00.000Z,מתחת לגיל 60,0,0,0,0.0,0.0,0.0
458,2021-06-21T00:00:00.000Z,כלל האוכלוסיה,0,0,0,0.0,0.0,0.0
459,2021-06-22T00:00:00.000Z,מעל גיל 60,0,0,0,0.0,0.0,0.0
460,2021-06-22T00:00:00.000Z,מתחת לגיל 60,0,0,0,0.0,0.0,0.0
461,2021-06-22T00:00:00.000Z,כלל האוכלוסיה,0,0,0,0.0,0.0,0.0
462,2021-06-23T00:00:00.000Z,מתחת לגיל 60,0,0,0,0.0,0.0,0.0
463,2021-06-23T00:00:00.000Z,כלל האוכלוסיה,0,0,0,0.0,0.0,0.0
464,2021-06-23T00:00:00.000Z,מעל גיל 60,0,0,0,0.0,0.0,0.0
465,2021-06-24T00:00:00.000Z,מתחת לגיל 60,0,0,0,0.0,0.0,0.0
466,2021-06-24T00:00:00.000Z,כלל האוכלוסיה,0,0,0,0.0,0.0,0.0
467,2021-06-24T00:00:00.000Z,מעל גיל 60,0,0,0,0.0,0.0,0.0
468,2021-06-25T00:00:00.000Z,כלל האוכלוסיה,0,0,1,0.0,0.0,0.0
469,2021-06-25T00:00:00.000Z,מתחת לגיל 60,0,0,0,0.0,0.0,0.0
470,2021-06-25T00:00:00.000Z,מעל גיל 60,0,0,1,0.0,0.0,0.5
471,2021-06-26T00:00:00.000Z,כלל האוכלוסיה,0,0,0,0.0,0.0,0.0
472,2021-06-26T00:00:00.000Z,מעל גיל 60,0,0,0,0.0,0.0,0.0
473,2021-06-26T00:00:00.000Z,מתחת לגיל 60,0,0,0,0.0,0.0,0.0
474,2021-06-27T00:00:00.000Z,מעל גיל 60,0,0,0,0.0,0.0,0.0
475,2021-06-27T00:00:00.000Z,כלל האוכלוסיה,0,0,0,0.0,0.0,0.0
476,2021-06-27T00:00:00.000Z,מתחת לגיל 60,0,0,0,0.0,0.0,0.0
477,2021-06-28T00:00:00.000Z,מתחת לגיל 60,0,0,0,0.0,0.0,0.0
478,2021-06-28T00:00:00.000Z,כלל האוכלוסיה,0,0,0,0.0,0.0,0.0
479,2021-06-28T00:00:00.000Z,מעל גיל 60,0,0,0,0.0,0.0,0.0
480,2021-06-29T00:00:00.000Z,מתחת לגיל 60,0,0,0,0.0,0.0,0.0
481,2021-06-29T00:00:00.000Z,כלל האוכלוסיה,0,0,0,0.0,0.0,0.0
482,2021-06-29T00:00:00.000Z,מעל גיל 60,0,0,0,0.0,0.0,0.0
483,2021-06-30T00:00:00.000Z,כלל האוכלוסיה,0,0,0,0.0,0.0,0.0
484,2021-06-30T00:00:00.000Z,מעל גיל 60,0,0,0,0.0,0.0,0.0
485,2021-06-30T00:00:00.000Z,מתחת לגיל 60,0,0,0,0.0,0.0,0.0
486,2021-07-01T00:00:00.000Z,כלל האוכלוסיה,0,0,0,0.0,0.0,0.0
487,2021-07-01T00:00:00.000Z,מתחת לגיל 60,0,0,0,0.0,0.0,0.0
488,2021-07-01T00:00:00.000Z,מעל גיל 60,0,0,0,0.0,0.0,0.0
489,2021-07-02T00:00:00.000Z,מתחת לגיל 60,0,0,0,0.0,0.0,0.0
490,2021-07-02T00:00:00.000Z,מעל גיל 60,0,0,0,0.0,0.0,0.0
491,2021-07-02T00:00:00.000Z,כלל האוכלוסיה,0,0,0,0.0,0.0,0.0
492,2021-07-03T00:00:00.000Z,מעל גיל 60,0,0,0,0.0,0.0,0.0
493,2021-07-03T00:00:00.000Z,כלל האוכלוסיה,0,0,0,0.0,0.0,0.0
494,2021-07-03T00:00:00.000Z,מתחת לגיל 60,0,0,0,0.0,0.0,0.0
495,2021-07-04T00:00:00.000Z,כלל האוכלוסיה,0,0,0,0.0,0.0,0.0
496,2021-07-04T00:00:00.000Z,מעל גיל 60,0,0,0,0.0,0.0,0.0
497,2021-07-04T00:00:00.000Z,מתחת לגיל 60,0,0,0,0.0,0.0,0.0
498,2021-07-05T00:00:00.000Z,מעל גיל 60,0,0,0,0.0,0.0,0.0
499,2021-07-05T00:00:00.000Z,כלל האוכלוסיה,0,0,0,0.0,0.0,0.0
500,2021-07-05T00:00:00.000Z,מתחת לגיל 60,0,0,0,0.0,0.0,0.0
501,2021-07-06T00:00:00.000Z,מעל גיל 60,0,0,0,0.0,0.0,0.0
502,2021-07-06T00:00:00.000Z,כלל האוכלוסיה,0,0,0,0.0,0.0,0.0
503,2021-07-06T00:00:00.000Z,מתחת לגיל 60,0,0,0,0.0,0.0,0.0
504,2021-07-07T00:00:00.000Z,מעל גיל 60,0,0,0,0.0,0.0,0.0
505,2021-07-07T00:00:00.000Z,כלל האוכלוסיה,0,0,1,0.0,0.0,0.0
506,2021-07-07T00:00:00.000Z,מתחת לגיל 60,0,0,1,0.0,0.0,0.0
507,2021-07-08T00:00:00.000Z,מעל גיל 60,0,2,0,0.0,0.1,0.0
508,2021-07-08T00:00:00.000Z,מתחת לגיל 60,0,0,0,0.0,0.0,0.0
509,2021-07-08T00:00:00.000Z,כלל האוכלוסיה,0,2,0,0.0,0.0,0.0
510,2021-07-09T00:00:00.000Z,מעל גיל 60,0,0,0,0.0,0.0,0.0
511,2021-07-09T00:00:00.000Z,מתחת לגיל 60,0,0,0,0.0,0.0,0.0
512,2021-07-09T00:00:00.000Z,כלל האוכלוסיה,0,0,0,0.0,0.0,0.0
513,2021-07-10T00:00:00.000Z,מעל גיל 60,0,2,0,0.0,0.1,0.0
514,2021-07-10T00:00:00.000Z,כלל האוכלוסיה,0,2,0,0.0,0.0,0.0
515,2021-07-10T00:00:00.000Z,מתחת לגיל 60,0,0,0,0.0,0.0,0.0
516,2021-07-11T00:00:00.000Z,כלל האוכלוסיה,0,1,1,0.0,0.0,0.0
517,2021-07-11T00:00:00.000Z,מתחת לגיל 60,0,0,1,0.0,0.0,0.0
518,2021-07-11T00:00:00.000Z,מעל גיל 60,0,1,0,0.0,0.1,0.0
519,2021-07-12T00:00:00.000Z,כלל האוכלוסיה,0,2,0,0.0,0.0,0.0
520,2021-07-12T00:00:00.000Z,מתחת לגיל 60,0,0,0,0.0,0.0,0.0
521,2021-07-12T00:00:00.000Z,מעל גיל 60,0,2,0,0.0,0.1,0.0
522,2021-07-13T00:00:00.000Z,מתחת לגיל 60,0,0,0,0.0,0.0,0.0
523,2021-07-13T00:00:00.000Z,כלל האוכלוסיה,0,0,1,0.0,0.0,0.0
524,2021-07-13T00:00:00.000Z,מעל גיל 60,0,0,1,0.0,0.0,0.5
525,2021-07-14T00:00:00.000Z,כלל האוכלוסיה,0,3,0,0.0,0.1,0.0
526,2021-07-14T00:00:00.000Z,מתחת לגיל 60,0,0,0,0.0,0.0,0.0
527,2021-07-14T00:00:00.000Z,מעל גיל 60,0,3,0,0.0,0.2,0.0
528,2021-07-15T00:00:00.000Z,מתחת לגיל 60,0,0,0,0.0,0.0,0.0
529,2021-07-15T00:00:00.000Z,כלל האוכלוסיה,0,1,0,0.0,0.0,0.0
530,2021-07-15T00:00:00.000Z,מעל גיל 60,0,1,0,0.0,0.1,0.0
531,2021-07-16T00:00:00.000Z,מעל גיל 60,0,0,0,0.0,0.0,0.0
532,2021-07-16T00:00:00.000Z,מתחת לגיל 60,0,0,0,0.0,0.0,0.0
533,2021-07-16T00:00:00.000Z,כלל האוכלוסיה,0,0,0,0.0,0.0,0.0
534,2021-07-17T00:00:00.000Z,מעל גיל 60,0,1,0,0.0,0.1,0.0
535,2021-07-17T00:00:00.000Z,מתחת לגיל 60,0,0,0,0.0,0.0,0.0
536,2021-07-17T00:00:00.000Z,כלל האוכלוסיה,0,1,0,0.0,0.0,0.0
537,2021-07-18T00:00:00.000Z,כלל האוכלוסיה,0,2,2,0.0,0.0,0.1
538,2021-07-18T00:00:00.000Z,מתחת לגיל 60,0,0,1,0.0,0.0,0.0
539,2021-07-18T00:00:00.000Z,מעל גיל 60,0,2,1,0.0,0.1,0.5
540,2021-07-19T00:00:00.000Z,מתחת לגיל 60,0,0,0,0.0,0.0,0.0
541,2021-07-19T00:00:00.000Z,כלל האוכלוסיה,0,2,0,0.0,0.0,0.0
542,2021-07-19T00:00:00.000Z,מעל גיל 60,0,2,0,0.0,0.1,0.0
543,2021-07-20T00:00:00.000Z,מתחת לגיל 60,0,0,0,0.0,0.0,0.0
544,2021-07-20T00:00:00.000Z,מעל גיל 60,0,2,0,0.0,0.1,0.0
545,2021-07-20T00:00:00.000Z,כלל האוכלוסיה,0,2,0,0.0,0.0,0.0
546,2021-07-21T00:00:00.000Z,כלל האוכלוסיה,0,3,0,0.0,0.1,0.0
547,2021-07-21T00:00:00.000Z,מתחת לגיל 60,0,0,0,0.0,0.0,0.0
548,2021-07-21T00:00:00.000Z,מעל גיל 60,0,3,0,0.0,0.2,0.0
549,2021-07-22T00:00:00.000Z,מתחת לגיל 60,0,0,0,0.0,0.0,0.0
550,2021-07-22T00:00:00.000Z,מעל גיל 60,0,0,0,0.0,0.0,0.0
551,2021-07-22T00:00:00.000Z,כלל האוכלוסיה,0,0,0,0.0,0.0,0.0
552,2021-07-23T00:00:00.000Z,מעל גיל 60,0,0,1,0.0,0.0,0.6000000000000001
553,2021-07-23T00:00:00.000Z,כלל האוכלוסיה,0,0,1,0.0,0.0,0.0
554,2021-07-23T00:00:00.000Z,מתחת לגיל 60,0,0,0,0.0,0.0,0.0
555,2021-07-24T00:00:00.000Z,מעל גיל 60,0,2,1,0.0,0.1,0.6000000000000001
556,2021-07-24T00:00:00.000Z,כלל האוכלוסיה,0,2,1,0.0,0.0,0.0
557,2021-07-24T00:00:00.000Z,מתחת לגיל 60,0,0,0,0.0,0.0,0.0
558,2021-07-25T00:00:00.000Z,מתחת לגיל 60,0,0,0,0.0,0.0,0.0
559,2021-07-25T00:00:00.000Z,כלל האוכלוסיה,0,2,1,0.0,0.0,0.0
560,2021-07-25T00:00:00.000Z,מעל גיל 60,0,2,1,0.0,0.1,0.6000000000000001
561,2021-07-26T00:00:00.000Z,כלל האוכלוסיה,0,0,1,0.0,0.0,0.0
562,2021-07-26T00:00:00.000Z,מעל גיל 60,0,0,1,0.0,0.0,0.6000000000000001
563,2021-07-26T00:00:00.000Z,מתחת לגיל 60,0,0,0,0.0,0.0,0.0
564,2021-07-27T00:00:00.000Z,מתחת לגיל 60,0,0,0,0.0,0.0,0.0
565,2021-07-27T00:00:00.000Z,כלל האוכלוסיה,0,1,0,0.0,0.0,0.0
566,2021-07-27T00:00:00.000Z,מעל גיל 60,0,1,0,0.0,0.1,0.0
567,2021-07-28T00:00:00.000Z,כלל האוכלוסיה,0,5,1,0.0,0.1,0.0
568,2021-07-28T00:00:00.000Z,מעל גיל 60,0,5,1,0.0,0.4,0.6000000000000001
569,2021-07-28T00:00:00.000Z,מתחת לגיל 60,0,0,0,0.0,0.0,0.0
570,2021-07-29T00:00:00.000Z,מעל גיל 60,0,3,0,0.0,0.2,0.0
571,2021-07-29T00:00:00.000Z,מתחת לגיל 60,0,0,1,0.0,0.0,0.0
572,2021-07-29T00:00:00.000Z,כלל האוכלוסיה,0,3,1,0.0,0.1,0.0
573,2021-07-30T00:00:00.000Z,מעל גיל 60,0,2,0,0.0,0.1,0.0
574,2021-07-30T00:00:00.000Z,מתחת לגיל 60,0,0,0,0.0,0.0,0.0
575,2021-07-30T00:00:00.000Z,כלל האוכלוסיה,0,2,0,0.0,0.0,0.0
576,2021-07-31T00:00:00.000Z,מעל גיל 60,0,2,2,0.0,0.1,1.1
577,2021-07-31T00:00:00.000Z,מתחת לגיל 60,0,0,0,0.0,0.0,0.0
578,2021-07-31T00:00:00.000Z,כלל האוכלוסיה,0,2,2,0.0,0.0,0.1
579,2021-08-01T00:00:00.000Z,מתחת לגיל 60,0,0,0,0.0,0.0,0.0
580,2021-08-01T00:00:00.000Z,כלל האוכלוסיה,0,8,2,0.0,0.1,0.1
581,2021-08-01T00:00:00.000Z,מעל גיל 60,0,8,2,0.0,0.6000000000000001,1.1
582,2021-08-02T00:00:00.000Z,כלל האוכלוסיה,0,6,4,0.0,0.1,0.1
583,2021-08-02T00:00:00.000Z,מתחת לגיל 60,0,0,0,0.0,0.0,0.0
584,2021-08-02T00:00:00.000Z,מעל גיל 60,0,6,4,0.0,0.4,2.3
585,2021-08-03T00:00:00.000Z,מתחת לגיל 60,0,0,1,0.0,0.0,0.0
586,2021-08-03T00:00:00.000Z,כלל האוכלוסיה,0,8,2,0.0,0.1,0.1
587,2021-08-03T00:00:00.000Z,מעל גיל 60,0,8,1,0.0,0.6000000000000001,0.6000000000000001
588,2021-08-04T00:00:00.000Z,מתחת לגיל 60,0,0,1,0.0,0.0,0.0
589,2021-08-04T00:00:00.000Z,מעל גיל 60,0,2,2,0.0,0.1,1.1
590,2021-08-04T00:00:00.000Z,כלל האוכלוסיה,0,2,3,0.0,0.0,0.1
591,2021-08-05T00:00:00.000Z,מעל גיל 60,0,13,3,0.0,0.9,1.7000000000000002
592,2021-08-05T00:00:00.000Z,כלל האוכלוסיה,0,13,3,0.0,0.2,0.1
593,2021-08-05T00:00:00.000Z,מתחת לגיל 60,0,0,0,0.0,0.0,0.0
594,2021-08-06T00:00:00.000Z,כלל האוכלוסיה,0,10,4,0.0,0.2,0.1
595,2021-08-06T00:00:00.000Z,מעל גיל 60,0,9,4,0.0,0.7000000000000001,2.3
596,2021-08-06T00:00:00.000Z,מתחת לגיל 60,0,1,0,0.0,0.0,0.0
597,2021-08-07T00:00:00.000Z,מעל גיל 60,0,9,2,0.0,0.7000000000000001,1.2
598,2021-08-07T00:00:00.000Z,כלל האוכלוסיה,0,9,2,0.0,0.2,0.1
599,2021-08-07T00:00:00.000Z,מתחת לגיל 60,0,0,0,0.0,0.0,0.0
600,2021-08-08T00:00:00.000Z,מעל גיל 60,0,14,4,0.0,1.0,2.3
601,2021-08-08T00:00:00.000Z,כלל האוכלוסיה,0,14,4,0.0,0.30000000000000004,0.1
602,2021-08-08T00:00:00.000Z,מתחת לגיל 60,0,0,0,0.0,0.0,0.0
603,2021-08-09T00:00:00.000Z,מתחת לגיל 60,0,0,0,0.0,0.0,0.0
604,2021-08-09T00:00:00.000Z,כלל האוכלוסיה,0,8,2,0.0,0.1,0.1
605,2021-08-09T00:00:00.000Z,מעל גיל 60,0,8,2,0.0,0.6000000000000001,1.2
606,2021-08-10T00:00:00.000Z,כלל האוכלוסיה,0,10,6,0.0,0.2,0.2
607,2021-08-10T00:00:00.000Z,מתחת לגיל 60,0,1,0,0.0,0.0,0.0
608,2021-08-10T00:00:00.000Z,מעל גיל 60,0,9,6,0.0,0.7000000000000001,3.5
609,2021-08-11T00:00:00.000Z,כלל האוכלוסיה,0,9,4,0.0,0.2,0.1
610,2021-08-11T00:00:00.000Z,מעל גיל 60,0,9,4,0.0,0.8,2.4
611,2021-08-11T00:00:00.000Z,מתחת לגיל 60,0,0,0,0.0,0.0,0.0
612,2021-08-12T00:00:00.000Z,כלל האוכלוסיה,1,12,6,0.30000000000000004,0.2,0.2
613,2021-08-12T00:00:00.000Z,מתחת לגיל 60,0,0,0,0.0,0.0,0.0
614,2021-08-12T00:00:00.000Z,מעל גיל 60,1,12,6,0.30000000000000004,1.2,3.6
615,2021-08-13T00:00:00.000Z,מעל גיל 60,0,14,9,0.0,1.4,5.4
616,2021-08-13T00:00:00.000Z,כלל האוכלוסיה,0,14,9,0.0,0.30000000000000004,0.30000000000000004
617,2021-08-13T00:00:00.000Z,מתחת לגיל 60,0,0,0,0.0,0.0,0.0
618,2021-08-14T00:00:00.000Z,מתחת לגיל 60,0,0,0,0.0,0.0,0.0
619,2021-08-14T00:00:00.000Z,כלל האוכלוסיה,1,7,10,0.2,0.1,0.30000000000000004
620,2021-08-14T00:00:00.000Z,מעל גיל 60,1,7,10,0.2,0.7000000000000001,6.0
621,2021-08-15T00:00:00.000Z,מתחת לגיל 60,0,0,2,0.0,0.0,0.1
622,2021-08-15T00:00:00.000Z,כלל האוכלוסיה,4,8,8,0.8,0.2,0.2
623,2021-08-15T00:00:00.000Z,מעל גיל 60,4,8,6,0.8,0.9,3.6
624,2021-08-16T00:00:00.000Z,מתחת לגיל 60,0,0,0,0.0,0.0,0.0
625,2021-08-16T00:00:00.000Z,מעל גיל 60,2,12,10,0.30000000000000004,1.5,6.1
626,2021-08-16T00:00:00.000Z,כלל האוכלוסיה,2,12,10,0.30000000000000004,0.2,0.30000000000000004
627,2021-08-17T00:00:00.000Z,מעל גיל 60,1,8,5,0.2,1.1,3.1
628,2021-08-17T00:00:00.000Z,כלל האוכלוסיה,1,9,5,0.2,0.2,0.1
629,2021-08-17T00:00:00.000Z,מתחת לגיל 60,0,1,0,0.0,0.0,0.0
630,2021-08-18T00:00:00.000Z,מעל גיל 60,4,13,4,0.6000000000000001,1.9,2.5
631,2021-08-18T00:00:00.000Z,מתחת לגיל 60,0,1,1,0.0,0.0,0.0
632,2021-08-18T00:00:00.000Z,כלל האוכלוסיה,4,14,5,0.6000000000000001,0.30000000000000004,0.1
633,2021-08-19T00:00:00.000Z,מעל גיל 60,1,14,10,0.1,2.2,6.2
634,2021-08-19T00:00:00.000Z,מתחת לגיל 60,0,0,1,0.0,0.0,0.0
635,2021-08-19T00:00:00.000Z,כלל האוכלוסיה,1,14,11,0.1,0.30000000000000004,0.30000000000000004
636,2021-08-20T00:00:00.000Z,מתחת לגיל 60,0,0,0,0.0,0.0,0.0
637,2021-08-20T00:00:00.000Z,כלל האוכלוסיה,5,11,4,0.6000000000000001,0.2,0.1
638,2021-08-20T00:00:00.000Z,מעל גיל 60,5,11,4,0.6000000000000001,1.8,2.5
639,2021-08-21T00:00:00.000Z,מתחת לגיל 60,0,0,1,0.0,0.0,0.0
640,2021-08-21T00:00:00.000Z,מעל גיל 60,2,10,9,0.2,1.7000000000000002,5.6
641,2021-08-21T00:00:00.000Z,כלל האוכלוסיה,2,10,10,0.2,0.2,0.30000000000000004
642,2021-08-22T00:00:00.000Z,מעל גיל 60,2,14,12,0.2,2.6,7.6
643,2021-08-22T00:00:00.000Z,מתחת לגיל 60,0,0,0,0.0,0.0,0.0
644,2021-08-22T00:00:00.000Z,כלל האוכלוסיה,2,14,12,0.2,0.30000000000000004,0.30000000000000004
645,2021-08-23T00:00:00.000Z,כלל האוכלוסיה,8,6,4,0.8,0.1,0.1
646,2021-08-23T00:00:00.000Z,מעל גיל 60,7,6,4,0.8,1.2,2.5
647,2021-08-23T00:00:00.000Z,מתחת לגיל 60,1,0,0,0.6000000000000001,0.0,0.0
648,2021-08-24T00:00:00.000Z,כלל האוכלוסיה,5,12,8,0.4,0.30000000000000004,0.2
649,2021-08-24T00:00:00.000Z,מעל גיל 60,5,12,6,0.5,2.5,3.8
650,2021-08-24T00:00:00.000Z,מתחת לגיל 60,0,0,2,0.0,0.0,0.1
651,2021-08-25T00:00:00.000Z,מעל גיל 60,7,12,9,0.7000000000000001,2.7,5.8
652,2021-08-25T00:00:00.000Z,מתחת לגיל 60,0,0,0,0.0,0.0,0.0
653,2021-08-25T00:00:00.000Z,כלל האוכלוסיה,7,12,9,0.6000000000000001,0.30000000000000004,0.30000000000000004
654,2021-08-26T00:00:00.000Z,מתחת לגיל 60,0,1,3,0.0,0.0,0.1
655,2021-08-26T00:00:00.000Z,כלל האוכלוסיה,3,11,14,0.2,0.30000000000000004,0.4
656,2021-08-26T00:00:00.000Z,מעל גיל 60,3,10,11,0.30000000000000004,2.3,7.1
657,2021-08-27T00:00:00.000Z,מעל גיל 60,6,9,10,0.6000000000000001,2.1,6.4
658,2021-08-27T00:00:00.000Z,מתחת לגיל 60,0,0,0,0.0,0.0,0.0
659,2021-08-27T00:00:00.000Z,כלל האוכלוסיה,6,9,10,0.5,0.2,0.30000000000000004
660,2021-08-28T00:00:00.000Z,כלל האוכלוסיה,2,11,9,0.1,0.30000000000000004,0.30000000000000004
661,2021-08-28T00:00:00.000Z,מתחת לגיל 60,0,2,3,0.0,0.1,0.1
662,2021-08-28T00:00:00.000Z,מעל גיל 60,2,9,6,0.2,2.2,3.9
663,2021-08-29T00:00:00.000Z,מתחת לגיל 60,0,0,2,0.0,0.0,0.1
664,2021-08-29T00:00:00.000Z,מעל גיל 60,3,14,7,0.30000000000000004,3.5,4.5
665,2021-08-29T00:00:00.000Z,כלל האוכלוסיה,3,14,9,0.2,0.30000000000000004,0.30000000000000004
666,2021-08-30T00:00:00.000Z,מתחת לגיל 60,0,0,1,0.0,0.0,0.0
667,2021-08-30T00:00:00.000Z,מעל גיל 60,2,7,8,0.2,1.8,5.2
668,2021-08-30T00:00:00.000Z,כלל האוכלוסיה,2,7,9,0.1,0.2,0.30000000000000004
669,2021-08-31T00:00:00.000Z,מתחת לגיל 60,0,1,1,0.0,0.0,0.0
670,2021-08-31T00:00:00.000Z,מעל גיל 60,2,10,17,0.2,2.7,11.2
671,2021-08-31T00:00:00.000Z,כלל האוכלוסיה,2,11,18,0.1,0.30000000000000004,0.5
672,2021-09-01T00:00:00.000Z,מתחת לגיל 60,0,0,2,0.0,0.0,0.1
673,2021-09-01T00:00:00.000Z,מעל גיל 60,5,8,14,0.5,2.2,9.3
674,2021-09-01T00:00:00.000Z,כלל האוכלוסיה,5,8,16,0.30000000000000004,0.2,0.5
675,2021-09-02T00:00:00.000Z,כלל האוכלוסיה,5,9,14,0.30000000000000004,0.2,0.4
676,2021-09-02T00:00:00.000Z,מתחת לגיל 60,0,2,2,0.0,0.1,0.1
677,2021-09-02T00:00:00.000Z,מעל גיל 60,5,7,12,0.5,2.0,8.0
678,2021-09-03T00:00:00.000Z,מתחת לגיל 60,0,0,1,0.0,0.0,0.0
679,2021-09-03T00:00:00.000Z,כלל האוכלוסיה,4,10,14,0.2,0.30000000000000004,0.4
680,2021-09-03T00:00:00.000Z,מעל גיל 60,4,10,13,0.4,2.9,8.7
681,2021-09-04T00:00:00.000Z,כלל האוכלוסיה,3,11,15,0.2,0.30000000000000004,0.4
682,2021-09-04T00:00:00.000Z,מתחת לגיל 60,0,0,1,0.0,0.0,0.0
683,2021-09-04T00:00:00.000Z,מעל גיל 60,3,11,14,0.30000000000000004,3.2,9.4
684,2021-09-05T00:00:00.000Z,כלל האוכלוסיה,0,10,10,0.0,0.30000000000000004,0.30000000000000004
685,2021-09-05T00:00:00.000Z,מתחת לגיל 60,0,1,0,0.0,0.0,0.0
686,2021-09-05T00:00:00.000Z,מעל גיל 60,0,9,10,0.0,2.7,6.7
687,2021-09-06T00:00:00.000Z,מעל גיל 60,5,9,6,0.5,2.8,4.1
688,2021-09-06T00:00:00.000Z,מתחת לגיל 60,0,0,0,0.0,0.0,0.0
689,2021-09-06T00:00:00.000Z,כלל האוכלוסיה,5,9,6,0.2,0.30000000000000004,0.2
690,2021-09-07T00:00:00.000Z,מתחת לגיל 60,0,0,1,0.0,0.0,0.0
691,2021-09-07T00:00:00.000Z,כלל האוכלוסיה,0,16,17,0.0,0.5,0.5
692,2021-09-07T00:00:00.000Z,מעל גיל 60,0,16,16,0.0,5.0,10.8
693,2021-09-08T00:00:00.000Z,מתחת לגיל 60,0,0,1,0.0,0.0,0.0
694,2021-09-08T00:00:00.000Z,כלל האוכלוסיה,7,6,10,0.30000000000000004,0.2,0.30000000000000004
695,2021-09-08T00:00:00.000Z,מעל גיל 60,7,6,9,0.6000000000000001,1.9,6.1
696,2021-09-09T00:00:00.000Z,מעל גיל 60,1,1,6,0.1,0.30000000000000004,4.1
697,2021-09-09T00:00:00.000Z,כלל האוכלוסיה,1,1,6,0.0,0.0,0.2
698,2021-09-09T00:00:00.000Z,מתחת לגיל 60,0,0,0,0.0,0.0,0.0
