date,newHospitalized,countHospitalized,countHospitalizedWithoutRelease,countHardStatus,countMediumStatus,countEasyStatus,countBreath,countDeath,numVisits,patientsHome,patientsHotel,countBreathCum,countDeathCum,countCriticalStatus,countSeriousCriticalCum,seriousCriticalNew,countEcmo,countDeadAvg7days,mediumNew,easyNew
2020-03-02,3,10,10,0,0,10,0,0,5429,,,0,0,0,0,0,,,0,3
2020-03-03,0,11,10,0,0,10,0,0,7589,,,0,0,0,0,0,,0.0,0,1
2020-03-04,3,12,11,0,0,12,0,0,6755,,,0,0,0,0,0,,0.0,0,3
2020-03-05,2,13,13,1,0,12,0,0,6836,,,0,0,0,1,1,0.0,0.0,0,1
2020-03-06,3,16,16,2,0,14,1,0,4978,,,1,0,0,2,1,0.0,0.0,0,3
2020-03-07,3,19,19,3,0,16,2,0,4682,,,2,0,0,3,1,0.0,0.0,0,2
2020-03-08,8,27,27,5,0,21,4,0,7075,,,4,0,0,5,2,,0.0,0,5
2020-03-09,16,43,43,5,0,35,4,0,6009,,,4,0,0,5,0,0.0,0.0,0,14
2020-03-10,19,63,63,6,0,55,5,0,5803,,,5,0,0,6,1,0.0,0.0,0,21
2020-03-11,25,87,86,7,1,76,6,0,5719,,,6,0,0,7,1,0.0,0.0,1,21
2020-03-12,23,110,107,7,1,99,6,0,5769,,,6,0,0,7,0,0.0,0.0,0,24
2020-03-13,23,129,128,7,5,114,6,0,3985,,,6,0,0,7,0,0.0,0.0,4,19
2020-03-14,40,169,167,6,5,155,4,0,3550,,,6,0,0,8,1,0.0,0.0,0,42
2020-03-15,41,208,206,9,7,189,6,0,5336,,,8,0,0,11,3,0.0,0.0,3,36
2020-03-16,24,230,222,11,6,207,7,0,4620,,,9,0,0,13,2,0.0,0.0,0,22
2020-03-17,48,272,269,12,7,243,7,0,4223,,,9,0,0,14,1,0.0,0.0,1,46
2020-03-18,53,323,284,16,12,287,7,0,3764,,,9,0,0,18,4,0.0,0.0,5,46
2020-03-19,30,313,277,21,12,270,12,0,3927,,,14,0,0,23,5,0.0,0.0,1,24
2020-03-20,30,307,263,23,15,258,12,1,3096,,,14,1,0,26,3,0.0,0.0,3,24
2020-03-21,34,298,290,27,22,238,15,0,2791,,,17,1,0,30,4,0.0,0.0,7,24
2020-03-22,54,344,323,38,33,265,22,0,4359,,,24,1,0,41,11,0.0,0.0,12,33
2020-03-23,58,380,341,44,37,285,24,0,3905,,,28,1,0,48,7,0.0,0.0,6,48
2020-03-24,81,424,363,48,49,314,26,3,3835,,,30,4,0,55,7,0.0,0.0,12,68
2020-03-25,81,443,420,52,54,325,28,1,3533,,,33,5,0,60,5,0.0,0.0,7,70
2020-03-26,81,501,440,56,67,364,31,5,3789,,,39,10,0,69,10,0.0,0.0,16,67
2020-03-27,110,546,491,66,71,398,37,2,3129,,,46,12,0,82,13,0.0,1.0,10,92
2020-03-28,52,542,506,70,83,378,41,1,2721,,,51,13,0,87,5,0.0,1.0,15,36
2020-03-29,69,575,537,80,89,392,50,3,4118,,,62,16,0,101,14,0.0,1.0,18,54
2020-03-30,122,657,597,90,106,441,55,1,3750,,,70,17,0,113,13,0.0,2.0,30,100
2020-03-31,109,705,651,99,117,470,64,4,3849,,,81,21,0,128,15,0.0,2.0,36,97
2020-04-01,148,800,741,111,143,522,73,8,3911,,,95,29,0,148,21,0.0,2.0,47,117
2020-04-02,115,854,740,113,145,563,79,9,4149,,,106,38,0,160,12,0.0,3.0,29,111
2020-04-03,98,837,737,131,159,529,93,5,3373,,,126,43,1,182,24,1.0,4.0,45,91
2020-04-04,71,810,759,140,170,483,107,6,3031,,,143,49,1,197,17,1.0,4.0,23,56
2020-04-05,99,856,747,135,193,501,107,7,4356,,,150,56,1,203,6,1.0,5.0,35,85
2020-04-06,93,840,699,147,208,455,110,8,3937,,,164,64,1,223,21,1.0,5.0,66,101
2020-04-07,73,768,662,160,204,388,106,8,4155,,,171,72,2,241,18,1.0,6.0,39,70
2020-04-08,58,720,623,166,196,338,115,8,3369,,,178,80,1,258,22,1.0,7.0,34,70
2020-04-09,64,687,641,166,189,319,117,9,3232,,,185,89,1,274,19,1.0,7.0,35,69
2020-04-10,55,696,612,170,173,337,128,8,3947,,,196,97,1,284,13,1.0,7.0,23,68
2020-04-11,40,652,608,182,163,290,130,6,3084,,,205,103,1,308,26,1.0,7.0,42,59
2020-04-12,90,697,635,177,175,326,130,6,4797,,,212,109,1,326,21,1.0,7.0,60,100
2020-04-13,91,724,641,192,169,343,137,9,4515,,,224,118,1,352,34,1.0,7.0,47,100
2020-04-14,70,712,650,178,173,342,134,8,4209,,,228,126,1,359,8,1.0,7.0,38,83
2020-04-15,69,722,678,179,175,346,133,13,3368,,,241,139,1,380,26,1.0,7.0,42,75
2020-04-16,51,729,651,182,163,366,137,7,5208,,,251,146,1,393,19,1.0,8.0,37,72
2020-04-17,48,699,627,165,163,347,124,9,4059,,,254,155,1,401,13,1.0,8.0,33,59
2020-04-18,41,673,627,174,141,332,118,11,3696,,,260,166,1,417,28,1.0,8.0,29,57
2020-04-19,40,661,587,157,148,328,118,8,5597,,,267,174,1,425,8,2.0,9.0,32,48
2020-04-20,49,635,557,154,135,321,123,6,4910,,,276,180,2,430,11,3.0,9.0,31,66
2020-04-21,27,583,522,145,146,265,119,10,4731,,,279,190,3,436,8,4.0,8.0,36,35
2020-04-22,36,555,501,149,122,262,110,3,4648,,,279,193,3,444,10,5.0,9.0,14,46
2020-04-23,32,532,459,146,106,251,115,4,5175,,,283,197,3,449,11,5.0,7.0,21,51
2020-04-24,26,486,452,144,109,219,110,3,4255,,,287,200,3,456,9,5.0,7.0,24,35
2020-04-25,8,459,436,136,105,204,107,3,3527,,,288,203,3,459,7,5.0,6.0,18,21
2020-04-26,32,467,415,142,91,208,111,2,5560,,,292,205,3,466,10,4.0,5.0,10,40
2020-04-27,21,436,387,132,89,197,101,4,5124,,,293,209,3,468,3,4.0,4.0,20,27
2020-04-28,28,414,372,127,85,186,100,5,4682,,,296,214,3,472,6,5.0,4.0,17,35
2020-04-29,22,394,374,122,86,178,96,6,4071,,,296,220,3,477,6,5.0,3.0,17,25
2020-04-30,19,393,348,112,87,182,90,6,5461,,,296,226,3,480,5,5.0,3.0,28,35
2020-05-01,20,368,330,109,81,159,89,4,4405,,,299,230,3,484,5,5.0,4.0,16,28
2020-05-02,14,344,334,111,67,163,90,3,3828,,,300,233,3,486,7,5.0,4.0,10,29
2020-05-03,14,346,305,101,71,158,84,3,5779,,,300,236,3,486,2,5.0,4.0,21,22
2020-05-04,18,323,282,97,71,144,78,3,5315,,,300,239,2,487,2,4.0,4.0,12,24
2020-05-05,9,291,261,91,61,123,72,2,5224,,,300,241,2,487,0,4.0,4.0,8,19
2020-05-06,15,276,252,88,61,122,70,1,5142,,,300,242,2,488,3,4.0,3.0,9,20
2020-05-07,13,266,248,84,60,115,70,1,5419,,,302,243,2,489,3,4.0,3.0,10,15
2020-05-08,13,260,244,78,53,116,64,6,4641,,,303,249,2,491,3,4.0,2.0,7,21
2020-05-09,10,254,248,78,50,123,64,3,3107,,,304,252,2,492,5,4.0,2.0,8,15
2020-05-10,14,261,232,74,51,124,66,4,6096,,,308,256,2,495,4,4.0,2.0,10,17
2020-05-11,9,240,217,69,54,110,60,5,5289,,,309,261,2,498,3,4.0,2.0,9,6
2020-05-12,10,228,208,66,52,105,56,3,5416,,,310,264,2,500,3,4.0,3.0,5,11
2020-05-13,10,216,206,61,48,98,53,3,5383,,,312,267,2,502,2,4.0,3.0,8,16
2020-05-14,6,211,194,61,43,98,52,3,5779,,,313,270,2,503,2,4.0,3.0,8,13
2020-05-15,1,195,190,61,43,89,52,0,5004,,,313,270,2,503,0,4.0,3.0,1,0
2020-05-16,4,194,189,60,40,87,51,3,4369,,,313,273,1,503,0,3.0,3.0,0,3
2020-05-17,10,198,178,55,38,97,45,4,6530,,,314,277,1,505,3,2.0,3.0,11,20
2020-05-18,3,181,165,52,42,82,43,3,5996,,,315,280,1,506,1,2.0,3.0,8,6
2020-05-19,7,172,164,51,43,76,40,2,6127,,,315,282,1,508,3,2.0,2.0,9,8
2020-05-20,4,169,151,46,40,77,41,1,6059,,,315,283,1,508,1,2.0,2.0,6,7
2020-05-21,8,158,145,47,31,77,37,0,6343,,,315,283,1,508,2,2.0,2.0,3,14
2020-05-22,5,151,146,46,32,69,37,0,5198,,,315,283,1,508,0,2.0,1.0,2,3
2020-05-23,3,148,147,46,33,68,37,0,4603,,,315,283,1,508,0,2.0,1.0,2,1
2020-05-24,0,147,130,43,36,66,34,1,6907,,,315,284,1,508,1,2.0,1.0,6,2
2020-05-25,8,138,128,41,32,63,29,2,6306,,,315,286,1,509,2,2.0,1.0,4,9
2020-05-26,3,131,123,36,37,55,32,0,6265,,,315,286,1,509,1,1.0,0.0,8,6
2020-05-27,6,129,121,40,37,50,36,2,6313,,,316,288,2,510,5,1.0,0.0,3,4
2020-05-28,7,128,120,36,37,54,34,1,5390,,,316,289,1,510,0,1.0,0.0,3,8
2020-05-29,5,125,125,39,36,49,37,0,4547,,,317,289,1,511,4,1.0,0.0,2,4
2020-05-30,5,130,129,35,43,52,33,0,4772,,,317,289,1,511,0,1.0,0.0,8,7
2020-05-31,5,134,125,35,47,51,31,0,7132,,,317,289,1,512,3,1.0,0.0,8,7
2020-06-01,12,138,116,32,45,55,29,3,6362,,,317,292,1,512,1,1.0,0.0,4,14
2020-06-02,13,129,120,29,44,53,29,2,6370,,,318,294,1,513,2,1.0,0.0,5,13
2020-06-03,8,127,122,28,42,55,25,1,6293,,,318,295,1,513,1,1.0,1.0,6,12
2020-06-04,11,134,120,30,37,65,23,0,6701,,,318,295,1,516,4,1.0,1.0,4,15
2020-06-05,8,127,116,29,41,56,23,1,5538,,,318,296,1,516,0,1.0,0.0,7,8
2020-06-06,9,125,119,29,42,50,21,4,4954,,,318,300,1,519,5,1.0,1.0,8,8
2020-06-07,12,131,125,29,42,58,23,2,7550,,,319,302,1,523,5,1.0,1.0,8,11
2020-06-08,16,142,126,30,46,64,23,0,6393,,,319,302,1,525,2,1.0,1.0,5,14
2020-06-09,10,137,123,31,42,63,24,1,6648,,,321,303,1,528,3,1.0,1.0,4,11
2020-06-10,25,146,129,32,45,69,24,1,6816,,,322,304,1,530,2,1.0,1.0,6,20
2020-06-11,13,142,131,35,38,68,24,0,6839,,,322,304,1,534,6,1.0,1.0,5,16
2020-06-12,13,144,132,35,43,66,25,0,5678,,,323,304,1,537,3,1.0,1.0,9,10
2020-06-13,11,142,138,35,45,61,26,1,5054,,,324,305,1,537,2,1.0,1.0,9,11
2020-06-14,15,153,139,31,48,72,23,2,7569,,,324,307,1,538,1,1.0,0.0,13,20
2020-06-15,23,163,141,36,47,79,25,0,6581,,,327,307,1,545,7,1.0,0.0,10,21
2020-06-16,21,160,141,38,44,77,26,1,6824,,,330,308,1,548,4,1.0,0.0,8,23
2020-06-17,23,165,156,36,49,80,29,0,6514,,,333,308,1,550,3,1.0,0.0,14,20
2020-06-18,37,193,167,40,43,110,28,0,6784,,,336,308,1,555,6,1.0,0.0,10,42
2020-06-19,29,200,189,39,47,111,29,1,5734,,,337,309,1,559,6,1.0,0.0,15,30
2020-06-20,32,221,216,41,50,129,28,1,5022,,,337,310,1,563,4,1.0,0.0,9,30
2020-06-21,38,253,219,45,59,149,29,0,7744,,,338,310,0,569,9,0.0,0.0,23,34
2020-06-22,23,241,206,44,56,139,29,1,6877,,,339,311,0,571,5,0.0,0.0,15,29
2020-06-23,21,228,201,40,52,132,26,2,6529,,,340,313,0,573,4,1.0,0.0,9,26
2020-06-24,34,233,202,45,45,139,27,3,6553,,,341,316,0,578,6,1.0,0.0,4,30
2020-06-25,26,228,201,44,56,124,28,4,6644,,,343,320,0,583,5,1.0,1.0,22,24
2020-06-26,46,247,225,45,57,142,26,3,5490,,,343,323,0,589,8,1.0,1.0,18,48
2020-06-27,26,251,230,40,56,151,22,3,4985,,,343,326,0,590,1,0.0,2.0,11,30
2020-06-28,47,278,236,39,67,169,22,2,7517,,,346,328,0,594,4,0.0,2.0,22,42
2020-06-29,46,282,247,44,68,168,24,0,6878,,,347,328,0,599,7,0.0,2.0,14,41
2020-06-30,52,300,260,56,68,175,24,1,6548,,,348,329,0,611,16,0.0,2.0,15,46
2020-07-01,82,341,288,59,73,204,24,3,6341,,,351,332,0,618,10,0.0,2.0,24,72
2020-07-02,63,350,312,72,72,204,28,1,6707,,,358,333,0,638,23,0.0,2.0,29,66
2020-07-03,56,365,318,83,75,205,29,3,5633,,,361,336,0,646,13,0.0,1.0,19,45
2020-07-04,61,380,350,85,84,204,33,5,3784,,,367,341,0,655,11,0.0,1.0,24,52
2020-07-05,80,431,378,94,82,253,32,2,7343,,,373,343,0,668,16,0.0,2.0,24,76
2020-07-06,81,459,372,90,96,265,34,8,6638,,,376,351,0,675,8,2.0,2.0,31,67
2020-07-07,104,479,416,94,94,283,35,5,6402,,,378,356,1,691,22,2.0,3.0,34,109
2020-07-08,91,503,439,113,88,296,38,5,6453,,,383,361,1,714,27,2.0,3.0,31,93
2020-07-09,120,559,483,126,98,330,41,5,6591,,,389,366,0,746,34,2.0,4.0,44,114
2020-07-10,87,569,480,130,104,331,41,4,5592,,,390,370,1,760,14,2.0,4.0,27,79
2020-07-11,91,574,527,135,119,315,46,5,4821,,,395,375,0,778,19,2.0,4.0,37,76
2020-07-12,124,650,541,149,125,370,47,7,7501,,,398,382,0,805,33,3.0,4.0,44,117
2020-07-13,120,663,543,182,121,356,53,4,6724,,,408,386,0,848,51,3.0,5.0,48,106
2020-07-14,108,654,579,187,140,317,55,7,6632,,,412,393,0,880,35,3.0,5.0,56,97
2020-07-15,109,691,569,207,121,355,58,6,6494,,,418,399,1,917,48,3.0,5.0,41,105
2020-07-16,136,704,582,208,132,354,59,9,6554,,,426,408,1,945,36,3.0,5.0,60,127
2020-07-17,139,720,622,218,149,340,58,12,5363,,,429,420,1,971,27,3.0,6.0,34,101
2020-07-18,100,722,682,234,149,331,56,8,4930,,,429,428,1,999,32,2.0,7.0,28,81
2020-07-19,156,839,701,270,142,417,73,10,7485,,,445,438,1,1065,76,2.0,7.0,68,153
2020-07-20,145,843,700,264,148,414,78,12,6620,,,456,450,1,1103,41,2.0,8.0,59,125
2020-07-21,128,822,683,256,142,415,80,9,6556,,,464,459,1,1138,40,2.0,9.0,57,127
2020-07-22,136,815,713,284,138,386,79,6,6500,,,472,465,1,1192,62,3.0,9.0,53,119
2020-07-23,127,843,726,309,152,363,83,16,6798,,,481,481,1,1247,65,3.0,9.0,60,99
2020-07-24,104,828,739,327,152,339,86,8,5706,,,487,489,1,1282,44,3.0,10.0,38,78
2020-07-25,90,830,787,319,178,324,97,7,4947,,,500,496,1,1303,28,5.0,9.0,54,71
2020-07-26,125,906,784,309,197,390,98,10,7428,,,511,506,1,1339,44,6.0,9.0,64,121
2020-07-27,140,928,794,314,182,425,93,7,6609,,,519,513,1,1384,54,8.0,9.0,69,153
2020-07-28,125,917,797,320,185,402,92,8,6372,,,526,521,1,1430,53,9.0,9.0,66,111
2020-07-29,123,916,791,333,173,392,94,15,6247,,,535,536,1,1477,59,10.0,8.0,54,101
2020-07-30,94,885,765,316,172,381,99,15,5957,,,549,551,1,1511,39,10.0,10.0,63,99
2020-07-31,118,882,781,315,172,379,91,14,5784,,,553,565,1,1539,31,10.0,10.0,32,99
2020-08-01,107,888,819,335,165,374,91,14,4947,,,562,579,0,1583,53,9.0,10.0,57,102
2020-08-02,140,962,833,347,171,433,97,12,7322,,,570,591,0,1628,56,12.0,11.0,57,136
2020-08-03,110,953,803,326,147,454,91,15,6638,,,579,606,1,1668,44,14.0,12.0,48,136
2020-08-04,111,913,787,339,165,389,95,11,6745,,,583,617,0,1720,62,13.0,13.0,66,102
2020-08-05,141,919,791,352,165,390,102,10,6353,,,595,627,0,1754,41,13.0,13.0,42,113
2020-08-06,111,911,791,354,152,384,94,9,6439,,,603,636,2,1793,47,14.0,13.0,53,102
2020-08-07,120,906,823,364,159,367,101,12,5446,,,612,648,2,1832,47,14.0,12.0,53,104
2020-08-08,99,922,871,386,177,343,99,13,4537,,,616,661,2,1875,52,14.0,11.0,58,77
2020-08-09,146,1018,856,384,199,424,107,8,7231,,,629,669,2,1921,51,15.0,11.0,72,145
2020-08-10,104,960,819,390,183,370,107,15,6454,,,636,684,3,1957,51,16.0,11.0,55,84
2020-08-11,104,930,799,372,190,345,108,11,6784,,,640,695,1,2001,44,16.0,11.0,61,97
2020-08-12,110,904,769,370,171,341,105,16,6212,,,646,711,5,2040,47,17.0,11.0,49,97
2020-08-13,143,912,790,370,177,345,106,16,5980,,,658,727,3,2085,61,18.0,12.0,69,127
2020-08-14,117,908,814,369,179,344,101,12,4976,,,662,739,4,2122,45,17.0,13.0,52,99
2020-08-15,119,936,881,381,180,361,108,10,4338,,,671,749,3,2157,47,16.0,13.0,50,105
2020-08-16,136,1013,853,374,194,424,105,20,6799,,,681,769,6,2203,52,16.0,12.0,64,147
2020-08-17,106,964,835,392,182,376,107,4,5669,,,687,773,112,2251,62,17.0,14.0,58,94
2020-08-18,142,978,832,398,184,374,111,14,5812,,,696,787,121,2306,64,16.0,12.0,70,130
2020-08-19,112,951,840,380,177,367,110,12,5561,,,700,799,116,2338,43,17.0,13.0,63,109
2020-08-20,115,947,813,392,176,357,109,14,5837,,,709,813,117,2388,61,16.0,12.0,51,105
2020-08-21,129,947,860,397,169,355,109,13,4859,,,718,826,115,2422,49,17.0,12.0,50,101
2020-08-22,98,952,910,401,178,357,113,10,4228,,,727,836,120,2450,39,17.0,12.0,53,83
2020-08-23,132,1042,918,403,209,408,112,13,6501,,,738,849,119,2509,62,17.0,12.0,69,121
2020-08-24,129,1047,905,422,201,405,116,16,5683,,,751,865,124,2570,71,17.0,11.0,63,114
2020-08-25,117,1023,877,425,178,390,115,19,5789,,,758,884,123,2616,59,17.0,13.0,55,114
2020-08-26,165,1038,896,414,188,420,115,11,5676,,,767,895,122,2660,53,16.0,13.0,71,140
2020-08-27,137,1035,886,420,190,408,114,11,5724,,,773,906,123,2712,64,15.0,13.0,66,119
2020-08-28,106,999,893,416,201,357,110,13,4944,,,778,919,120,2754,56,15.0,13.0,66,90
2020-08-29,99,984,936,434,194,343,115,5,4437,,,784,924,126,2788,45,16.0,13.0,39,75
2020-08-30,170,1105,952,451,210,420,124,14,6685,,,793,938,133,2842,67,14.0,12.0,59,144
2020-08-31,156,1118,937,431,206,447,118,23,6011,,,800,961,128,2892,65,14.0,12.0,74,149
2020-09-01,126,1057,907,412,197,414,115,15,6663,,,809,976,125,2928,50,13.0,13.0,69,123
2020-09-02,126,1032,900,417,169,415,119,13,6178,,,823,989,125,2979,67,13.0,13.0,44,130
2020-09-03,143,1046,891,407,160,431,114,16,6132,,,829,1005,118,3012,43,13.0,13.0,47,126
2020-09-04,130,1021,917,422,147,421,118,12,5023,,,836,1017,123,3067,64,13.0,14.0,50,108
2020-09-05,122,1039,982,442,148,412,124,15,4582,,,850,1032,133,3118,66,14.0,14.0,49,103
2020-09-06,178,1154,983,459,185,480,130,12,6866,,,859,1044,137,3177,80,14.0,15.0,84,154
2020-09-07,167,1153,1008,461,183,469,131,17,6184,,,869,1061,138,3229,64,13.0,15.0,54,142
2020-09-08,168,1172,1005,461,187,492,139,20,6067,,,878,1081,145,3282,64,14.0,14.0,73,148
2020-09-09,178,1187,1038,489,189,472,137,15,6022,,,887,1096,151,3363,92,17.0,15.0,80,144
2020-09-10,177,1214,1070,495,196,490,136,14,5986,,,896,1110,153,3422,75,19.0,15.0,74,157
2020-09-11,152,1218,1065,493,203,487,129,20,5159,,,902,1130,142,3474,59,17.0,15.0,63,137
2020-09-12,148,1219,1132,514,206,467,130,15,4702,,,911,1145,139,3536,78,18.0,16.0,60,120
2020-09-13,208,1344,1160,518,234,554,132,17,6992,,,920,1162,152,3605,80,17.0,16.0,98,186
2020-09-14,214,1378,1175,527,235,576,131,20,6126,,,931,1182,146,3672,80,17.0,16.0,92,190
2020-09-15,198,1383,1209,525,232,575,130,16,6117,,,941,1198,144,3740,83,18.0,17.0,81,182
2020-09-16,210,1417,1225,531,270,564,134,26,6190,,,952,1224,143,3820,99,16.0,16.0,115,188
2020-09-17,221,1445,1234,575,247,578,139,17,6129,,,969,1241,166,3918,121,16.0,18.0,73,194
2020-09-18,199,1452,1295,591,255,547,142,21,5016,,,983,1262,156,3992,103,16.0,18.0,94,166
2020-09-19,159,1429,1303,613,250,529,146,28,4477,,,997,1290,164,4068,84,16.0,18.0,75,125
2020-09-20,220,1530,1402,632,242,619,156,21,5141,,,1010,1311,169,4146,95,16.0,20.0,79,206
2020-09-21,224,1621,1351,654,276,647,160,32,6579,,,1027,1343,176,4251,124,15.0,21.0,114,201
2020-09-22,245,1616,1394,636,293,625,158,25,5853,,,1044,1368,183,4336,99,12.0,23.0,116,208
2020-09-23,244,1634,1423,669,267,638,151,25,5659,,,1051,1393,169,4433,127,12.0,24.0,103,204
2020-09-24,260,1683,1437,674,275,650,150,31,5817,,,1066,1424,201,4531,116,15.0,24.0,98,212
2020-09-25,236,1684,1495,709,255,651,164,29,4881,,,1084,1453,208,4641,132,17.0,26.0,78,199
2020-09-26,216,1702,1565,721,285,639,179,27,4698,,,1110,1480,222,4730,105,17.0,27.0,108,175
2020-09-27,280,1836,1611,740,285,761,187,31,5438,,,1135,1511,228,4850,131,17.0,27.0,87,265
2020-09-28,181,1800,1700,764,302,671,186,29,3949,,,1149,1540,222,4930,101,17.0,28.0,102,151
2020-09-29,282,1967,1616,806,310,782,195,35,6749,,,1164,1575,248,5056,145,17.0,28.0,99,265
2020-09-30,268,1911,1631,824,287,716,198,37,5535,,,1185,1612,251,5183,142,16.0,29.0,103,222
2020-10-01,264,1884,1634,814,302,678,183,46,5782,,,1199,1658,240,5303,138,14.0,31.0,131,225
2020-10-02,224,1848,1652,848,294,652,193,25,4620,,,1214,1683,251,5402,126,12.0,33.0,90,186
2020-10-03,188,1835,1713,843,330,600,205,38,4016,,,1237,1721,260,5486,101,13.0,32.0,110,137
2020-10-04,262,1965,1685,897,351,655,209,37,5635,,,1256,1758,264,5614,161,13.0,34.0,126,210
2020-10-05,220,1928,1722,871,338,653,209,27,5184,,,1274,1785,270,5718,117,15.0,35.0,123,218
2020-10-06,218,1925,1640,855,353,656,210,45,5320,,,1290,1830,276,5803,101,14.0,35.0,111,188
2020-10-07,218,1868,1676,849,329,631,216,26,5362,,,1315,1856,281,5896,107,14.0,36.0,113,192
2020-10-08,185,1859,1575,839,337,602,216,47,5532,,,1340,1903,282,5989,118,12.0,34.0,123,169
2020-10-09,185,1748,1573,831,293,560,218,40,5091,,,1353,1943,270,6066,87,12.0,35.0,89,142
2020-10-10,150,1725,1626,812,294,566,217,35,4445,,,1372,1978,276,6122,69,13.0,37.0,79,126
2020-10-11,248,1862,1591,807,324,668,214,45,6337,,,1394,2023,275,6223,122,12.0,36.0,117,219
2020-10-12,189,1785,1547,798,306,624,210,30,5332,,,1412,2053,274,6290,85,14.0,37.0,92,146
2020-10-13,134,1688,1463,765,277,584,223,37,4708,,,1431,2090,285,6358,81,16.0,38.0,90,145
2020-10-14,152,1624,1397,724,252,572,214,34,4944,,,1442,2124,267,6428,83,19.0,37.0,74,146
2020-10-15,146,1542,1316,701,244,526,204,32,5401,,,1454,2156,268,6487,76,17.0,38.0,77,123
2020-10-16,105,1421,1281,658,228,465,217,35,4409,,,1471,2191,264,6528,57,18.0,36.0,72,90
2020-10-17,72,1334,1264,645,187,456,219,32,3956,,,1479,2223,256,6568,48,16.0,35.0,36,78
2020-10-18,134,1388,1190,665,226,444,223,33,6465,,,1511,2256,243,6648,111,17.0,35.0,95,126
2020-10-19,127,1332,1171,647,191,431,224,31,5422,,,1524,2287,258,6706,73,16.0,33.0,55,111
2020-10-20,108,1274,1137,624,185,412,225,20,5283,,,1538,2307,265,6745,54,18.0,33.0,58,91
2020-10-21,95,1232,1095,603,180,403,223,25,5236,,,1555,2332,258,6786,56,21.0,31.0,57,86
2020-10-22,78,1172,1028,587,176,357,212,29,5545,,,1562,2361,245,6826,54,22.0,29.0,47,61
2020-10-23,82,1113,1015,558,166,338,206,26,4487,,,1577,2387,235,6858,38,22.0,29.0,38,71
2020-10-24,86,1088,1039,539,160,343,203,26,4169,,,1591,2413,232,6888,41,22.0,28.0,38,69
2020-10-25,81,1109,951,510,169,376,189,34,5821,,,1602,2447,236,6913,44,22.0,27.0,50,82
2020-10-26,76,1031,895,491,148,340,199,28,5486,,,1610,2475,227,6948,50,22.0,27.0,37,67
2020-10-27,76,962,859,479,142,295,192,28,5505,,,1621,2503,215,6985,45,22.0,26.0,44,57
2020-10-28,66,922,838,464,142,290,187,10,5516,,,1626,2513,211,7012,38,22.0,28.0,49,73
2020-10-29,55,889,760,446,125,284,185,19,5602,,,1635,2532,205,7031,30,21.0,25.0,29,53
2020-10-30,53,827,754,428,110,245,182,12,1100,,,1638,2544,201,7045,25,21.0,24.0,24,40
2020-10-31,53,794,765,410,110,240,170,25,692,,,1642,2569,186,7067,29,19.0,22.0,33,43
2020-11-01,64,823,721,400,133,264,168,19,5622,,,1649,2588,190,7096,40,19.0,22.0,46,52
2020-11-02,56,788,718,401,106,240,169,15,5445,,,1656,2603,198,7126,44,19.0,20.0,31,47
2020-11-03,61,773,677,383,113,230,162,26,5362,,,1665,2629,188,7155,43,19.0,18.0,42,51
2020-11-04,60,733,661,356,112,231,150,15,4854,,,1671,2644,181,7173,22,19.0,18.0,33,51
2020-11-05,60,719,637,333,112,244,148,14,5150,,,1677,2658,175,7186,18,18.0,18.0,32,66
2020-11-06,57,697,642,318,109,240,134,16,4261,,,1680,2674,157,7207,26,19.0,18.0,29,49
2020-11-07,33,669,640,326,102,228,141,8,3958,,,1685,2682,158,7226,27,18.0,18.0,14,26
2020-11-08,60,704,648,339,106,240,141,7,6109,,,1690,2689,166,7252,37,17.0,16.0,23,48
2020-11-09,56,707,646,333,104,248,136,8,5526,,,1692,2697,162,7271,23,17.0,14.0,25,50
2020-11-10,47,697,618,310,113,252,132,10,5381,,,1694,2707,155,7288,23,16.0,13.0,34,43
2020-11-11,55,677,609,309,114,226,135,7,5443,,,1706,2714,155,7316,35,13.0,11.0,29,41
2020-11-12,56,659,589,306,112,219,129,12,5753,,,1714,2726,144,7342,31,12.0,10.0,32,45
2020-11-13,44,641,610,292,112,217,121,5,5134,,,1718,2731,142,7362,25,11.0,9.0,35,40
2020-11-14,56,659,630,292,114,231,122,11,4727,,,1722,2742,141,7379,24,11.0,8.0,19,41
2020-11-15,70,696,614,312,111,257,123,14,6668,,,1725,2756,146,7407,38,11.0,8.0,22,53
2020-11-16,65,691,623,318,93,249,115,9,6090,,,1730,2765,139,7440,38,11.0,9.0,22,55
2020-11-17,55,672,602,319,96,231,123,12,6333,,,1737,2777,139,7463,35,13.0,9.0,31,34
2020-11-18,60,655,604,313,93,225,122,7,6107,,,1745,2784,140,7489,29,13.0,10.0,24,49
2020-11-19,79,679,612,321,88,247,120,8,6632,,,1751,2792,137,7516,31,13.0,10.0,24,61
2020-11-20,55,676,636,316,83,242,119,6,4905,,,1755,2798,143,7533,21,13.0,9.0,21,43
2020-11-21,47,671,630,310,95,240,115,12,4335,,,1760,2810,135,7557,26,12.0,9.0,28,34
2020-11-22,53,681,587,305,97,252,113,16,6868,,,1763,2826,132,7584,35,11.0,9.0,23,56
2020-11-23,63,664,584,292,94,253,111,7,6442,,,1766,2833,125,7611,34,10.0,10.0,37,58
2020-11-24,47,631,561,281,85,234,108,5,6154,,,1770,2838,125,7631,22,9.0,9.0,24,41
2020-11-25,79,635,586,293,82,242,108,5,4618,,,1773,2843,121,7658,35,9.0,8.0,23,58
2020-11-26,68,654,578,281,85,250,108,9,4894,,,1780,2852,114,7678,29,8.0,8.0,32,47
2020-11-27,37,614,565,280,74,233,107,7,4726,,,1787,2859,114,7704,31,8.0,8.0,21,26
2020-11-28,48,609,579,267,83,234,98,9,4434,,,1788,2868,107,7718,15,8.0,8.0,22,33
2020-11-29,84,658,573,276,86,270,94,10,6905,,,1789,2878,105,7748,37,9.0,8.0,25,66
2020-11-30,97,676,595,271,86,279,88,6,6253,,,1791,2884,103,7778,32,8.0,7.0,31,70
2020-12-01,93,687,609,280,89,283,81,10,6507,,,1794,2894,100,7821,53,7.0,7.0,32,60
2020-12-02,83,687,619,292,106,263,85,5,6181,,,1802,2899,99,7859,48,7.0,8.0,49,61
2020-12-03,91,705,617,309,101,266,83,10,6392,,,1810,2909,106,7902,51,6.0,8.0,30,58
2020-12-04,102,725,645,325,97,273,92,9,5318,,,1820,2918,114,7940,44,6.0,8.0,37,71
2020-12-05,76,721,675,331,92,271,86,10,4540,,,1822,2928,107,7969,36,6.0,8.0,31,54
2020-12-06,83,753,652,344,95,289,83,8,6940,,,1827,2936,116,8003,41,5.0,8.0,32,65
2020-12-07,89,749,665,337,103,284,84,7,6419,,,1830,2943,113,8039,43,5.0,8.0,55,62
2020-12-08,96,762,671,327,120,280,89,12,6183,,,1841,2955,114,8066,31,5.0,8.0,49,68
2020-12-09,103,773,682,324,114,293,90,13,6125,,,1850,2968,112,8101,41,5.0,8.0,38,72
2020-12-10,110,798,699,322,132,299,95,13,6428,,,1861,2981,111,8135,42,5.0,9.0,54,80
2020-12-11,106,800,728,340,111,309,98,11,5141,,,1868,2992,113,8185,55,5.0,10.0,28,69
2020-12-12,87,810,763,345,124,304,101,16,4486,,,1875,3008,119,8222,47,6.0,10.0,36,59
2020-12-13,129,886,788,381,140,336,99,9,6992,,,1885,3017,116,8280,69,6.0,11.0,48,79
2020-12-14,145,940,824,388,156,343,95,11,6590,,,1891,3028,120,8331,57,7.0,11.0,59,89
2020-12-15,132,965,849,395,177,339,98,15,6032,,,1904,3043,119,8384,59,6.0,12.0,70,73
2020-12-16,120,960,857,406,180,326,102,15,5646,,,1915,3058,127,8440,64,7.0,12.0,63,77
2020-12-17,144,996,888,432,164,344,105,17,5900,,,1923,3075,130,8509,77,6.0,12.0,49,95
2020-12-18,128,1017,906,452,150,367,102,16,5128,,,1931,3091,129,8565,66,6.0,13.0,47,91
2020-12-19,131,1041,979,465,152,371,110,20,4713,,,1946,3111,144,8623,68,6.0,14.0,45,83
2020-12-20,151,1123,987,470,186,420,107,18,7157,,,1955,3129,146,8682,70,8.0,14.0,71,105
2020-12-21,142,1136,1014,487,199,404,109,16,6373,,,1965,3145,151,8747,77,7.0,16.0,76,89
2020-12-22,174,1187,1053,511,179,441,112,13,5896,,,1978,3158,148,8822,89,7.0,16.0,61,127
2020-12-23,160,1220,1068,515,210,421,116,25,5726,,,1991,3183,148,8891,83,7.0,16.0,87,102
2020-12-24,154,1220,1080,526,202,430,125,15,5775,,,2004,3198,153,8961,83,10.0,17.0,73,101
2020-12-25,194,1267,1159,552,202,432,136,21,5012,,,2025,3219,174,9041,91,11.0,17.0,68,115
2020-12-26,154,1307,1224,576,201,465,130,23,4391,,,2034,3242,167,9114,85,12.0,18.0,52,114
2020-12-27,195,1412,1218,611,243,498,147,21,6569,,,2055,3263,184,9194,99,12.0,18.0,98,121
2020-12-28,183,1425,1234,615,207,504,144,32,5919,,,2068,3295,186,9283,99,12.0,19.0,73,141
2020-12-29,199,1433,1266,640,197,515,157,25,5866,,,2091,3320,200,9371,109,12.0,21.0,77,148
2020-12-30,185,1448,1297,661,210,499,154,16,5937,,,2104,3336,205,9464,108,13.0,23.0,81,138
2020-12-31,226,1514,1335,707,200,505,163,36,5788,,,2124,3372,221,9572,125,12.0,21.0,59,135
2021-01-01,218,1542,1405,734,200,529,164,34,5344,,,2140,3406,225,9673,113,13.0,24.0,75,141
2021-01-02,168,1557,1476,740,225,533,176,27,4783,,,2161,3433,219,9746,85,13.0,26.0,95,120
2021-01-03,279,1740,1516,800,262,618,191,26,7009,,,2190,3459,255,9857,135,18.0,27.0,105,189
2021-01-04,263,1807,1580,835,280,593,199,38,6210,,,2210,3497,260,9981,147,18.0,28.0,130,155
2021-01-05,282,1866,1644,869,267,631,209,23,6129,,,2232,3520,273,10122,157,21.0,28.0,96,194
2021-01-06,275,1908,1691,914,261,622,217,43,5935,,,2255,3563,273,10253,158,21.0,28.0,99,172
2021-01-07,268,1965,1730,922,279,644,220,48,6130,,,2283,3611,280,10373,146,20.0,32.0,121,185
2021-01-08,263,1981,1795,933,275,653,219,46,4958,,,2298,3657,292,10488,129,21.0,34.0,84,175
2021-01-09,226,2003,1898,997,279,653,232,20,4737,,,2320,3677,296,10605,146,21.0,35.0,100,161
2021-01-10,323,2198,1901,1069,311,713,238,43,7228,,,2341,3720,303,10736,165,20.0,34.0,116,220
2021-01-11,290,2232,1974,1083,327,702,260,28,6909,,,2365,3748,318,10885,176,21.0,37.0,133,198
2021-01-12,277,2242,1977,1073,301,719,248,55,6643,,,2384,3803,313,11019,157,20.0,35.0,124,197
2021-01-13,286,2251,2012,1096,320,685,259,57,6435,,,2416,3860,317,11174,178,24.0,40.0,127,172
2021-01-14,275,2270,1989,1141,325,675,261,59,6395,,,2443,3919,329,11319,181,25.0,42.0,122,165
2021-01-15,285,2294,2085,1163,299,706,260,52,4005,,,2468,3971,324,11448,161,25.0,44.0,103,192
2021-01-16,227,2280,2142,1184,289,710,259,47,3627,,,2493,4018,316,11551,128,24.0,44.0,78,158
2021-01-17,345,2480,2102,1195,348,795,269,56,6657,,,2516,4074,343,11714,181,26.0,48.0,150,252
2021-01-18,278,2419,2101,1176,326,757,268,46,5902,,,2545,4120,345,11849,162,25.0,50.0,124,212
2021-01-19,283,2373,2069,1190,324,703,284,43,5692,,,2580,4163,364,11997,192,27.0,53.0,135,188
2021-01-20,258,2323,2021,1180,314,673,287,57,5372,,,2607,4220,374,12123,146,28.0,51.0,111,183
2021-01-21,267,2273,1978,1157,309,665,299,47,5980,,,2634,4267,387,12253,159,25.0,51.0,126,179
2021-01-22,253,2233,1994,1148,301,635,309,65,5128,,,2660,4332,395,12374,145,24.0,49.0,96,166
2021-01-23,220,2195,2052,1175,295,618,299,52,4603,,,2683,4384,406,12500,143,27.0,51.0,83,145
2021-01-24,288,2315,1974,1183,329,689,319,75,6755,,,2718,4459,396,12627,153,33.0,52.0,120,202
2021-01-25,251,2276,1959,1175,303,637,228,60,6178,,,2738,4519,392,12787,185,33.0,55.0,121,178
2021-01-26,262,2203,1926,1185,262,610,299,53,5891,,,2767,4572,401,12932,171,35.0,57.0,96,165
2021-01-27,233,2149,1895,1159,265,582,291,61,5885,,,2791,4633,395,13054,141,32.0,58.0,101,151
2021-01-28,233,2126,1888,1175,252,580,314,49,6064,,,2820,4682,401,13181,150,34.0,59.0,92,166
2021-01-29,205,2094,1894,1145,244,591,314,45,4560,,,2844,4727,420,13274,114,35.0,59.0,85,166
2021-01-30,165,2039,1932,1145,226,573,295,38,4231,,,2857,4765,388,13362,106,36.0,56.0,66,130
2021-01-31,265,2175,1877,1151,276,653,299,51,6876,,,2875,4816,394,13482,142,40.0,54.0,118,200
2021-02-01,265,2198,1939,1130,270,638,307,46,6378,,,2898,4862,398,13604,148,37.0,51.0,94,159
2021-02-02,249,2174,1887,1103,313,611,310,61,6521,,,2929,4923,412,13728,148,38.0,49.0,130,186
2021-02-03,249,2129,1848,1134,297,565,321,57,6406,,,2952,4980,402,13872,182,41.0,50.0,98,159
2021-02-04,225,2073,1771,1117,285,540,323,48,6351,,,2981,5028,393,13993,152,38.0,49.0,109,155
2021-02-05,208,1987,1797,1123,240,487,328,34,5197,,,3003,5062,393,14109,143,39.0,49.0,67,137
2021-02-06,198,1955,1836,1129,229,488,324,51,4907,,,3024,5113,408,14196,113,38.0,47.0,65,134
2021-02-07,250,2066,1775,1148,282,543,320,44,7227,,,3040,5157,410,14309,141,37.0,49.0,117,162
2021-02-08,238,2079,1809,1117,293,529,301,30,6342,,,3055,5187,404,14440,151,38.0,48.0,121,169
2021-02-09,187,1972,1701,1064,280,491,302,42,6538,,,3079,5229,388,14530,112,40.0,46.0,98,136
2021-02-10,229,1933,1693,1049,256,495,303,32,6386,,,3094,5261,389,14645,141,39.0,43.0,90,161
2021-02-11,197,1872,1631,1007,246,500,303,30,6659,,,3117,5291,374,14725,106,42.0,40.0,84,159
2021-02-12,173,1779,1607,969,233,477,294,41,5373,,,3132,5332,364,14797,88,42.0,37.0,85,128
2021-02-13,158,1760,1667,978,224,469,297,29,4930,,,3150,5361,375,14882,117,42.0,38.0,69,106
2021-02-14,209,1841,1584,1023,246,497,298,37,7406,,,3167,5398,362,14993,142,41.0,35.0,88,140
2021-02-15,203,1846,1613,1001,236,489,284,16,6669,,,3185,5414,373,15098,127,39.0,34.0,91,152
2021-02-16,189,1786,1579,949,219,506,279,42,6508,,,3194,5456,349,15171,93,41.0,32.0,75,163
2021-02-17,177,1725,1531,951,216,484,294,27,5384,,,3217,5483,357,15258,101,43.0,32.0,75,145
2021-02-18,147,1694,1436,898,208,479,280,35,6024,,,3234,5518,334,15326,82,41.0,31.0,67,138
2021-02-19,142,1593,1460,834,199,444,283,22,5097,,,3248,5540,344,15380,66,44.0,32.0,63,127
2021-02-20,131,1543,1476,820,196,453,272,26,4714,,,3251,5566,325,15438,70,41.0,29.0,68,131
2021-02-21,176,1632,1357,814,231,520,264,25,7273,,,3263,5591,320,15503,87,41.0,29.0,94,162
2021-02-22,174,1575,1381,808,223,447,257,15,6543,,,3277,5606,320,15595,108,40.0,27.0,86,139
2021-02-23,186,1546,1338,795,194,452,249,35,6463,,,3290,5641,305,15680,104,39.0,27.0,62,159
2021-02-24,166,1501,1274,785,187,428,246,27,6553,,,3304,5668,296,15759,98,37.0,26.0,61,136
2021-02-25,162,1456,1282,750,184,409,243,23,6653,,,3319,5691,293,15830,95,37.0,26.0,75,140
2021-02-26,154,1399,1281,741,174,403,235,22,5748,,,3326,5713,294,15891,82,36.0,24.0,60,131
2021-02-27,151,1418,1336,737,193,414,232,30,5325,,,3338,5743,293,15944,68,35.0,24.0,63,127
2021-02-28,174,1497,1279,747,214,464,232,21,7885,,,3358,5764,283,16004,90,35.0,25.0,91,165
2021-03-01,174,1496,1298,733,205,453,229,18,6968,,,3371,5782,267,16099,109,33.0,24.0,75,167
2021-03-02,162,1454,1292,703,202,449,218,21,6951,,,3380,5803,259,16173,90,35.0,25.0,84,151
2021-03-03,131,1403,1221,719,194,407,209,17,6807,,,3388,5820,253,16260,107,38.0,23.0,70,111
2021-03-04,171,1399,1181,710,182,417,215,17,6771,,,3399,5837,258,16331,89,36.0,21.0,65,142
2021-03-05,134,1324,1190,669,169,381,211,18,5817,,,3415,5855,258,16398,78,36.0,20.0,65,114
2021-03-06,126,1275,1213,696,160,346,219,20,5375,,,3426,5875,262,16476,99,36.0,20.0,53,95
2021-03-07,163,1350,1176,707,196,394,214,16,7864,,,3439,5891,264,16525,72,35.0,18.0,72,144
2021-03-08,149,1365,1183,678,205,381,212,21,7314,,,3449,5912,263,16608,92,35.0,18.0,90,129
2021-03-09,129,1290,1131,666,175,372,207,15,7359,,,3457,5927,253,16649,63,35.0,18.0,57,117
2021-03-10,127,1273,1134,648,177,354,202,17,7177,,,3463,5944,245,16714,78,37.0,17.0,64,103
2021-03-11,113,1220,1057,638,161,354,198,18,7361,,,3474,5962,253,16764,65,39.0,17.0,41,105
2021-03-12,101,1170,1074,615,145,328,209,12,5834,,,3490,5974,254,16823,67,41.0,17.0,46,85
2021-03-13,114,1156,1099,608,152,337,207,16,5399,,,3499,5990,258,16861,52,41.0,17.0,44,93
2021-03-14,125,1207,1022,632,180,345,214,26,8099,,,3516,6016,269,16922,82,39.0,16.0,60,92
2021-03-15,103,1169,1029,594,158,328,209,17,7608,,,3522,6033,255,16970,61,41.0,17.0,45,101
2021-03-16,89,1098,960,586,158,290,203,16,7171,,,3529,6049,269,17024,62,41.0,17.0,58,74
2021-03-17,92,1056,943,556,138,301,200,14,7266,,,3536,6063,254,17058,47,40.0,17.0,39,88
2021-03-18,94,1023,901,565,143,272,200,9,7348,,,3540,6072,245,17112,64,39.0,17.0,46,82
2021-03-19,70,980,892,548,120,249,202,12,6124,,,3550,6084,238,17154,47,39.0,15.0,32,67
2021-03-20,79,955,915,533,137,237,204,7,5794,,,3558,6091,244,17187,39,37.0,15.0,44,63
2021-03-21,85,985,840,548,131,270,206,14,8339,,,3568,6105,247,17227,51,35.0,14.0,30,89
2021-03-22,63,938,832,506,113,250,207,13,7593,,,3572,6118,242,17251,33,36.0,12.0,38,67
2021-03-23,56,867,807,494,99,213,200,14,6526,,,3581,6132,245,17286,41,37.0,12.0,27,42
2021-03-24,70,856,763,475,114,231,208,10,7357,,,3593,6142,233,17317,44,34.0,11.0,45,72
2021-03-25,71,830,724,479,98,212,207,9,7354,,,3604,6151,243,17351,50,34.0,11.0,30,60
2021-03-26,33,761,688,452,74,179,202,11,5772,,,3605,6162,232,17371,30,34.0,11.0,19,36
2021-03-27,31,699,678,437,64,162,201,6,4638,,,3610,6168,227,17382,15,34.0,11.0,11,32
2021-03-28,41,695,673,443,68,155,204,13,5866,,,3617,6181,230,17404,26,34.0,11.0,15,31
2021-03-29,62,731,646,435,86,182,198,11,8308,,,3622,6192,227,17419,19,35.0,10.0,28,49
2021-03-30,40,706,636,393,81,174,192,13,7508,,,3628,6205,214,17434,21,30.0,10.0,33,42
2021-03-31,32,637,580,382,64,157,197,14,7337,,,3636,6219,220,17450,24,31.0,10.0,16,29
2021-04-01,31,609,546,368,55,153,186,8,7532,,,3638,6227,206,17462,19,32.0,11.0,13,31
2021-04-02,34,575,547,333,62,138,173,15,5757,,,3638,6242,189,17470,13,31.0,10.0,22,30
2021-04-03,22,549,531,336,58,136,168,7,5144,,,3641,6249,188,17482,17,30.0,11.0,4,26
2021-04-04,33,559,500,330,57,154,172,8,8281,,,3644,6257,189,17494,17,27.0,11.0,18,40
2021-04-05,34,542,512,309,56,146,167,6,7824,,,3650,6263,189,17506,15,25.0,10.0,22,36
2021-04-06,31,530,487,301,54,155,154,8,7226,,,3652,6271,180,17516,13,25.0,10.0,14,34
2021-04-07,30,515,459,288,55,146,148,9,7613,,,3654,6280,167,17528,17,25.0,9.0,15,31
2021-04-08,30,491,451,267,46,146,143,9,7813,,,3657,6289,160,17537,13,24.0,8.0,12,32
2021-04-09,25,460,435,256,53,122,137,10,6403,,,3660,6299,159,17550,21,24.0,8.0,18,21
2021-04-10,24,444,423,248,56,121,136,9,5333,,,3667,6308,151,17556,12,25.0,8.0,15,20
2021-04-11,22,440,393,245,50,131,129,6,8204,,,3668,6314,151,17566,16,25.0,8.0,8,35
2021-04-12,34,429,393,240,45,119,123,6,7364,,,3672,6320,140,17576,14,23.0,8.0,15,23
2021-04-13,17,406,365,221,45,105,114,13,7271,,,3674,6333,127,17587,15,21.0,8.0,14,16
2021-04-14,13,374,337,202,44,104,116,3,6862,,,3676,6336,125,17589,3,21.0,8.0,9,17
2021-04-15,17,349,333,186,45,95,114,3,6465,,,3677,6339,120,17591,4,21.0,8.0,11,13
2021-04-16,18,340,324,181,43,100,112,5,7028,,,3678,6344,120,17596,8,21.0,7.0,7,20
2021-04-17,16,335,324,177,44,100,110,7,6159,,,3680,6351,115,17600,7,21.0,6.0,7,19
2021-04-18,23,343,312,182,44,106,105,4,9349,,,3681,6355,110,17612,14,20.0,6.0,8,21
2021-04-19,12,330,287,173,47,90,103,3,8148,,,3683,6358,104,17621,12,19.0,5.0,14,11
2021-04-20,22,309,284,159,40,85,98,4,8239,,,3683,6362,100,17625,5,17.0,5.0,7,15
2021-04-21,10,285,258,155,36,78,92,2,7989,,,3683,6364,97,17631,8,15.0,4.0,6,13
2021-04-22,11,270,244,147,36,76,90,2,7986,,,3683,6366,95,17633,5,14.0,4.0,10,14
2021-04-23,6,249,241,145,22,72,87,5,6450,,,3683,6371,90,17639,8,14.0,3.0,2,10
2021-04-24,8,242,238,138,26,70,85,4,5996,,,3685,6375,89,17641,3,14.0,3.0,5,8
2021-04-25,16,250,229,138,29,79,79,1,9148,,,3685,6376,87,17642,5,14.0,3.0,5,14
2021-04-26,12,243,227,137,23,68,75,3,7932,,,3686,6379,79,17652,13,13.0,3.0,4,11
2021-04-27,9,229,202,130,20,65,66,6,7924,,,3686,6385,74,17654,4,11.0,3.0,2,8
2021-04-28,8,219,195,122,23,60,67,0,7637,,,3687,6385,74,17654,3,8.0,3.0,7,10
2021-04-29,9,209,192,107,26,62,61,2,7787,,,3689,6387,64,17655,4,8.0,3.0,10,12
2021-04-30,5,190,182,103,31,49,63,2,6628,,,3690,6389,64,17658,6,8.0,3.0,10,6
2021-05-01,10,188,188,104,30,49,61,2,5777,,,3690,6391,65,17660,5,8.0,2.0,2,7
2021-05-02,9,193,180,99,39,51,59,1,9199,,,3691,6392,60,17663,4,8.0,2.0,11,7
2021-05-03,10,190,173,94,34,54,61,3,8064,,,3693,6395,63,17666,6,8.0,2.0,6,13
2021-05-04,12,185,175,89,32,56,53,2,8112,,,3693,6397,55,17667,4,7.0,2.0,4,11
2021-05-05,8,180,163,88,32,55,53,2,8209,,,3694,6399,55,17669,3,6.0,1.0,3,8
2021-05-06,3,163,156,81,28,47,52,2,8161,,,3694,6401,53,17670,2,6.0,2.0,4,5
2021-05-07,13,167,158,79,22,58,49,2,6935,,,3694,6403,50,17670,2,5.0,2.0,1,14
2021-05-08,4,157,157,79,26,51,48,1,6028,,,3694,6404,49,17672,4,5.0,2.0,5,5
2021-05-09,7,164,147,75,29,55,48,1,9259,,,3694,6405,49,17672,1,5.0,1.0,4,8
2021-05-10,4,156,140,70,27,51,45,2,8022,,,3694,6407,46,17673,1,4.0,1.0,2,7
2021-05-11,8,144,134,70,25,47,42,1,7873,,,3694,6408,44,17673,3,4.0,1.0,1,9
2021-05-12,5,140,131,64,29,44,40,1,6821,,,3694,6409,42,17673,0,4.0,1.0,6,6
2021-05-13,8,139,125,57,26,49,38,2,6729,,,3694,6411,40,17674,1,4.0,1.0,1,10
2021-05-14,5,128,124,59,24,44,38,0,5890,,,3694,6411,40,17675,3,4.0,1.0,3,6
2021-05-15,5,126,125,58,25,41,39,1,5176,,,3695,6412,40,17675,2,4.0,1.0,4,4
2021-05-16,3,126,122,60,23,40,38,1,7009,,,3695,6413,41,17677,4,4.0,1.0,1,3
2021-05-17,4,125,121,57,22,41,38,3,5688,,,3695,6416,40,17677,1,4.0,1.0,1,4
2021-05-18,6,127,115,53,25,47,37,0,7823,,,3695,6416,38,17677,2,4.0,1.0,4,7
2021-05-19,9,124,119,52,21,49,37,1,7290,,,3695,6417,38,17679,2,4.0,1.0,2,8
2021-05-20,8,131,117,56,19,50,39,0,7646,,,3697,6417,40,17683,5,4.0,1.0,0,9
2021-05-21,7,121,117,51,21,45,38,2,6524,,,3698,6419,38,17683,0,3.0,0.0,4,5
2021-05-22,1,113,110,51,21,39,38,0,5632,,,3698,6419,39,17683,1,3.0,1.0,1,1
2021-05-23,6,115,105,52,20,38,38,1,8932,,,3699,6420,39,17685,2,4.0,1.0,0,5
2021-05-24,4,111,107,51,21,36,36,1,8057,,,3699,6421,38,17685,2,3.0,1.0,2,5
2021-05-25,10,115,108,47,23,39,35,1,8243,,,3699,6422,37,17685,0,3.0,0.0,3,9
2021-05-26,5,114,103,44,26,35,32,0,8071,,,3699,6422,35,17685,0,3.0,0.0,3,5
2021-05-27,4,104,95,42,24,33,31,2,8327,,,3699,6424,33,17686,2,3.0,0.0,2,4
2021-05-28,3,98,93,40,20,36,31,1,6997,,,3699,6425,33,17687,1,3.0,1.0,1,8
2021-05-29,1,92,90,40,21,29,31,0,6202,,,3699,6425,32,17687,0,3.0,0.0,2,2
2021-05-30,5,94,88,40,20,33,30,0,9418,,,3699,6425,31,17688,1,3.0,0.0,0,6
2021-05-31,4,94,88,40,19,30,32,0,7926,,,3701,6425,32,17689,1,3.0,0.0,1,2
2021-06-01,7,96,84,40,18,36,26,2,8537,,,3701,6427,30,17690,3,2.0,0.0,1,10
2021-06-02,5,90,88,35,17,32,26,0,8353,,,3701,6427,27,17691,1,2.0,0.0,0,6
2021-06-03,1,83,77,35,18,28,26,1,7303,,,3702,6428,27,17692,1,2.0,0.0,2,1
2021-06-04,3,84,80,34,16,30,24,0,7034,,,3702,6428,26,17692,1,2.0,0.0,2,5
2021-06-05,4,81,78,33,16,31,24,1,6406,,,3702,6429,25,17692,1,2.0,0.0,2,4
2021-06-06,3,84,77,35,14,34,24,0,9850,,,3702,6429,25,17692,3,2.0,0.0,1,6
2021-06-07,2,79,73,31,12,32,19,1,8681,,,3702,6430,22,17692,0,2.0,0.0,1,4
2021-06-08,3,78,69,30,12,31,18,1,8578,,,3702,6431,21,17693,1,2.0,0.0,1,3
2021-06-09,5,72,70,30,11,31,18,1,8414,,,3702,6432,21,17693,0,2.0,0.0,0,5
2021-06-10,5,76,72,30,11,32,19,0,8498,,,3702,6432,22,17693,1,2.0,0.0,0,5
2021-06-11,1,72,68,30,11,28,19,0,7180,,,3702,6432,22,17693,0,2.0,0.0,1,1
2021-06-12,2,71,70,28,10,31,21,0,6273,,,3702,6432,21,17693,0,2.0,0.0,0,4
2021-06-13,6,78,72,27,11,37,20,1,10046,,,3702,6433,20,17693,0,2.0,0.0,1,7
2021-06-14,0,74,66,27,13,30,19,0,8886,,,3702,6433,20,17694,1,2.0,0.0,2,1
2021-06-15,1,70,67,24,12,30,17,0,8407,,,3702,6433,18,17694,0,2.0,0.0,0,2
2021-06-16,5,69,64,21,12,33,15,1,8152,,,3702,6434,16,17694,0,2.0,0.0,2,6
2021-06-17,2,70,61,21,12,32,16,0,8497,,,3703,6434,17,17694,1,2.0,0.0,0,3
2021-06-18,2,64,62,19,13,31,16,0,7281,,,3703,6434,17,17694,0,2.0,0.0,2,3
2021-06-19,4,63,63,19,11,33,16,1,6388,,,3703,6435,17,17694,0,2.0,0.0,0,5
2021-06-20,5,69,66,21,12,34,16,0,9898,,,3703,6435,17,17696,2,2.0,0.0,1,3
2021-06-21,2,75,68,21,14,33,19,0,8825,,,3706,6435,18,17696,0,2.0,0.0,2,3
2021-06-22,6,72,66,24,12,34,17,0,8744,,,3706,6435,18,17698,3,2.0,0.0,1,6
2021-06-23,8,73,68,23,12,35,16,0,8422,,,3706,6435,18,17698,0,2.0,0.0,1,6
2021-06-24,3,69,62,22,14,33,14,0,8816,,,3706,6435,15,17698,0,3.0,0.0,4,2
2021-06-25,3,65,62,22,11,31,14,1,7349,,,3706,6436,16,17699,1,3.0,0.0,0,3
2021-06-26,6,68,68,23,11,34,15,0,6649,,,3707,6436,17,17700,1,3.0,0.0,0,6
2021-06-27,9,78,68,22,15,39,15,0,9952,,,3707,6436,16,17701,1,2.0,0.0,4,9
2021-06-28,11,79,71,20,10,43,15,0,8639,,,3707,6436,16,17701,0,2.0,0.0,0,9
2021-06-29,11,85,73,20,12,47,15,0,8839,,,3707,6436,16,17701,0,2.0,0.0,3,11
2021-06-30,8,82,75,22,11,42,12,0,8447,,,3707,6436,13,17706,5,2.0,0.0,1,5
2021-07-01,5,81,75,23,14,42,13,0,8922,,,3708,6436,15,17706,1,2.0,0.0,4,6
2021-07-02,8,85,78,25,13,44,13,0,7326,,,3708,6436,14,17709,3,2.0,0.0,2,7
2021-07-03,10,90,87,27,14,47,13,0,6713,,,3709,6436,14,17713,4,2.0,0.0,2,10
2021-07-04,14,102,92,28,17,52,13,0,10330,,,3709,6436,14,17717,4,2.0,0.0,5,13
2021-07-05,16,107,100,32,16,58,13,0,8939,,,3710,6436,15,17722,5,2.0,0.0,3,12
2021-07-06,19,122,115,35,14,69,14,0,8735,,,3711,6436,15,17729,7,3.0,0.0,2,17
2021-07-07,13,123,116,41,13,66,14,1,8344,,,3712,6437,16,17737,9,2.0,0.0,4,9
2021-07-08,12,128,111,41,17,66,12,2,8753,,,3713,6439,15,17744,7,2.0,0.0,6,9
2021-07-09,11,123,119,39,16,65,12,0,7200,,,3713,6439,16,17748,5,2.0,0.0,5,9
2021-07-10,9,124,116,39,19,63,12,2,6543,,,3714,6441,15,17752,5,2.0,0.0,3,8
2021-07-11,20,136,127,48,16,69,13,3,9778,,,3715,6444,17,17762,13,2.0,0.0,3,17
2021-07-12,26,154,136,49,11,88,11,2,8765,,,3715,6446,15,17768,7,2.0,1.0,4,27
2021-07-13,22,160,149,45,16,90,12,0,8602,,,3717,6446,14,17774,6,2.0,1.0,9,21
2021-07-14,24,166,155,50,22,90,15,3,8559,,,3719,6449,16,17783,10,2.0,1.0,10,16
2021-07-15,30,183,162,55,27,99,15,1,8635,,,3719,6450,16,17793,11,2.0,1.0,9,26
2021-07-16,24,191,178,49,32,99,15,1,7440,,,3719,6451,18,17798,6,2.0,1.0,16,17
2021-07-17,16,187,179,58,28,98,16,2,6637,,,3721,6453,18,17810,16,2.0,1.0,10,15
2021-07-18,35,210,184,64,34,107,12,3,8712,,,3721,6456,16,17827,17,2.0,1.0,16,26
2021-07-19,34,222,192,61,39,112,11,2,8401,,,3721,6458,16,17835,11,2.0,1.0,16,30
2021-07-20,52,243,219,62,36,137,10,2,8355,,,3722,6460,17,17845,12,2.0,1.0,13,47
2021-07-21,35,250,218,67,26,148,13,3,8201,,,3726,6463,18,17857,13,2.0,2.0,6,32
2021-07-22,51,264,234,76,29,155,16,1,8330,,,3729,6464,22,17874,17,2.0,2.0,13,43
2021-07-23,41,277,250,87,24,155,17,0,7408,,,3732,6464,22,17895,21,1.0,2.0,8,35
2021-07-24,26,278,269,89,32,147,16,3,6559,,,3733,6467,21,17911,16,1.0,1.0,13,22
2021-07-25,60,321,276,96,45,173,17,4,9718,,,3736,6471,22,17929,22,2.0,2.0,21,50
2021-07-26,77,356,336,123,41,182,24,1,8808,,,3744,6472,33,17963,40,3.0,2.0,18,55
2021-07-27,62,393,353,154,39,192,24,1,8560,,,3746,6473,32,18005,45,3.0,2.0,14,52
2021-07-28,64,423,380,150,47,208,27,6,8549,,,3752,6479,32,18027,25,4.0,1.0,27,61
2021-07-29,78,449,386,155,44,225,24,6,8609,,,3753,6485,29,18056,33,3.0,2.0,25,69
2021-07-30,64,447,420,178,45,199,25,2,7497,,,3756,6487,33,18092,41,4.0,3.0,17,41
2021-07-31,72,486,467,196,55,215,28,6,6641,,,3760,6493,35,18127,39,5.0,3.0,21,58
2021-08-01,98,557,480,196,73,268,31,9,9818,,,3766,6502,36,18152,29,6.0,3.0,34,95
2021-08-02,98,581,517,213,81,261,40,9,8495,,,3776,6511,44,18193,45,6.0,4.0,40,75
2021-08-03,111,626,546,229,94,268,47,10,8530,,,3786,6521,54,18240,53,6.0,5.0,43,87
2021-08-04,92,631,559,237,87,278,46,5,8083,,,3790,6526,58,18287,49,6.0,6.0,31,76
2021-08-05,130,685,585,259,92,303,47,16,8521,,,3797,6542,62,18341,63,6.0,6.0,42,104
2021-08-06,148,728,662,276,80,320,50,14,7063,,,3803,6556,65,18391,55,8.0,8.0,28,110
2021-08-07,118,771,729,330,85,302,47,12,6081,,,3808,6568,66,18464,80,9.0,9.0,36,70
2021-08-08,151,862,740,375,109,320,49,19,9624,,,3815,6587,73,18545,87,9.0,10.0,52,88
2021-08-09,144,899,789,391,102,332,56,11,8483,,,3827,6598,89,18612,76,10.0,12.0,42,100
2021-08-10,156,938,838,403,120,349,58,17,8180,,,3836,6615,85,18681,77,10.0,12.0,52,103
2021-08-11,165,991,866,414,138,376,60,16,7920,,,3842,6631,87,18751,78,10.0,13.0,64,109
2021-08-12,180,1033,887,454,140,366,65,19,8021,,,3856,6650,91,18823,89,10.0,15.0,54,99
2021-08-13,168,1066,931,484,127,357,73,24,6798,,,3869,6674,98,18917,104,12.0,15.0,43,109
2021-08-14,176,1109,1037,506,137,376,78,18,5897,,,3884,6692,110,18997,86,12.0,16.0,49,115
2021-08-15,196,1210,1002,549,169,419,83,20,8882,,,3900,6712,119,19096,108,13.0,17.0,60,131
2021-08-16,202,1237,1089,542,161,405,86,28,7985,,,3911,6740,121,19175,86,14.0,17.0,63,117
2021-08-17,206,1259,1089,571,168,417,91,20,8137,,,3922,6760,126,19271,100,15.0,20.0,66,126
2021-08-18,192,1274,1111,605,162,418,94,22,7911,,,3933,6782,142,19365,107,17.0,20.0,55,134
2021-08-19,188,1297,1091,605,159,420,92,24,8060,,,3943,6806,139,19436,85,16.0,21.0,56,129
2021-08-20,225,1321,1182,616,159,414,89,24,6977,,,3950,6830,143,19526,98,17.0,22.0,54,135
2021-08-21,179,1318,1248,662,153,408,98,25,6125,,,3963,6855,151,19618,101,21.0,22.0,45,121
2021-08-22,229,1455,1213,696,193,451,102,33,9130,,,3978,6888,153,19711,110,21.0,23.0,73,141
2021-08-23,214,1465,1260,701,188,431,113,20,8172,,,3996,6908,160,19818,115,22.0,25.0,67,132
2021-08-24,191,1424,1211,704,175,420,116,31,7894,,,4011,6939,163,19911,102,19.0,24.0,60,130
2021-08-25,211,1409,1199,707,169,408,124,28,7734,,,4025,6967,178,20012,108,18.0,25.0,68,127
2021-08-26,210,1407,1215,704,163,396,126,32,8296,,,4037,6999,174,20103,97,17.0,26.0,51,113
2021-08-27,208,1396,1220,707,153,403,138,26,6920,,,4056,7025,179,20196,100,18.0,27.0,56,122
2021-08-28,181,1387,1310,703,171,395,133,23,6080,,,4066,7048,182,20269,85,17.0,27.0,61,120
2021-08-29,228,1488,1250,766,187,438,140,29,9013,,,4081,7077,186,20364,118,18.0,27.0,58,137
2021-08-30,217,1508,1268,759,174,419,146,26,7994,,,4103,7103,199,20455,106,17.0,27.0,65,127
2021-08-31,196,1464,1257,720,173,405,157,31,8022,,,4133,7134,205,20542,95,19.0,27.0,63,138
2021-09-01,198,1423,1230,699,168,462,146,31,7780,,,4141,7165,206,20630,95,21.0,27.0,62,160
2021-09-02,180,1380,1154,681,175,435,144,31,8270,,,4151,7196,199,20702,83,23.0,28.0,60,133
2021-09-03,214,1343,1202,667,168,425,138,34,6858,,,4163,7230,188,20776,80,23.0,28.0,52,141
2021-09-04,166,1325,1214,673,185,423,149,26,6272,,,4179,7256,202,20841,76,24.0,29.0,50,129
2021-09-05,200,1392,1168,692,187,438,153,26,9417,,,4195,7282,206,20913,82,23.0,29.0,50,132
2021-09-06,154,1346,1121,658,166,426,151,23,6671,,,4203,7305,211,20966,58,24.0,29.0,42,133
2021-09-07,139,1258,1177,649,147,393,158,27,6410,,,4216,7332,221,21036,82,25.0,28.0,49,128
2021-09-08,156,1285,1174,667,151,430,167,29,6904,,,4235,7361,228,21093,66,24.0,28.0,35,132
2021-09-09,212,1381,1118,677,177,492,168,22,9640,,,4248,7383,235,21157,72,28.0,28.0,56,190
2021-09-10,190,1348,1210,678,154,423,169,17,7468,,,4260,7400,243,21236,89,30.0,26.0,49,128
2021-09-11,146,1313,1238,686,152,423,173,27,6299,,,4269,7427,243,21302,75,30.0,24.0,52,132
2021-09-12,212,1425,1184,707,193,495,176,22,9501,,,4289,7449,243,21384,88,30.0,24.0,81,180
2021-09-13,165,1398,1220,683,181,449,186,20,8428,,,4306,7469,248,21451,78,32.0,23.0,58,146
2021-09-14,197,1384,1147,674,199,444,192,29,9045,,,4324,7498,252,21529,83,35.0,23.0,76,150
2021-09-15,149,1299,1114,662,172,388,188,20,7146,,,4335,7518,239,21595,79,34.0,23.0,57,111
2021-09-16,136,1233,1185,642,144,377,183,21,5666,,,4345,7539,232,21649,62,33.0,22.0,30,118
2021-09-17,232,1358,1169,678,167,474,192,17,8938,,,4363,7556,240,21711,73,37.0,22.0,42,188
2021-09-18,161,1360,1281,711,169,425,191,17,6822,,,4372,7573,243,21809,111,40.0,22.0,59,142
2021-09-19,180,1427,1160,729,174,488,191,28,10185,,,4384,7601,244,21884,87,40.0,20.0,57,166
2021-09-20,150,1353,1154,707,146,408,183,15,7561,,,4393,7616,248,21962,87,40.0,21.0,46,121
2021-09-21,150,1283,1216,703,127,372,187,17,6595,,,4404,7633,255,22041,90,41.0,21.0,32,119
2021-09-22,158,1310,1103,737,164,378,190,19,8969,,,4419,7652,260,22114,90,41.0,19.0,65,117
2021-09-23,145,1279,1093,731,142,340,204,19,8788,,,4442,7671,270,22193,85,41.0,19.0,42,122
2021-09-24,139,1235,1100,703,127,315,212,21,7315,,,4462,7692,276,22248,68,46.0,18.0,36,106
2021-09-25,94,1163,1090,687,131,280,215,24,6076,,,4474,7716,286,22310,69,47.0,19.0,43,75
2021-09-26,156,1213,1019,705,156,331,223,14,9453,,,4490,7730,280,22368,74,48.0,20.0,50,135
2021-09-27,140,1205,1072,676,137,310,220,17,7570,,,4508,7747,278,22427,63,52.0,18.0,32,110
2021-09-28,98,1140,1054,661,120,296,220,21,6648,,,4518,7768,278,22476,61,53.0,18.0,27,84
2021-09-29,145,1163,976,665,127,337,212,23,8898,,,4527,7791,264,22521,55,54.0,19.0,29,129
2021-09-30,119,1131,987,634,118,307,209,14,8460,,,4539,7805,265,22571,60,53.0,19.0,43,104
2021-10-01,107,1083,959,605,115,283,201,22,7135,,,4544,7827,244,22618,52,54.0,19.0,36,87
2021-10-02,94,1028,968,587,124,268,202,18,6284,,,4549,7845,255,22653,44,55.0,19.0,40,78
2021-10-03,102,1042,898,576,129,302,201,23,8915,,,4558,7868,247,22689,43,54.0,18.0,29,96
2021-10-04,87,1003,853,548,107,290,201,11,8359,,,4569,7879,243,22723,39,52.0,19.0,22,86
2021-10-05,80,933,823,500,104,258,194,15,8358,,,4576,7894,235,22758,35,51.0,18.0,27,66
2021-10-06,84,864,755,481,91,245,194,15,8162,,,4580,7909,234,22792,40,55.0,18.0,22,64
2021-10-07,80,832,735,461,77,246,186,17,8299,,,4583,7926,222,22820,34,52.0,16.0,18,72
2021-10-08,62,791,738,455,73,220,186,6,7020,,,4587,7932,225,22859,44,51.0,17.0,18,56
2021-10-09,56,765,733,454,77,209,184,14,6285,,,4593,7946,222,22887,35,53.0,15.0,17,43
2021-10-10,71,788,695,456,77,237,182,14,9184,,,4599,7960,221,22913,32,50.0,14.0,15,71
2021-10-11,63,776,696,435,77,216,182,13,8545,,,4605,7973,216,22944,35,51.0,13.0,19,58
2021-10-12,58,726,654,420,73,201,171,10,8321,,,4609,7983,216,22965,26,50.0,13.0,23,54
2021-10-13,59,708,636,408,70,197,166,11,7735,,,4612,7994,208,22989,30,51.0,12.0,19,59
2021-10-14,55,679,600,385,70,192,164,14,8276,,,4619,8008,201,23010,25,48.0,12.0,22,48
2021-10-15,52,636,598,378,58,171,159,10,6714,,,4627,8018,192,23038,30,47.0,11.0,10,43
2021-10-16,37,616,597,374,63,161,162,10,6141,,,4632,8028,188,23055,22,47.0,12.0,15,32
2021-10-17,48,634,555,381,65,177,159,6,8696,,,4640,8034,182,23074,25,46.0,11.0,15,48
2021-10-18,38,605,541,358,54,163,164,9,8052,,,4648,8043,185,23090,19,45.0,10.0,11,41
2021-10-19,35,567,522,351,48,146,157,3,7855,,,4649,8046,179,23111,23,46.0,10.0,10,35
2021-10-20,42,555,500,339,43,147,152,8,7664,,,4650,8054,178,23122,17,44.0,9.0,11,37
2021-10-21,43,542,488,312,44,156,151,7,8014,,,4656,8061,175,23130,13,44.0,8.0,13,42
2021-10-22,30,513,485,300,47,144,150,4,6544,,,4659,8065,173,23147,19,45.0,7.0,16,26
2021-10-23,20,488,468,291,51,134,149,8,5826,,,4662,8073,168,23154,11,44.0,6.0,12,16
2021-10-24,29,486,428,278,52,146,143,6,8510,,,4671,8079,165,23159,8,43.0,6.0,12,37
2021-10-25,30,465,410,257,57,126,138,11,7840,,,4675,8090,156,23169,13,44.0,6.0,18,23
2021-10-26,23,430,379,240,48,113,133,9,7846,,,4677,8099,151,23175,8,44.0,6.0,6,18
2021-10-27,36,411,373,232,36,117,133,5,7403,,,4680,8104,154,23188,16,44.0,7.0,7,29
2021-10-28,25,386,359,231,36,102,129,7,7947,,,4684,8111,148,23200,17,42.0,7.0,8,21
2021-10-29,19,374,349,217,33,104,126,6,6729,,,4685,8117,150,23205,8,41.0,7.0,8,19
2021-10-30,18,357,350,215,32,101,125,3,6138,,,4687,8120,141,23210,9,41.0,7.0,6,16
2021-10-31,29,376,331,218,35,112,127,2,9002,,,4688,8122,147,23219,14,42.0,6.0,9,28
2021-11-01,27,370,337,210,29,108,123,4,7937,,,4690,8126,139,23227,13,42.0,6.0,7,27
2021-11-02,16,345,317,205,25,99,117,3,7792,,,4690,8129,136,23235,10,41.0,5.0,5,16
2021-11-03,12,329,298,190,24,94,114,5,7655,,,4690,8134,130,23240,6,41.0,4.0,6,11
2021-11-04,19,314,283,175,23,97,109,6,8108,,,4692,8140,122,23241,3,41.0,4.0,5,20
2021-11-05,13,290,276,172,17,89,106,1,6687,,,4693,8141,118,23247,7,41.0,4.0,0,12
2021-11-06,15,284,278,174,19,86,107,1,6067,,,4693,8142,120,23253,6,41.0,3.0,5,12
2021-11-07,9,287,269,169,23,86,104,4,8901,,,4694,8146,119,23254,2,39.0,3.0,6,8
2021-11-08,11,282,266,163,25,85,104,3,8029,,,4697,8149,119,23258,7,38.0,3.0,6,11
2021-11-09,21,292,264,154,18,99,102,6,8007,,,4699,8155,116,23265,7,36.0,3.0,0,21
2021-11-10,17,275,256,146,18,94,98,5,7789,,,4700,8160,111,23270,8,35.0,3.0,6,13
2021-11-11,21,266,248,145,17,94,98,3,7815,,,4702,8163,111,23278,8,37.0,3.0,2,15
2021-11-12,10,255,245,147,19,79,98,2,6563,,,4703,8165,109,23285,7,37.0,3.0,5,5
2021-11-13,11,253,250,149,17,83,98,2,5939,,,4705,8167,110,23290,5,37.0,3.0,1,10
2021-11-14,17,268,240,149,19,93,95,0,8544,,,4707,8167,109,23295,5,36.0,3.0,5,17
2021-11-15,10,257,241,138,19,86,91,5,7928,,,4709,8172,103,23300,6,33.0,3.0,5,7
2021-11-16,13,246,232,135,19,84,89,4,7832,,,4710,8176,97,23304,6,31.0,3.0,3,12
2021-11-17,11,241,230,136,19,80,89,1,7959,,,4710,8177,102,23308,7,31.0,3.0,6,9
2021-11-18,21,251,227,132,32,82,86,3,7968,,,4711,8180,99,23313,5,31.0,2.0,19,10
2021-11-19,12,239,231,124,21,86,78,3,6235,,,4711,8183,89,23316,3,31.0,2.0,5,11
2021-11-20,9,232,224,127,17,81,78,6,5402,,,4712,8189,88,23324,8,31.0,2.0,1,5
2021-11-21,16,236,226,129,22,84,78,1,8395,,,4714,8190,86,23330,7,30.0,3.0,6,14
2021-11-22,16,248,231,128,18,92,79,2,7857,,,4718,8192,91,23336,6,30.0,3.0,2,13
2021-11-23,14,249,234,125,18,94,78,0,7843,,,4722,8192,89,23341,6,29.0,2.0,3,14
2021-11-24,14,246,223,118,20,96,76,3,7800,,,4723,8195,83,23345,5,29.0,2.0,4,10
2021-11-25,17,232,226,118,16,92,72,3,7923,,,4723,8198,79,23353,8,29.0,2.0,4,14
2021-11-26,10,234,217,121,20,84,71,2,6367,,,4724,8200,80,23360,8,29.0,2.0,4,7
2021-11-27,16,234,226,123,19,82,69,1,5985,,,4724,8201,79,23366,9,27.0,2.0,4,8
2021-11-28,13,236,224,124,16,89,69,3,8468,,,4728,8204,79,23371,7,25.0,1.0,2,12
2021-11-29,12,237,224,117,17,94,69,3,8099,,,4730,8207,78,23373,3,25.0,2.0,3,13
2021-11-30,26,248,233,115,16,109,65,3,8037,,,4731,8210,76,23376,6,22.0,2.0,4,21
2021-12-01,10,239,223,112,14,106,65,1,7499,,,4732,8211,73,23378,2,23.0,2.0,2,9
2021-12-02,13,238,220,111,13,103,64,2,7920,,,4733,8213,74,23383,6,23.0,2.0,2,11
2021-12-03,16,238,230,108,13,106,63,1,6403,,,4735,8214,74,23387,4,23.0,2.0,2,12
2021-12-04,11,233,228,106,12,110,62,2,6053,,,4735,8216,71,23392,5,23.0,2.0,2,10
2021-12-05,18,246,236,107,15,119,62,1,8544,,,4735,8217,72,23397,6,22.0,2.0,3,17
2021-12-06,15,255,231,106,15,122,60,2,7904,,,4737,8219,71,23399,6,22.0,1.0,3,15
2021-12-07,22,256,240,102,13,125,55,3,8242,,,4737,8222,67,23404,5,20.0,1.0,2,17
2021-12-08,15,248,229,96,11,130,53,6,7701,,,4738,8228,62,23407,3,20.0,1.0,1,13
2021-12-09,18,250,237,89,12,139,54,1,8163,,,4740,8229,61,23411,5,19.0,2.0,3,17
2021-12-10,16,248,238,96,9,135,53,2,7169,,,4741,8231,59,23418,11,18.0,2.0,2,10
2021-12-11,22,258,254,96,10,146,50,1,6714,,,4741,8232,56,23421,4,17.0,2.0,2,19
2021-12-12,13,265,243,91,14,154,48,2,9431,,,4741,8234,54,23423,2,17.0,2.0,6,17
2021-12-13,13,257,240,91,11,148,47,4,8948,,,4742,8238,56,23429,7,16.0,2.0,2,12
2021-12-14,22,265,253,86,14,157,46,1,8796,,,4742,8239,56,23431,3,16.0,2.0,4,21
2021-12-15,13,263,248,80,17,160,44,1,8269,,,4743,8240,54,23431,1,14.0,2.0,5,11
2021-12-16,23,271,258,77,16,172,42,1,8518,,,4744,8241,53,23435,4,14.0,1.0,4,24
2021-12-17,19,275,265,79,16,176,41,2,6663,,,4745,8243,52,23441,6,13.0,1.0,3,18
2021-12-18,17,283,281,77,15,185,39,2,6148,,,4746,8245,48,23443,4,15.0,1.0,2,16
2021-12-19,18,294,281,80,21,189,40,2,9220,,,4750,8247,48,23448,6,15.0,1.0,7,15
2021-12-20,26,309,290,78,21,202,39,2,7364,,,4752,8249,46,23455,9,15.0,1.0,7,22
2021-12-21,16,305,295,77,20,202,36,0,7593,,,4752,8249,42,23460,8,14.0,1.0,4,17
2021-12-22,24,319,303,75,21,217,36,0,7592,,,4752,8249,43,23463,5,14.0,1.0,5,25
2021-12-23,38,345,321,79,21,233,37,1,8148,,,4753,8250,46,23469,9,16.0,1.0,4,31
2021-12-24,36,356,342,84,18,244,36,1,6789,,,4753,8251,43,23480,12,17.0,1.0,5,28
2021-12-25,20,362,358,88,20,248,35,0,6593,,,4753,8251,42,23490,12,17.0,1.0,7,18
2021-12-26,37,396,368,92,21,276,36,2,9114,,,4755,8253,45,23500,13,17.0,0.0,5,35
2021-12-27,51,422,392,81,22,299,35,3,8018,,,4756,8256,43,23506,6,17.0,0.0,5,42
2021-12-28,51,440,417,84,25,322,37,1,8354,,,4757,8257,46,23514,12,17.0,1.0,7,48
2021-12-29,51,467,445,87,23,348,36,2,8376,,,4758,8259,43,23523,12,16.0,1.0,7,47
2021-12-30,66,507,488,88,19,391,36,0,8499,,,4758,8259,43,23529,7,16.0,1.0,3,63
2021-12-31,58,546,511,95,25,416,35,1,6650,,,4758,8260,42,23537,10,15.0,1.0,7,51
2022-01-01,61,572,563,101,20,442,35,2,6583,,,4759,8262,42,23547,12,15.0,1.0,2,56
2022-01-02,82,638,593,109,21,494,31,5,9656,,,4759,8267,43,23565,20,14.0,1.0,10,73
2022-01-03,114,708,665,108,23,561,33,4,8350,,,4761,8271,42,23574,12,13.0,2.0,12,112
2022-01-04,138,798,743,114,28,641,37,1,8351,,,4766,8272,46,23591,19,13.0,2.0,16,131
2022-01-05,146,892,818,128,33,704,35,4,8068,,,4767,8276,48,23620,30,13.0,2.0,14,132
2022-01-06,154,965,875,132,34,770,38,2,8558,,,4769,8278,50,23645,25,13.0,2.0,13,149
2022-01-07,168,1041,961,147,38,811,42,3,6798,,,4775,8281,52,23675,36,13.0,2.0,17,160
2022-01-08,184,1138,1068,161,47,904,45,5,6488,,,4779,8286,57,23704,33,13.0,3.0,20,175
2022-01-09,292,1344,1182,192,79,1039,48,8,9318,,,4783,8294,61,23751,49,11.0,3.0,45,266
2022-01-10,319,1494,1323,214,83,1142,56,9,8463,,,4793,8303,69,23799,52,11.0,3.0,35,288
2022-01-11,260,1579,1402,245,83,1196,55,7,8065,,,4798,8310,74,23862,70,10.0,4.0,49,249
2022-01-12,342,1733,1492,238,103,1333,62,8,7810,,,4806,8318,78,23895,37,11.0,5.0,50,310
2022-01-13,370,1851,1617,282,107,1408,66,11,8109,,,4814,8329,81,23977,87,12.0,6.0,44,339
2022-01-14,357,1968,1744,317,129,1434,71,12,6243,,,4824,8341,95,24059,91,12.0,7.0,54,307
2022-01-15,347,2064,1921,371,141,1511,88,19,5927,,,4843,8360,109,24144,96,11.0,8.0,54,339
2022-01-16,431,2314,1974,432,152,1681,87,19,8158,,,4851,8379,114,24269,131,11.0,10.0,69,432
2022-01-17,479,2459,2150,457,168,1719,82,23,7693,,,4865,8402,118,24376,119,12.0,12.0,70,453
2022-01-18,480,2593,2243,515,164,1826,104,20,7544,,,4880,8422,146,24491,131,13.0,14.0,63,489
2022-01-19,425,2661,2308,536,203,1816,100,26,6996,,,4894,8448,143,24606,128,14.0,16.0,102,402
2022-01-20,557,2823,2390,584,199,1934,107,26,7648,,,4909,8474,161,24743,149,14.0,18.0,80,529
2022-01-21,491,2865,2543,637,180,1904,126,38,6540,,,4936,8512,180,24896,173,16.0,20.0,65,473
2022-01-22,410,2886,2687,712,214,1873,144,41,6046,,,4959,8553,202,25033,162,16.0,24.0,89,394
2022-01-23,585,3221,2728,787,259,2053,149,41,8544,,,4976,8594,211,25183,178,18.0,27.0,114,530
2022-01-24,577,3315,2844,807,271,2089,162,55,7495,,,5004,8649,222,25330,165,18.0,30.0,114,548
2022-01-25,620,3405,2976,856,301,2102,175,44,7762,,,5037,8693,236,25499,194,19.0,35.0,124,577
2022-01-26,474,3374,2901,906,318,1998,187,53,6827,,,5065,8746,243,25661,184,18.0,38.0,108,430
2022-01-27,500,3353,2897,942,306,1928,207,35,7307,,,5103,8781,276,25832,190,19.0,42.0,105,490
2022-01-28,459,3318,2955,933,278,1898,210,52,6286,,,5133,8833,280,25967,157,18.0,43.0,80,404
2022-01-29,407,3287,3075,990,269,1898,227,56,5936,,,5157,8889,293,26117,169,19.0,45.0,55,388
2022-01-30,565,3625,3151,1074,315,2075,245,54,9030,,,5191,8943,321,26297,218,19.0,48.0,114,518
2022-01-31,566,3714,3146,1123,306,2073,243,56,8058,,,5217,8999,317,26497,230,20.0,49.0,112,528
2022-02-01,467,3603,3104,1116,313,1953,259,65,7845,,,5254,9064,338,26676,197,18.0,50.0,102,446
2022-02-02,564,3567,3142,1103,318,1956,267,72,8072,,,5288,9136,345,26847,191,18.0,53.0,117,533
2022-02-03,458,3530,3033,1131,336,1882,267,72,8577,,,5324,9208,343,27022,198,18.0,55.0,101,417
2022-02-04,462,3468,3148,1148,294,1793,266,53,6554,,,5350,9261,349,27202,208,17.0,61.0,79,397
2022-02-05,335,3374,3191,1191,298,1729,265,62,5913,,,5374,9323,358,27357,184,16.0,61.0,73,314
2022-02-06,477,3597,3079,1240,352,1864,265,62,9186,,,5405,9385,361,27508,180,19.0,62.0,112,439
2022-02-07,432,3541,3093,1207,329,1774,277,73,8545,,,5440,9458,368,27667,191,20.0,63.0,99,400
2022-02-08,422,3445,2965,1168,297,1786,266,60,8458,,,5460,9518,348,27814,173,23.0,65.0,83,422
2022-02-09,303,3212,2805,1127,272,1603,252,57,8146,,,5477,9575,325,27950,156,24.0,64.0,61,283
2022-02-10,335,3082,2626,1093,275,1514,254,74,7797,,,5498,9649,325,28082,163,23.0,62.0,92,323
2022-02-11,278,2871,2652,1026,255,1375,247,56,6590,,,5520,9705,316,28178,125,22.0,63.0,60,249
2022-02-12,240,2757,2621,1011,269,1346,248,57,6429,,,5539,9762,305,28262,100,23.0,63.0,59,203
2022-02-13,286,2825,2456,1018,300,1413,262,47,9451,,,5567,9809,322,28356,111,24.0,62.0,72,270
2022-02-14,300,2765,2394,1013,257,1356,273,50,8466,,,5592,9859,334,28480,150,26.0,60.0,62,292
2022-02-15,238,2624,2300,943,253,1267,264,39,8462,,,5607,9898,324,28558,95,28.0,57.0,61,240
2022-02-16,246,2494,2238,896,223,1226,254,37,8481,,,5620,9935,309,28631,101,28.0,54.0,52,249
2022-02-17,221,2433,2087,851,206,1237,247,38,8655,,,5629,9973,298,28714,99,29.0,51.0,43,224
2022-02-18,162,2211,2010,811,201,1061,234,25,7118,,,5639,9998,289,28779,85,29.0,46.0,49,134
2022-02-19,160,2121,2033,804,191,1034,250,26,6252,,,5657,10024,307,28833,77,27.0,41.0,37,158
2022-02-20,182,2180,1917,813,215,1059,254,32,9415,,,5681,10056,309,28907,87,28.0,37.0,58,154
2022-02-21,201,2117,1838,777,194,1026,237,27,8775,,,5685,10083,291,28957,73,27.0,35.0,47,181
2022-02-22,163,1966,1715,718,177,944,241,33,8696,,,5697,10116,288,29002,56,26.0,32.0,36,137
2022-02-23,177,1863,1657,669,163,905,234,32,8533,,,5708,10148,269,29043,55,27.0,31.0,32,165
2022-02-24,140,1765,1562,661,147,847,233,23,8806,,,5718,10171,269,29091,73,27.0,30.0,34,120
2022-02-25,127,1673,1539,632,152,798,227,24,6632,,,5733,10195,263,29133,56,26.0,28.0,43,114
2022-02-26,103,1603,1549,624,148,767,219,21,6261,,,5737,10216,254,29170,49,26.0,28.0,25,91
2022-02-27,125,1658,1460,633,154,804,219,25,9599,,,5748,10241,261,29213,60,26.0,27.0,35,117
2022-02-28,135,1615,1434,576,145,790,216,24,8644,,,5759,10265,256,29242,40,27.0,26.0,33,127
2022-03-01,103,1500,1372,560,150,697,207,24,8685,,,5766,10289,243,29292,64,26.0,26.0,33,88
2022-03-02,100,1439,1301,548,135,678,199,12,8712,,,5773,10301,231,29322,44,27.0,24.0,21,105
2022-03-03,96,1386,1213,499,131,656,194,21,8464,,,5780,10322,221,29347,30,27.0,21.0,23,93
2022-03-04,81,1282,1209,461,131,613,193,12,6999,,,5787,10334,218,29367,28,27.0,21.0,30,81
2022-03-05,75,1259,1204,452,132,609,189,16,6439,,,5789,10350,211,29394,36,27.0,19.0,24,70
2022-03-06,81,1270,1112,461,129,621,184,13,9709,,,5793,10363,208,29419,41,28.0,19.0,21,79
2022-03-07,71,1197,1057,426,125,569,168,12,9115,,,5795,10375,193,29445,32,27.0,17.0,31,68
2022-03-08,111,1155,1054,407,116,565,163,14,8651,,,5802,10389,187,29468,34,26.0,15.0,21,105
2022-03-09,91,1136,1035,397,105,582,166,13,8546,,,5811,10402,192,29494,31,27.0,14.0,18,86
2022-03-10,91,1126,1011,388,100,567,159,3,8564,,,5813,10405,188,29512,24,26.0,14.0,23,81
2022-03-11,55,1064,970,364,97,546,157,7,6263,,,5817,10412,178,29521,13,27.0,11.0,16,60
2022-03-12,60,993,951,364,94,497,155,9,6065,,,5821,10421,172,29547,33,25.0,11.0,20,54
2022-03-13,65,1017,928,364,95,517,150,11,9167,,,5826,10432,173,29566,25,23.0,10.0,15,59
2022-03-14,70,996,900,352,96,509,148,10,8072,,,5829,10442,170,29577,17,22.0,9.0,14,70
2022-03-15,58,961,884,337,92,486,145,5,7864,,,5831,10447,160,29593,19,22.0,9.0,13,55
2022-03-16,77,978,883,333,97,496,149,7,7668,,,5840,10454,165,29610,23,22.0,8.0,18,74
2022-03-17,72,974,890,319,94,476,146,7,7914,,,5850,10461,161,29627,20,22.0,7.0,19,53
2022-03-18,59,909,864,315,90,457,138,10,6878,,,5855,10471,162,29644,21,22.0,8.0,11,53
2022-03-19,95,946,898,325,89,501,140,8,6381,,,5861,10479,160,29663,25,20.0,8.0,19,84
2022-03-20,110,1010,913,327,85,561,141,6,9081,,,5864,10485,163,29687,30,20.0,8.0,12,100
2022-03-21,108,1030,936,331,80,559,140,8,8614,,,5870,10493,151,29712,33,20.0,7.0,18,92
2022-03-22,136,1070,935,318,75,606,135,8,8688,,,5871,10501,151,29726,20,20.0,7.0,18,121
2022-03-23,89,1048,938,314,72,604,135,1,8249,,,5876,10502,153,29743,29,19.0,7.0,15,100
2022-03-24,87,1004,892,305,75,587,126,8,8026,,,5878,10510,145,29765,26,19.0,6.0,17,76
2022-03-25,61,942,894,297,62,544,123,7,6499,,,5880,10517,139,29782,20,18.0,7.0,3,54
2022-03-26,104,994,944,292,65,599,116,12,6581,,,5882,10529,136,29798,22,19.0,6.0,18,103
2022-03-27,120,1055,940,294,74,648,110,10,9993,,,5883,10539,130,29821,28,18.0,7.0,18,103
2022-03-28,116,1064,959,289,79,650,109,8,8877,,,5886,10547,134,29842,33,18.0,7.0,24,117
2022-03-29,118,1067,967,274,78,665,101,7,8772,,,5890,10554,131,29860,23,18.0,7.0,16,104
2022-03-30,102,1053,950,264,77,666,98,8,8505,,,5893,10562,122,29882,28,18.0,7.0,18,96
2022-03-31,107,1054,934,263,71,670,94,14,9112,,,5897,10576,113,29908,38,17.0,8.0,18,110
2022-04-01,75,980,888,268,63,611,102,4,7329,,,5904,10580,118,29931,30,16.0,9.0,17,66
2022-04-02,82,966,946,272,62,601,104,12,6649,,,5909,10592,126,29954,31,16.0,9.0,10,84
2022-04-03,93,1009,896,262,75,645,99,11,9680,,,5914,10603,121,29973,23,16.0,9.0,23,88
2022-04-04,136,1041,922,245,76,672,97,9,8738,,,5917,10612,111,29986,17,16.0,9.0,23,124
2022-04-05,92,997,886,261,91,610,105,3,8827,,,5926,10615,119,30022,44,16.0,9.0,35,77
2022-04-06,84,963,863,272,82,575,101,9,8630,,,5929,10624,119,30054,35,15.0,8.0,22,69
2022-04-07,98,961,844,254,86,583,97,8,8629,,,5933,10632,112,30078,26,14.0,8.0,25,93
2022-04-08,84,924,855,248,70,560,91,8,7137,,,5934,10640,105,30104,33,13.0,8.0,13,77
2022-04-09,75,906,876,255,83,542,90,12,6341,,,5939,10652,107,30132,32,10.0,8.0,18,66
2022-04-10,77,935,794,268,85,560,96,10,9459,,,5946,10662,111,30158,31,9.0,8.0,19,74
2022-04-11,80,885,791,246,74,523,93,7,8454,,,5949,10669,109,30178,24,9.0,8.0,22,87
2022-04-12,73,839,732,238,68,509,84,8,8262,,,5951,10677,105,30194,21,9.0,8.0,17,72
2022-04-13,52,785,688,224,57,462,81,7,8078,,,5955,10684,102,30215,23,9.0,8.0,12,53
2022-04-14,68,735,644,226,48,434,76,6,8014,,,5957,10690,97,30234,22,8.0,8.0,7,57
2022-04-15,52,695,646,210,51,391,72,8,6311,,,5957,10698,90,30247,16,8.0,8.0,13,50
2022-04-16,61,695,679,207,47,427,72,2,6533,,,5960,10700,90,30258,14,8.0,8.0,7,67
2022-04-17,70,733,660,216,56,443,73,9,9647,,,5965,10709,91,30278,24,8.0,6.0,14,58
2022-04-18,88,745,668,221,44,458,77,9,8801,,,5969,10718,91,30297,21,8.0,6.0,7,82
2022-04-19,70,748,683,225,51,442,75,8,8625,,,5970,10726,89,30323,29,8.0,7.0,18,58
2022-04-20,64,732,667,223,55,428,72,6,8435,,,5974,10732,89,30334,19,7.0,7.0,15,56
2022-04-21,57,722,655,212,63,419,74,4,7718,,,5976,10736,84,30347,16,8.0,6.0,18,53
2022-04-22,55,700,675,207,64,388,73,4,6727,,,5977,10740,82,30360,16,8.0,6.0,12,41
2022-04-23,60,721,700,211,62,437,74,6,6733,,,5980,10746,89,30373,16,8.0,6.0,9,65
2022-04-24,66,765,673,217,72,461,73,4,10192,,,5982,10750,89,30388,22,8.0,6.0,17,64
2022-04-25,62,736,658,214,60,436,70,1,9394,,,5985,10751,88,30402,19,8.0,5.0,10,56
2022-04-26,52,708,628,207,60,413,70,7,9176,,,5987,10758,90,30423,23,9.0,4.0,13,57
2022-04-27,55,678,620,202,60,392,72,5,9034,,,5990,10763,88,30440,20,9.0,4.0,14,53
2022-04-28,52,669,600,200,57,380,62,8,8901,,,5995,10771,76,30463,25,9.0,4.0,8,48
2022-04-29,30,618,584,184,53,347,63,6,7611,,,5996,10777,75,30470,10,9.0,5.0,11,29
2022-04-30,45,619,601,191,49,363,63,5,6732,,,5998,10782,74,30486,23,8.0,5.0,9,40
2022-05-01,45,638,559,186,55,382,62,4,9828,,,6001,10786,74,30502,16,8.0,5.0,15,47
2022-05-02,41,615,558,165,53,366,58,5,8960,,,6003,10791,67,30515,14,9.0,5.0,8,41
2022-05-03,59,609,542,148,44,377,56,9,9263,,,6006,10800,64,30525,11,8.0,5.0,5,54
2022-05-04,24,544,487,142,43,342,56,1,8343,,,6010,10801,65,30537,13,8.0,6.0,11,25
2022-05-05,33,516,489,138,36,327,53,2,7740,,,6013,10803,59,30545,13,7.0,5.0,8,33
2022-05-06,38,520,495,130,35,336,52,6,7981,,,6014,10809,62,30553,13,8.0,4.0,9,40
2022-05-07,21,506,490,132,35,332,53,3,6699,,,6015,10812,63,30559,11,8.0,4.0,6,22
2022-05-08,49,535,481,135,36,355,53,4,10243,,,6017,10816,63,30568,13,8.0,4.0,9,52
2022-05-09,43,531,478,132,37,342,53,2,9206,,,6019,10818,63,30577,11,7.0,4.0,6,35
2022-05-10,43,518,464,120,41,335,48,5,9143,,,6020,10823,57,30582,6,7.0,3.0,8,41
2022-05-11,32,494,436,119,37,325,50,1,8989,,,6022,10824,57,30589,8,6.0,3.0,6,32
2022-05-12,29,471,417,109,39,302,48,2,9058,,,6024,10826,50,30598,12,5.0,3.0,8,23
2022-05-13,24,431,414,107,31,277,50,3,7390,,,6025,10829,56,30601,10,6.0,3.0,3,25
2022-05-14,33,441,424,108,30,296,51,3,6856,,,6026,10832,56,30610,10,6.0,2.0,3,34
2022-05-15,33,458,414,109,28,307,48,8,10463,,,6028,10840,51,30618,13,6.0,2.0,3,35
2022-05-16,38,452,415,105,30,305,50,1,9085,,,6031,10841,52,30622,5,6.0,3.0,6,34
2022-05-17,36,446,406,105,31,302,50,1,9136,,,6032,10842,54,30626,5,6.0,3.0,7,35
2022-05-18,27,437,392,103,23,299,48,2,8902,,,6034,10844,57,30636,11,6.0,2.0,1,32
2022-05-19,33,419,387,98,22,282,44,4,8807,,,6034,10848,54,30640,5,5.0,2.0,5,26
2022-05-20,30,410,386,98,19,278,44,3,7647,,,6035,10851,51,30644,5,5.0,3.0,1,31
2022-05-21,32,420,406,93,16,298,41,4,7052,,,6036,10855,50,30649,8,5.0,3.0,1,38
2022-05-22,39,435,391,107,17,306,44,1,10645,,,6038,10856,52,30663,16,5.0,3.0,3,38
2022-05-23,48,440,414,107,21,305,41,1,9328,,,6039,10857,48,30675,13,5.0,2.0,8,47
2022-05-24,39,454,427,104,24,315,39,1,9250,,,6041,10858,45,30679,6,4.0,2.0,8,37
2022-05-25,51,475,435,95,26,334,37,2,9012,,,6044,10860,45,30687,8,2.0,2.0,5,48
2022-05-26,41,471,428,96,28,330,38,3,9179,,,6045,10863,43,30696,15,2.0,2.0,8,36
2022-05-27,24,445,425,90,25,312,38,1,7781,,,6046,10864,44,30700,4,2.0,2.0,5,23
2022-05-28,34,454,431,91,24,331,34,2,6846,,,6046,10866,40,30706,7,2.0,1.0,5,36
2022-05-29,59,487,454,86,21,369,35,2,10619,,,6049,10868,39,30710,5,2.0,1.0,2,61
2022-05-30,40,493,447,94,25,366,31,2,9563,,,6049,10870,35,30722,13,2.0,1.0,9,35
2022-05-31,53,506,460,87,26,378,31,3,9438,,,6049,10873,34,30727,6,2.0,1.0,4,51
2022-06-01,49,505,458,89,20,382,29,3,9291,,,6050,10876,35,30739,14,2.0,2.0,3,56
2022-06-02,50,503,440,89,24,375,28,2,9457,,,6051,10878,32,30749,14,2.0,2.0,7,46
2022-06-03,36,472,448,79,22,346,27,1,7846,,,6051,10879,30,30751,3,2.0,2.0,3,30
2022-06-04,36,481,469,76,22,372,25,1,6589,,,6051,10880,30,30753,3,2.0,2.0,3,36
2022-06-05,57,519,489,91,24,399,27,0,8158,,,6052,10880,31,30770,17,2.0,2.0,3,51
2022-06-06,74,569,529,94,26,440,26,3,10805,,,6052,10883,30,30780,11,2.0,1.0,6,70
2022-06-07,61,583,523,101,24,447,20,3,9769,,,6052,10886,24,30796,18,2.0,1.0,4,60
2022-06-08,76,602,536,95,22,468,23,2,9458,,,6054,10888,27,30803,8,2.0,1.0,4,71
2022-06-09,88,621,554,89,37,475,20,3,9449,,,6055,10891,24,30812,9,2.0,1.0,18,76
2022-06-10,85,640,609,81,33,488,19,0,7986,,,6055,10891,22,30820,9,2.0,1.0,4,74
2022-06-11,66,662,633,96,37,521,19,2,6929,,,6057,10893,22,30843,23,2.0,1.0,9,64
2022-06-12,101,735,662,103,38,576,19,3,10924,,,6058,10896,22,30857,17,2.0,1.0,9,96
2022-06-13,108,771,688,102,42,612,21,2,9708,,,6061,10898,23,30871,15,2.0,2.0,15,104
2022-06-14,127,813,747,112,41,639,24,0,9303,,,6064,10898,27,30892,22,2.0,2.0,8,121
2022-06-15,104,845,774,126,52,653,26,1,9461,,,6066,10899,33,30917,26,2.0,1.0,21,102
2022-06-16,112,892,794,136,48,684,30,4,9449,,,6072,10903,36,30946,30,2.0,1.0,12,104
2022-06-17,124,911,834,144,43,699,32,4,7940,,,6075,10907,38,30972,28,2.0,1.0,5,108
2022-06-18,137,967,932,149,42,746,34,4,7177,,,6081,10911,39,30997,26,2.0,2.0,14,123
2022-06-19,143,1065,945,170,58,819,36,4,10689,,,6085,10915,44,31030,36,2.0,2.0,25,140
2022-06-20,163,1103,971,187,61,809,37,2,9763,,,6090,10917,45,31069,42,2.0,2.0,25,145
2022-06-21,204,1181,1077,185,76,874,35,5,9519,,,6092,10922,44,31099,37,2.0,2.0,30,198
2022-06-22,181,1241,1115,216,88,897,37,4,9266,,,6094,10926,45,31150,57,2.0,3.0,41,158
2022-06-23,187,1302,1169,216,97,939,36,11,9545,,,6098,10937,44,31193,44,2.0,3.0,25,173
2022-06-24,186,1342,1219,225,106,961,35,10,7893,,,6104,10947,46,31237,48,2.0,4.0,36,168
2022-06-25,193,1390,1313,224,122,998,32,13,7268,,,6106,10960,42,31269,40,2.0,5.0,38,177
2022-06-26,228,1534,1308,277,153,1060,44,8,10704,,,6121,10968,55,31343,85,1.0,7.0,54,219
2022-06-27,226,1543,1335,285,126,1068,42,12,9421,,,6126,10980,54,31397,62,1.0,7.0,26,217
2022-06-28,251,1573,1393,303,118,1082,41,10,9281,,,6131,10990,52,31459,70,1.0,9.0,40,224
2022-06-29,255,1630,1417,325,128,1128,43,13,9270,,,6135,11003,64,31516,65,1.0,9.0,39,237
2022-06-30,209,1635,1396,319,139,1109,43,14,9155,,,6140,11017,59,31565,54,1.0,11.0,44,186
2022-07-01,216,1587,1432,320,111,1089,44,19,7918,,,6148,11036,60,31618,55,1.0,11.0,18,203
2022-07-02,204,1597,1472,350,115,1081,49,13,7238,,,6156,11049,63,31693,84,1.0,12.0,35,197
2022-07-03,274,1731,1517,351,136,1188,48,11,10631,,,6160,11060,61,31740,55,2.0,12.0,50,274
2022-07-04,242,1754,1505,403,117,1173,48,12,9492,,,6167,11072,63,31817,92,2.0,13.0,38,223
2022-07-05,294,1813,1561,380,120,1217,49,14,9245,,,6175,11086,63,31873,61,2.0,13.0,40,287
2022-07-06,249,1774,1533,372,120,1205,47,14,9235,,,6179,11100,64,31924,60,2.0,13.0,39,244
2022-07-07,262,1778,1507,378,123,1207,55,12,9316,,,6188,11112,72,31990,74,2.0,13.0,36,255
2022-07-08,195,1694,1542,377,135,1098,59,14,7564,,,6194,11126,76,32044,58,2.0,13.0,51,174
2022-07-09,203,1698,1607,387,139,1142,64,19,6904,,,6203,11145,79,32098,60,2.0,12.0,39,205
2022-07-10,259,1850,1564,411,149,1242,66,15,10199,,,6213,11160,84,32170,84,1.0,13.0,39,259
2022-07-11,227,1800,1588,412,152,1155,69,14,9444,,,6222,11174,89,32238,75,0.0,14.0,43,206
2022-07-12,254,1830,1583,412,151,1184,76,14,9125,,,6233,11188,84,32298,72,0.0,14.0,40,240
2022-07-13,238,1803,1548,422,141,1168,79,13,9066,,,6245,11201,89,32358,74,1.0,14.0,47,224
2022-07-14,225,1756,1526,423,137,1118,81,22,9555,,,6254,11223,94,32425,75,1.0,14.0,42,207
2022-07-15,208,1731,1548,426,139,1067,80,12,7828,,,6262,11235,93,32490,75,1.0,15.0,36,184
2022-07-16,220,1731,1669,432,146,1095,81,13,7058,,,6270,11248,96,32536,48,1.0,15.0,33,207
2022-07-17,196,1838,1559,450,180,1179,86,8,9787,,,6278,11256,105,32591,63,1.0,14.0,58,207
2022-07-18,228,1785,1551,454,160,1100,88,13,9572,,,6284,11269,102,32641,63,1.0,13.0,41,203
2022-07-19,202,1736,1500,424,156,1068,83,19,9405,,,6289,11288,100,32694,59,0.0,13.0,39,200
2022-07-20,185,1665,1440,408,163,1024,82,13,9056,,,6298,11301,95,32735,51,0.0,14.0,34,191
2022-07-21,170,1587,1375,388,153,971,85,20,9324,,,6307,11321,96,32775,50,0.0,14.0,42,154
2022-07-22,148,1492,1353,374,128,928,90,11,7911,,,6317,11332,99,32817,46,0.0,14.0,24,138
2022-07-23,120,1449,1394,381,120,914,92,15,7181,,,6324,11347,101,32847,50,0.0,13.0,23,129
2022-07-24,184,1554,1344,386,131,997,96,14,10595,,,6332,11361,104,32897,61,0.0,14.0,38,203
2022-07-25,189,1540,1352,384,135,970,92,13,9326,,,6337,11374,102,32941,53,0.0,15.0,37,180
2022-07-26,149,1493,1307,375,118,943,86,10,9237,,,6342,11384,98,32982,51,0.0,15.0,26,155
2022-07-27,125,1415,1240,367,118,871,87,13,8854,,,6349,11397,102,33023,47,0.0,13.0,28,127
2022-07-28,140,1362,1162,350,97,862,85,14,8969,,,6356,11411,98,33051,37,0.0,13.0,19,138
2022-07-29,127,1288,1197,328,91,804,86,8,7655,,,6360,11419,98,33077,31,0.0,12.0,24,123
2022-07-30,125,1293,1236,342,98,808,92,10,6800,,,6370,11429,108,33117,50,0.0,12.0,24,110
2022-07-31,141,1361,1189,336,103,878,86,15,10421,,,6374,11444,96,33159,46,0.0,11.0,20,153
2022-08-01,145,1331,1185,331,93,847,86,18,9075,,,6378,11462,101,33196,44,0.0,11.0,18,149
2022-08-02,118,1271,1096,323,94,817,96,8,9159,,,6391,11470,114,33221,36,1.0,12.0,28,136
2022-08-03,119,1212,1051,294,91,705,92,8,8919,,,6395,11478,106,33253,38,1.0,12.0,22,118
2022-08-04,104,1143,989,277,89,653,90,7,9176,,,6400,11485,105,33278,33,1.0,11.0,25,104
2022-08-05,105,1082,1007,266,80,633,90,4,7381,,,6405,11489,96,33298,25,1.0,10.0,14,104
2022-08-06,106,1071,1019,290,75,620,90,10,6443,,,6410,11499,97,33340,52,1.0,10.0,17,96
2022-08-07,124,1134,990,300,88,646,89,12,9131,,,6414,11511,99,33372,42,1.0,10.0,26,127
2022-08-08,108,1095,949,301,88,605,88,6,9107,,,6419,11517,99,33398,30,1.0,9.0,17,106
2022-08-09,90,1058,965,268,84,592,84,12,8916,,,6423,11529,93,33425,32,0.0,7.0,14,98
2022-08-10,109,1040,901,268,88,576,81,7,8636,,,6425,11536,94,33453,32,0.0,8.0,17,96
2022-08-11,91,990,865,250,90,544,75,7,8866,,,6428,11543,87,33481,32,0.0,8.0,29,86
2022-08-12,69,911,839,248,79,509,75,4,7482,,,6428,11547,88,33497,21,0.0,8.0,11,63
2022-08-13,54,891,857,243,80,501,78,4,6602,,,6433,11551,92,33519,25,0.0,8.0,15,60
2022-08-14,67,901,782,247,83,516,78,4,10094,,,6434,11555,93,33535,19,0.0,7.0,14,66
2022-08-15,75,876,778,243,67,481,80,3,8914,,,6437,11558,98,33558,30,0.0,6.0,7,69
2022-08-16,65,843,762,213,61,480,73,14,8774,,,6439,11572,85,33573,20,0.0,5.0,13,71
2022-08-17,68,796,704,205,59,462,74,9,8737,,,6442,11581,82,33586,18,0.0,6.0,18,66
2022-08-18,54,758,671,201,57,435,76,3,8752,,,6447,11584,88,33600,18,0.0,6.0,13,60
2022-08-19,55,717,679,194,42,418,73,7,7631,,,6448,11591,81,33615,18,0.0,5.0,3,58
2022-08-20,40,701,685,193,46,406,71,3,6697,,,6449,11594,78,33629,16,0.0,6.0,8,39
2022-08-21,57,733,653,188,49,435,59,9,10056,,,6449,11603,71,33643,18,0.0,6.0,11,62
2022-08-22,35,683,604,192,45,390,65,7,8941,,,6453,11610,78,33656,20,1.0,6.0,12,33
2022-08-23,54,666,595,174,44,382,62,7,8768,,,6455,11617,77,33664,13,1.0,7.0,7,52
2022-08-24,41,630,565,165,46,358,56,5,8716,,,6456,11622,71,33675,15,2.0,6.0,13,46
2022-08-25,32,594,539,152,47,332,51,5,8894,,,6456,11627,67,33683,11,2.0,5.0,9,30
2022-08-26,36,560,542,139,41,325,49,5,7596,,,6456,11632,62,33688,6,2.0,6.0,4,41
2022-08-27,50,583,569,141,44,349,50,3,6349,,,6459,11635,62,33696,9,2.0,5.0,7,49
2022-08-28,51,617,556,144,43,384,53,4,9898,,,6461,11639,62,33704,10,2.0,5.0,8,58
2022-08-29,43,596,528,132,41,366,50,6,9091,,,6462,11645,59,33708,7,2.0,5.0,7,41
2022-08-30,32,537,488,125,38,329,49,5,9080,,,6464,11650,56,33713,6,3.0,5.0,9,33
2022-08-31,41,525,476,114,32,331,48,1,8636,,,6465,11651,55,33717,5,3.0,4.0,5,48
2022-09-01,31,509,454,106,36,311,46,1,8964,,,6469,11652,48,33725,10,3.0,4.0,8,26
2022-09-02,26,466,453,105,33,283,44,9,7762,,,6471,11661,51,33733,10,3.0,3.0,4,25
2022-09-03,25,467,459,108,36,290,43,0,6669,,,6474,11661,48,33739,8,3.0,4.0,7,21
2022-09-04,32,493,448,119,37,305,42,2,10175,,,6476,11663,49,33752,17,2.0,3.0,6,35
2022-09-05,27,471,419,121,31,283,44,3,8942,,,6479,11666,52,33758,10,2.0,3.0,8,25
2022-09-06,34,451,409,109,22,283,46,6,9057,,,6484,11672,54,33764,6,2.0,3.0,2,41
2022-09-07,40,444,410,104,21,287,42,0,8891,,,6485,11672,50,33771,8,2.0,3.0,3,42
2022-09-08,27,431,383,102,25,272,41,2,9354,,,6486,11674,45,33775,6,2.0,3.0,8,27
2022-09-09,34,419,394,93,22,261,41,0,7775,,,6486,11674,45,33778,4,2.0,3.0,1,33
2022-09-10,30,420,405,94,25,268,40,3,7085,,,6487,11677,45,33785,10,2.0,1.0,8,30
2022-09-11,34,434,402,96,28,285,37,2,10578,,,6487,11679,44,33793,10,2.0,2.0,8,36
2022-09-12,37,438,401,98,23,287,39,1,9328,,,6490,11680,47,33797,6,1.0,2.0,3,30
2022-09-13,29,435,397,98,20,282,41,4,9097,,,6492,11684,48,33805,10,0.0,2.0,3,22
2022-09-14,38,430,388,99,21,279,40,3,9034,,,6493,11687,44,33816,12,0.0,1.0,4,33
2022-09-15,22,406,368,95,20,262,39,4,9248,,,6494,11691,43,33821,8,0.0,2.0,3,20
2022-09-16,32,398,378,91,15,259,37,0,7751,,,6494,11691,41,33826,5,0.0,2.0,0,32
2022-09-17,33,401,388,92,14,273,34,1,6934,,,6494,11692,36,33832,6,0.0,2.0,1,31
2022-09-18,39,424,378,94,15,290,36,1,10555,,,6496,11693,37,33840,8,0.0,2.0,2,39
2022-09-19,39,419,370,89,19,280,31,2,9440,,,6496,11695,32,33847,7,0.0,2.0,8,36
2022-09-20,42,413,367,85,21,271,30,1,9402,,,6497,11696,31,33852,6,0.0,2.0,4,31
2022-09-21,49,413,388,90,20,274,32,0,9296,,,6500,11696,34,33864,15,0.0,1.0,5,47
2022-09-22,26,410,368,86,26,273,29,1,9813,,,6500,11697,32,33870,8,0.0,1.0,9,31
2022-09-23,34,403,369,79,29,261,27,4,8013,,,6500,11701,32,33873,6,0.0,0.0,6,28
2022-09-24,33,399,388,77,31,269,30,0,7384,,,6502,11701,32,33879,8,0.0,1.0,3,32
2022-09-25,31,411,359,78,30,280,29,4,8429,,,6502,11705,30,33882,6,0.0,1.0,4,33
2022-09-26,26,385,363,73,20,264,29,3,7246,,,6503,11708,30,33886,5,0.0,1.0,1,26
2022-09-27,36,395,387,78,21,272,27,3,8038,,,6505,11711,26,33897,12,0.0,1.0,4,29
2022-09-28,49,432,385,82,29,302,25,0,11038,,,6506,11711,27,33905,8,0.0,2.0,9,47
2022-09-29,37,424,371,80,32,288,24,1,10377,,,6507,11712,24,33912,10,0.0,2.0,9,36
2022-09-30,34,405,379,79,28,274,26,1,8444,,,6510,11713,26,33918,7,0.0,2.0,3,40
2022-10-01,28,400,388,76,26,286,24,1,7320,,,6511,11714,24,33921,5,0.0,1.0,2,32
2022-10-02,49,441,379,76,28,317,24,3,11349,,,6511,11717,25,33926,8,0.0,1.0,4,49
2022-10-03,45,427,381,79,28,299,25,1,10290,,,6512,11718,26,33938,14,0.0,1.0,7,40
2022-10-04,40,416,377,71,26,294,23,0,7639,,,6512,11718,24,33943,6,0.0,1.0,4,42
2022-10-05,24,392,386,73,32,272,24,6,6146,,,6513,11724,26,33950,8,0.0,1.0,9,24
2022-10-06,43,421,374,75,34,296,24,3,12140,,,6516,11727,24,33954,7,0.0,1.0,4,40
2022-10-07,35,413,386,72,28,293,26,1,8644,,,6518,11728,26,33959,5,0.0,2.0,1,41
2022-10-08,36,414,399,82,29,294,27,3,7261,,,6518,11731,27,33968,13,0.0,2.0,5,34
2022-10-09,33,430,391,89,28,301,26,2,8856,,,6518,11733,26,33975,7,0.0,2.0,2,32
2022-10-10,24,417,402,86,30,281,28,4,7067,,,6520,11737,28,33983,8,0.0,2.0,4,22
2022-10-11,32,428,385,91,34,289,29,1,10216,,,6522,11738,29,33988,8,0.0,2.0,6,26
2022-10-12,26,411,369,90,36,265,29,2,9124,,,6524,11740,29,33998,11,0.0,2.0,9,25
2022-10-13,32,403,364,87,31,261,31,3,9158,,,6526,11743,31,34007,9,0.0,2.0,4,35
2022-10-14,25,384,368,90,30,244,32,2,7831,,,6529,11745,34,34017,13,0.0,2.0,3,21
2022-10-15,28,390,385,84,31,261,30,3,7073,,,6531,11748,31,34020,3,0.0,2.0,3,27
2022-10-16,28,406,367,86,32,273,30,1,9066,,,6534,11749,32,34027,7,0.0,2.0,5,29
2022-10-17,25,391,387,87,31,258,31,2,7337,,,6536,11751,32,34030,5,0.0,2.0,4,21
2022-10-18,49,433,388,96,35,288,31,3,10313,,,6536,11754,32,34044,17,0.0,2.0,5,51
2022-10-19,31,425,375,90,32,279,26,3,9430,,,6536,11757,30,34051,9,0.0,2.0,4,31
2022-10-20,34,403,357,101,22,264,27,3,9437,,,6537,11760,30,34065,17,0.0,2.0,4,27
2022-10-21,38,400,378,90,25,251,26,1,7581,,,6538,11761,29,34068,7,0.0,2.0,5,35
2022-10-22,31,393,384,91,25,266,28,5,6833,,,6541,11766,30,34075,7,0.0,2.0,3,36
2022-10-23,24,403,359,101,28,261,29,2,10007,,,6543,11768,31,34090,15,0.0,2.0,5,24
2022-10-24,36,402,367,85,22,268,29,3,9267,,,6545,11771,30,34094,4,0.0,2.0,5,36
2022-10-25,39,392,363,87,24,270,29,1,9049,,,6546,11772,30,34099,7,1.0,2.0,10,35
2022-10-26,33,396,368,84,19,277,30,2,8808,,,6547,11774,31,34103,6,1.0,2.0,3,30
2022-10-27,37,403,380,79,18,287,27,5,9277,,,6547,11779,29,34106,5,1.0,2.0,4,36
2022-10-28,35,407,393,85,16,286,29,1,7800,,,6550,11780,31,34115,10,1.0,2.0,3,34
2022-10-29,37,429,421,83,18,313,28,2,7015,,,6550,11782,29,34118,4,1.0,2.0,3,39
2022-10-30,43,460,392,95,24,326,31,3,10447,,,6555,11785,31,34132,16,1.0,2.0,6,41
2022-10-31,47,445,405,89,17,316,30,1,9360,,,6555,11786,28,34141,9,1.0,2.0,4,45
2022-11-01,35,431,416,88,18,302,33,3,7465,,,6560,11789,31,34150,11,1.0,2.0,3,32
2022-11-02,44,448,413,93,25,316,32,1,9154,,,6561,11790,33,34161,11,1.0,2.0,11,36
2022-11-03,36,451,405,99,22,310,31,3,9178,,,6562,11793,30,34173,15,1.0,2.0,4,41
2022-11-04,26,427,396,96,18,281,27,3,7571,,,6562,11796,27,34180,7,1.0,2.0,3,29
2022-11-05,47,442,437,97,24,307,26,1,6906,,,6562,11797,27,34190,12,1.0,2.0,9,50
2022-11-06,51,483,430,99,28,339,28,3,10179,,,6564,11800,30,34196,9,1.0,2.0,5,46
2022-11-07,57,488,442,103,29,343,31,1,9239,,,6569,11801,35,34210,16,1.0,2.0,12,58
2022-11-08,40,479,432,106,30,323,31,4,8722,,,6569,11805,34,34222,16,1.0,2.0,9,36
2022-11-09,49,487,459,96,31,337,33,2,8579,,,6573,11807,37,34232,12,1.0,2.0,9,51
2022-11-10,72,524,481,98,28,371,33,1,9095,,,6574,11808,35,34240,12,1.0,2.0,4,63
2022-11-11,32,509,482,100,30,350,30,3,7405,,,6574,11811,33,34251,13,1.0,2.0,9,32
2022-11-12,39,513,502,101,31,364,28,2,6790,,,6576,11813,33,34260,13,1.0,2.0,6,40
2022-11-13,61,551,511,108,34,393,29,5,10456,,,6578,11818,33,34275,19,1.0,2.0,11,55
2022-11-14,50,566,510,105,39,391,28,4,9543,,,6581,11822,33,34289,17,1.0,2.0,11,47
2022-11-15,62,560,519,110,35,391,28,5,9026,,,6582,11827,34,34302,15,1.0,3.0,7,59
2022-11-16,58,571,528,110,41,397,30,2,8828,,,6586,11829,34,34317,15,1.0,3.0,11,56
2022-11-17,51,573,524,103,36,409,28,4,9101,,,6586,11833,32,34321,6,1.0,3.0,8,56
2022-11-18,55,574,540,103,41,391,29,3,7639,,,6587,11836,36,34328,10,1.0,3.0,13,46
2022-11-19,47,583,569,114,36,419,31,0,6956,,,6588,11836,38,34341,16,1.0,3.0,7,56
2022-11-20,87,651,570,120,37,474,31,2,10289,,,6590,11838,37,34353,15,1.0,3.0,13,86
2022-11-21,55,625,571,121,34,453,33,4,9514,,,6593,11842,39,34366,14,1.0,2.0,7,57
2022-11-22,66,629,564,130,39,447,38,3,9334,,,6598,11845,41,34385,20,1.0,2.0,8,64
2022-11-23,79,644,583,129,42,451,40,2,9107,,,6603,11847,43,34402,18,1.0,2.0,16,71
2022-11-24,70,645,593,128,40,452,40,10,9086,,,6608,11857,43,34416,16,1.0,2.0,10,63
2022-11-25,67,654,619,128,37,450,40,3,7002,,,6611,11860,45,34430,16,1.0,3.0,5,59
2022-11-26,61,667,640,136,37,476,42,0,6549,,,6614,11860,45,34446,18,1.0,3.0,6,55
2022-11-27,83,713,629,147,41,491,37,3,9902,,,6615,11863,42,34470,27,1.0,3.0,12,64
2022-11-28,91,728,648,133,43,508,36,13,9168,,,6620,11876,39,34485,17,0.0,3.0,12,88
2022-11-29,89,718,643,133,35,516,34,8,8972,,,6624,11884,37,34506,22,0.0,4.0,7,86
2022-11-30,88,715,641,135,49,495,35,3,8927,,,6626,11887,37,34516,16,0.0,5.0,24,71
2022-12-01,76,714,640,136,53,494,33,4,9036,,,6631,11891,38,34535,22,0.0,5.0,13,71
2022-12-02,67,697,660,123,45,472,35,4,7597,,,6636,11895,39,34547,13,0.0,4.0,6,59
2022-12-03,69,714,699,127,52,502,38,4,6868,,,6642,11899,44,34558,15,0.0,5.0,13,64
2022-12-04,105,790,701,136,50,569,40,8,10128,,,6645,11907,44,34573,19,0.0,5.0,11,107
2022-12-05,66,752,670,152,38,532,43,2,9453,,,6649,11909,48,34602,32,0.0,6.0,6,63
2022-12-06,84,752,672,145,41,531,41,4,8923,,,6652,11913,47,34618,17,0.0,4.0,10,82
2022-12-07,92,757,691,143,47,533,43,4,9039,,,6657,11917,49,34637,20,0.0,4.0,17,84
2022-12-08,77,750,675,153,46,531,50,11,9133,,,6665,11928,58,34658,25,0.0,4.0,8,68
2022-12-09,64,738,680,159,40,507,55,9,7400,,,6673,11937,60,34676,24,0.0,5.0,7,56
2022-12-10,74,737,721,154,45,517,55,6,6838,,,6677,11943,60,34687,12,0.0,6.0,10,66
2022-12-11,77,779,674,167,53,535,54,9,10284,,,6680,11952,58,34711,29,0.0,6.0,19,77
2022-12-12,68,723,647,155,49,480,53,7,9530,,,6686,11959,57,34732,23,0.0,6.0,10,68
2022-12-13,80,726,661,154,47,498,51,5,9188,,,6689,11964,54,34748,21,0.0,7.0,13,83
2022-12-14,94,746,641,159,46,513,51,7,9028,,,6693,11971,59,34766,25,0.0,7.0,13,84
2022-12-15,69,709,643,162,49,460,53,6,9656,,,6699,11977,60,34792,31,0.0,7.0,13,65
2022-12-16,69,697,656,161,51,459,54,4,7796,,,6703,11981,59,34813,25,0.0,7.0,16,76
2022-12-17,65,713,704,167,55,473,56,4,7253,,,6706,11985,60,34829,18,0.0,6.0,14,55
2022-12-18,82,768,663,165,67,518,54,8,10181,,,6709,11993,57,34844,21,0.0,6.0,18,86
2022-12-19,72,743,675,159,68,483,48,5,9371,,,6712,11998,54,34862,21,0.0,5.0,17,64
2022-12-20,78,736,669,174,71,464,53,8,9409,,,6722,12006,62,34892,37,0.0,5.0,17,75
2022-12-21,85,743,657,162,65,481,52,9,9002,,,6724,12015,57,34905,17,0.0,6.0,12,78
2022-12-22,96,749,694,157,68,486,49,4,9023,,,6727,12019,57,34919,20,0.0,6.0,18,92
2022-12-23,64,742,688,154,71,484,49,4,7496,,,6729,12023,54,34934,19,0.0,6.0,17,67
2022-12-24,60,732,712,157,65,488,49,3,6650,,,6730,12026,52,34949,16,0.0,6.0,7,57
2022-12-25,84,787,685,161,65,535,51,7,9402,,,6731,12033,54,34966,19,0.0,5.0,13,89
2022-12-26,75,766,671,165,69,486,50,4,8452,,,6733,12037,55,34994,32,0.0,5.0,18,64
2022-12-27,68,717,633,159,60,460,56,10,8940,,,6740,12047,61,35012,21,0.0,5.0,12,75
2022-12-28,93,712,644,161,54,469,56,6,9091,,,6742,12053,57,35033,23,0.0,5.0,9,89
2022-12-29,54,695,624,156,60,448,53,6,9094,,,6747,12059,60,35049,18,0.0,5.0,12,52
2022-12-30,46,655,606,147,58,426,53,5,7370,,,6749,12064,56,35054,8,0.0,5.0,9,49
2022-12-31,46,642,630,157,53,417,56,3,6624,,,6753,12067,63,35070,22,0.0,5.0,6,47
2023-01-01,74,702,608,158,64,466,57,5,10324,,,6755,12072,64,35083,15,1.0,5.0,17,80
2023-01-02,50,663,584,159,61,411,50,7,8982,,,6760,12079,57,35104,29,1.0,5.0,19,51
2023-01-03,71,633,579,148,59,395,49,7,9298,,,6763,12086,58,35117,15,0.0,6.0,13,63
2023-01-04,75,636,570,145,54,416,52,3,9427,,,6767,12089,60,35128,13,0.0,5.0,7,75
2023-01-05,70,643,574,138,52,426,45,7,9448,,,6768,12096,55,35132,12,0.0,5.0,11,70
2023-01-06,56,612,570,141,51,395,49,8,7599,,,6770,12104,54,35146,15,0.0,5.0,8,52
2023-01-07,48,611,592,145,44,401,49,8,6979,,,6772,12112,55,35161,17,0.0,5.0,5,46
2023-01-08,78,655,582,144,50,438,45,1,10466,,,6773,12113,51,35176,16,0.0,6.0,9,73
2023-01-09,58,642,577,146,48,431,45,2,9429,,,6775,12115,51,35185,16,0.0,5.0,8,66
2023-01-10,69,641,589,138,48,430,41,7,9323,,,6776,12122,50,35198,17,0.0,5.0,9,70
2023-01-11,68,639,566,138,44,435,42,3,9188,,,6779,12125,50,35211,14,0.0,5.0,4,65
2023-01-12,38,601,529,128,37,408,41,6,9001,,,6780,12131,45,35219,9,0.0,5.0,5,38
2023-01-13,46,570,539,117,35,394,40,4,7323,,,6783,12135,43,35225,7,0.0,5.0,6,47
2023-01-14,52,575,555,121,41,401,40,1,6736,,,6784,12136,43,35234,9,0.0,4.0,11,43
2023-01-15,72,622,555,125,40,441,41,4,10255,,,6788,12140,45,35246,12,0.0,3.0,7,70
2023-01-16,59,609,538,131,50,412,38,4,9535,,,6790,12144,41,35264,19,0.0,3.0,19,53
2023-01-17,56,590,535,127,51,388,36,5,9512,,,6794,12149,40,35277,14,0.0,4.0,9,55
2023-01-18,54,578,514,116,50,385,34,8,9275,,,6796,12157,41,35284,7,0.0,3.0,8,53
2023-01-19,56,559,503,110,45,381,32,4,9428,,,6797,12161,37,35291,8,0.0,4.0,8,57
2023-01-20,33,531,498,98,38,369,31,5,7675,,,6800,12166,33,35297,8,0.0,4.0,4,35
2023-01-21,33,520,510,90,41,376,26,6,7038,,,6800,12172,27,35303,7,0.0,4.0,6,37
2023-01-22,73,571,512,105,44,415,28,3,10958,,,6802,12175,28,35318,20,0.0,5.0,6,65
2023-01-23,39,552,498,106,39,387,28,4,9086,,,6804,12179,28,35329,15,0.0,5.0,5,40
2023-01-24,65,558,503,110,43,385,25,4,10061,,,6804,12183,25,35347,22,0.0,5.0,10,55
2023-01-25,71,574,516,107,44,401,28,2,9339,,,6809,12185,28,35361,15,0.0,4.0,7,70
2023-01-26,39,544,471,107,44,373,28,5,9425,,,6809,12190,28,35373,16,0.0,4.0,10,38
2023-01-27,47,510,477,99,45,350,29,6,7618,,,6811,12196,29,35381,8,0.0,4.0,10,45
2023-01-28,43,513,500,106,44,350,30,2,7082,,,6814,12198,30,35392,15,0.0,4.0,4,39
2023-01-29,50,542,484,114,45,368,31,2,10589,,,6818,12200,30,35409,20,0.0,3.0,9,49
2023-01-30,55,544,479,112,54,352,27,4,9327,,,6819,12204,30,35421,18,0.0,3.0,20,48
2023-01-31,42,517,457,117,45,337,34,2,8491,,,6826,12206,35,35440,25,0.0,3.0,8,44
2023-02-01,49,508,456,114,43,322,37,2,8193,,,6833,12208,40,35453,20,0.0,3.0,12,43
2023-02-02,39,488,445,106,44,312,37,8,8608,,,6837,12216,39,35463,13,0.0,3.0,11,44
2023-02-03,33,471,447,100,35,309,38,4,7222,,,6839,12220,38,35471,10,0.0,3.0,6,36
2023-02-04,36,477,459,106,40,320,38,4,6390,,,6840,12224,36,35480,14,0.0,3.0,13,39
2023-02-05,49,504,451,104,39,345,37,3,9865,,,6842,12227,36,35490,12,0.0,3.0,5,52
2023-02-06,42,489,446,107,30,330,36,1,8158,,,6845,12228,36,35500,16,0.0,3.0,2,38
2023-02-07,46,486,452,102,32,329,34,4,7818,,,6848,12232,33,35515,16,0.0,3.0,11,49
2023-02-08,31,470,408,99,32,321,31,3,8020,,,6850,12235,30,35523,10,0.0,3.0,6,30
2023-02-09,43,453,400,87,30,309,29,2,8926,,,6850,12237,29,35526,4,0.0,3.0,4,42
2023-02-10,35,427,413,82,30,298,30,2,7110,,,6851,12239,30,35530,6,0.0,3.0,7,37
2023-02-11,39,443,430,87,29,317,32,4,6470,,,6852,12243,31,35539,11,0.0,2.0,4,35
2023-02-12,43,475,417,91,34,333,35,1,9813,,,6853,12244,33,35547,13,0.0,2.0,9,43
2023-02-13,30,449,410,90,32,307,30,4,8853,,,6853,12248,28,35558,13,0.0,2.0,8,36
2023-02-14,49,449,407,94,33,309,30,1,9041,,,6856,12249,27,35570,15,0.0,2.0,11,56
2023-02-15,50,461,430,95,30,317,32,2,8813,,,6860,12251,30,35582,15,0.0,2.0,4,47
2023-02-16,47,466,403,91,38,317,30,4,8908,,,6862,12255,29,35589,10,0.0,2.0,12,46
2023-02-17,36,442,426,81,37,293,26,3,6889,,,6862,12258,25,35596,9,0.0,2.0,5,35
2023-02-18,42,453,442,83,32,326,27,6,6656,,,6863,12264,27,35605,13,0.0,2.0,3,46
2023-02-19,61,499,450,87,37,360,23,0,10192,,,6864,12264,24,35613,9,0.0,3.0,10,54
2023-02-20,60,513,447,86,38,364,22,5,9251,,,6866,12269,23,35621,13,0.0,2.0,8,57
2023-02-21,60,507,453,78,34,371,23,5,8948,,,6868,12274,20,35629,9,0.0,3.0,3,63
2023-02-22,61,504,450,84,31,367,23,5,9035,,,6870,12279,23,35640,16,0.0,3.0,8,54
2023-02-23,46,496,455,81,27,362,20,3,9131,,,6871,12282,21,35650,11,0.0,4.0,5,43
2023-02-24,41,484,453,83,29,346,18,4,7575,,,6872,12286,20,35662,13,0.0,3.0,9,40
2023-02-25,53,500,486,85,29,371,20,5,6878,,,6873,12291,21,35669,10,0.0,4.0,5,47
2023-02-26,65,542,476,88,27,412,19,2,10725,,,6874,12293,21,35676,8,0.0,3.0,2,66
2023-02-27,54,535,483,82,27,407,20,3,9492,,,6876,12296,21,35684,8,0.0,4.0,7,53
2023-02-28,55,530,469,94,30,388,23,6,9356,,,6881,12302,24,35708,26,0.0,3.0,6,46
2023-03-01,50,518,456,88,28,379,24,5,9385,,,6884,12307,25,35719,13,0.0,4.0,9,50
2023-03-02,63,512,457,88,33,372,18,4,9519,,,6884,12311,20,35730,13,0.0,4.0,11,58
2023-03-03,51,498,471,97,35,346,19,4,7887,,,6887,12315,20,35745,15,0.0,4.0,11,53
2023-03-04,37,510,495,97,35,367,19,0,6939,,,6887,12315,20,35750,8,0.0,4.0,6,36
2023-03-05,58,547,473,95,37,388,15,8,10304,,,6887,12323,17,35757,9,0.0,3.0,11,56
2023-03-06,52,524,466,92,44,365,17,1,8947,,,6888,12324,19,35767,13,0.0,4.0,15,49
2023-03-07,58,520,476,93,33,371,19,6,8588,,,6891,12330,21,35779,15,0.0,4.0,3,60
2023-03-08,46,515,459,93,28,376,19,2,9089,,,6893,12332,21,35790,11,0.0,4.0,8,45
2023-03-09,43,497,435,86,36,357,15,1,9350,,,6893,12333,17,35797,8,0.0,3.0,13,42
2023-03-10,47,478,437,91,27,344,17,2,7463,,,6896,12335,19,35806,13,0.0,3.0,9,48
2023-03-11,48,480,466,95,32,336,19,2,7071,,,6899,12337,23,35817,13,0.0,2.0,11,48
2023-03-12,55,517,448,107,38,356,21,1,10614,,,6902,12338,25,35832,20,0.0,3.0,13,49
2023-03-13,47,501,458,106,24,346,22,6,9649,,,6905,12344,27,35842,13,0.0,2.0,6,55
2023-03-14,50,497,428,112,27,346,22,4,8902,,,6907,12348,27,35855,16,0.0,2.0,7,46
2023-03-15,49,490,433,95,35,322,20,7,8682,,,6907,12355,24,35864,9,0.0,2.0,13,44
2023-03-16,43,455,396,90,26,319,21,2,9064,,,6908,12357,24,35872,8,0.0,3.0,3,49
2023-03-17,43,442,417,82,28,300,19,5,7461,,,6909,12362,22,35881,10,0.0,3.0,7,44
2023-03-18,26,430,412,91,24,302,17,3,6625,,,6910,12365,21,35892,15,0.0,3.0,3,28
2023-03-19,41,447,376,95,27,310,20,3,9646,,,6914,12368,20,35903,13,0.0,4.0,8,47
2023-03-20,14,370,370,89,20,261,19,2,5358,,,6915,12370,22,35912,11,0.0,4.0,7,19
