date,amount,recovered,avg,sum,coronaEvents,recovered_cum,recoveredAvg
2020-02-12,0,0,,9,,109,
2020-02-13,0,0,0.0,9,,109,0.0
2020-02-14,0,0,0.0,9,,109,0.0
2020-02-15,0,0,0.0,9,,109,0.0
2020-02-16,0,0,0.0,9,,109,0.0
2020-02-17,0,0,0.0,9,,109,0.0
2020-02-18,0,0,0.0,9,,109,0.0
2020-02-19,0,0,0.0,9,,109,0.0
2020-02-20,0,1,0.0,9,,110,0.0
2020-02-21,1,0,0.0,10,,110,0.0
2020-02-22,0,0,0.0,10,,110,0.0
2020-02-23,0,0,0.0,10,,110,0.0
2020-02-24,1,0,0.0,11,,110,0.0
2020-02-25,0,0,0.0,11,,110,0.0
2020-02-26,0,0,0.0,11,,110,0.0
2020-02-27,1,0,0.0,12,,110,0.0
2020-02-28,3,0,0.0,15,,110,0.0
2020-02-29,0,0,0.0,15,,110,0.0
2020-03-01,1,0,0.0,16,,110,0.0
2020-03-02,5,0,0.0,21,,110,0.0
2020-03-03,3,0,1.0,24,,110,0.0
2020-03-04,0,0,1.0,24,,110,0.0
2020-03-05,9,0,1.0,33,,110,0.0
2020-03-06,4,0,3.0,37,,110,0.0
2020-03-07,4,0,3.0,41,,110,0.0
2020-03-08,9,0,3.0,50,,110,0.0
2020-03-09,4,0,4.0,54,,110,0.0
2020-03-10,33,0,4.0,87,,110,0.0
2020-03-11,18,0,9.0,105,,110,0.0
2020-03-12,23,0,11.0,128,,110,0.0
2020-03-13,35,1,13.0,163,,111,0.0
2020-03-14,29,0,18.0,192,סגר ראשון ,111,0.0
2020-03-15,40,0,21.0,232,,111,0.0
2020-03-16,73,0,26.0,305,,111,0.0
2020-03-17,94,2,35.0,399,,113,0.0
2020-03-18,125,2,44.0,524,,115,0.0
2020-03-19,135,4,59.0,659,,119,0.0
2020-03-20,168,1,75.0,827,,120,1.0
2020-03-21,209,0,94.0,1036,,120,1.0
2020-03-22,252,5,120.0,1288,,125,1.0
2020-03-23,349,5,150.0,1637,,130,2.0
2020-03-24,418,5,190.0,2055,,135,2.0
2020-03-25,423,6,236.0,2478,,141,3.0
2020-03-26,519,8,279.0,2997,,149,3.0
2020-03-27,431,18,334.0,3428,,167,4.0
2020-03-28,476,9,371.0,3904,,176,6.0
2020-03-29,529,14,409.0,4433,,190,8.0
2020-03-30,549,33,449.0,4982,,223,9.0
2020-03-31,737,43,477.0,5719,,266,13.0
2020-04-01,693,32,523.0,6412,,298,18.0
2020-04-02,724,77,562.0,7136,,375,22.0
2020-04-03,600,54,591.0,7736,,429,32.0
2020-04-04,427,52,615.0,8163,,481,37.0
2020-04-05,584,100,608.0,8747,,581,43.0
2020-04-06,449,118,616.0,9196,,699,55.0
2020-04-07,376,120,602.0,9572,,819,68.0
2020-04-08,340,105,550.0,9912,,924,79.0
2020-04-09,340,110,500.0,10252,,1034,89.0
2020-04-10,355,123,445.0,10607,,1157,94.0
2020-04-11,342,119,410.0,10949,,1276,104.0
2020-04-12,551,258,398.0,11500,,1534,113.0
2020-04-13,437,276,393.0,11937,,1810,136.0
2020-04-14,393,285,391.0,12330,,2095,158.0
2020-04-15,305,275,394.0,12635,,2370,182.0
2020-04-16,296,328,389.0,12931,,2698,206.0
2020-04-17,297,355,382.0,13228,,3053,237.0
2020-04-18,288,249,374.0,13516,,3302,270.0
2020-04-19,274,379,366.0,13790,פתיחת משק חלקית לאחר סגר ראשון,3681,289.0
2020-04-20,297,447,327.0,14087,,4128,306.0
2020-04-21,279,371,307.0,14366,,4499,331.0
2020-04-22,226,390,290.0,14592,,4889,343.0
2020-04-23,274,325,279.0,14866,,5214,359.0
2020-04-24,250,336,276.0,15116,,5550,359.0
2020-04-25,159,374,269.0,15275,,5924,356.0
2020-04-26,82,429,251.0,15357,,6353,374.0
2020-04-27,127,466,223.0,15484,,6819,381.0
2020-04-28,161,563,199.0,15645,,7382,384.0
2020-04-29,82,349,182.0,15727,,7731,411.0
2020-04-30,143,426,162.0,15870,,8157,406.0
2020-05-01,116,421,143.0,15986,,8578,420.0
2020-05-02,57,275,124.0,16043,,8853,432.0
2020-05-03,26,283,109.0,16069,,9136,418.0
2020-05-04,55,257,101.0,16124,,9393,397.0
2020-05-05,33,315,91.0,16157,,9708,367.0
2020-05-06,65,259,73.0,16222,,9967,332.0
2020-05-07,61,224,70.0,16283,,10191,319.0
2020-05-08,33,222,59.0,16316,,10413,290.0
2020-05-09,20,90,47.0,16336,,10503,262.0
2020-05-10,29,168,41.0,16365,,10671,235.0
2020-05-11,39,327,42.0,16404,,10998,219.0
2020-05-12,23,257,40.0,16427,,11255,229.0
2020-05-13,39,176,38.0,16466,,11431,221.0
2020-05-14,22,238,34.0,16488,,11669,209.0
2020-05-15,12,159,29.0,16500,,11828,211.0
2020-05-16,5,99,26.0,16505,,11927,202.0
2020-05-17,15,147,24.0,16520,,12074,203.0
2020-05-18,27,272,22.0,16547,,12346,200.0
2020-05-19,22,149,20.0,16569,,12495,192.0
2020-05-20,15,109,20.0,16584,,12604,177.0
2020-05-21,18,121,16.0,16602,,12725,167.0
2020-05-22,19,160,16.0,16621,,12885,150.0
2020-05-23,5,42,17.0,16626,,12927,151.0
2020-05-24,13,114,17.0,16639,,13041,142.0
2020-05-25,22,132,17.0,16661,,13173,138.0
2020-05-26,50,89,16.0,16711,,13262,118.0
2020-05-27,40,59,20.0,16751,פתיחת משק מלאה לאחר סגר ראשון,13321,109.0
2020-05-28,77,112,23.0,16828,,13433,102.0
2020-05-29,113,39,32.0,16941,,13472,101.0
2020-05-30,29,40,45.0,16970,,13512,83.0
2020-05-31,87,60,49.0,17057,,13572,83.0
2020-06-01,100,67,59.0,17157,,13639,75.0
2020-06-02,122,53,70.0,17279,,13692,66.0
2020-06-03,96,27,81.0,17375,,13719,61.0
2020-06-04,142,42,89.0,17517,,13761,56.0
2020-06-05,127,37,98.0,17644,,13798,46.0
2020-06-06,78,24,100.0,17722,,13822,46.0
2020-06-07,140,42,107.0,17862,,13864,44.0
2020-06-08,179,39,115.0,18041,,13903,41.0
2020-06-09,174,46,126.0,18215,,13949,37.0
2020-06-10,241,51,133.0,18456,,14000,36.0
2020-06-11,193,55,154.0,18649,,14055,40.0
2020-06-12,184,53,161.0,18833,,14108,42.0
2020-06-13,149,41,169.0,18982,,14149,44.0
2020-06-14,137,50,180.0,19119,,14199,46.0
2020-06-15,200,88,179.0,19319,,14287,47.0
2020-06-16,297,51,182.0,19616,,14338,54.0
2020-06-17,268,48,200.0,19884,,14386,55.0
2020-06-18,303,50,204.0,20187,,14436,55.0
2020-06-19,311,57,219.0,20498,,14493,54.0
2020-06-20,160,37,237.0,20658,,14530,55.0
2020-06-21,174,49,239.0,20832,,14579,54.0
2020-06-22,344,60,244.0,21176,,14639,54.0
2020-06-23,452,84,265.0,21628,,14723,50.0
2020-06-24,485,72,287.0,22113,,14795,55.0
2020-06-25,516,76,318.0,22629,,14871,58.0
2020-06-26,463,130,348.0,23092,,15001,62.0
2020-06-27,397,50,370.0,23489,,15051,72.0
2020-06-28,383,139,404.0,23872,,15190,74.0
2020-06-29,759,166,434.0,24631,,15356,87.0
2020-06-30,789,127,493.0,25420,,15483,102.0
2020-07-01,966,98,541.0,26386,,15581,108.0
2020-07-02,1153,124,610.0,27539,,15705,112.0
2020-07-03,941,119,701.0,28480,,15824,119.0
2020-07-04,819,76,769.0,29299,,15900,117.0
2020-07-05,824,143,830.0,30123,,16043,121.0
2020-07-06,1128,193,893.0,31251,,16236,121.0
2020-07-07,1383,172,945.0,32634,,16408,125.0
2020-07-08,1329,225,1030.0,33963,,16633,132.0
2020-07-09,1520,225,1082.0,35483,,16858,150.0
2020-07-10,1404,210,1134.0,36887,,17068,164.0
2020-07-11,1168,191,1201.0,38055,,17259,177.0
2020-07-12,1236,336,1250.0,39291,,17595,194.0
2020-07-13,1717,360,1309.0,41008,,17955,221.0
2020-07-14,1601,313,1393.0,42609,,18268,245.0
2020-07-15,1873,361,1425.0,44482,,18629,265.0
2020-07-16,1936,508,1502.0,46418,,19137,285.0
2020-07-17,1601,481,1562.0,48019,,19618,325.0
2020-07-18,1444,447,1590.0,49463,,20065,364.0
2020-07-19,1016,515,1629.0,50479,,20580,400.0
2020-07-20,1887,624,1598.0,52366,,21204,426.0
2020-07-21,2004,640,1622.0,54370,,21844,464.0
2020-07-22,2039,3700,1680.0,56409,,25544,510.0
2020-07-23,1987,6688,1703.0,58396,,32232,987.0
2020-07-24,1824,1586,1711.0,60220,,33818,1870.0
2020-07-25,1110,587,1743.0,61330,,34405,2028.0
2020-07-26,1040,2714,1695.0,62370,,37119,2048.0
2020-07-27,2048,1749,1698.0,64418,,38868,2362.0
2020-07-28,2120,1547,1721.0,66538,,40415,2523.0
2020-07-29,1957,1391,1738.0,68495,,41806,2653.0
2020-07-30,1786,1674,1726.0,70281,,43480,2323.0
2020-07-31,1359,1290,1697.0,71640,,44770,1606.0
2020-08-01,622,532,1631.0,72262,,45302,1564.0
2020-08-02,708,2422,1561.0,72970,,47724,1556.0
2020-08-03,1799,1776,1514.0,74769,,49500,1515.0
2020-08-04,1724,1638,1478.0,76493,,51138,1518.0
2020-08-05,1686,1474,1422.0,78179,,52612,1531.0
2020-08-06,1675,1738,1383.0,79854,,54350,1543.0
2020-08-07,1760,1204,1367.0,81614,,55554,1552.0
2020-08-08,754,602,1424.0,82368,,56156,1540.0
2020-08-09,922,2323,1443.0,83290,,58479,1550.0
2020-08-10,1696,1389,1474.0,84986,,59868,1536.0
2020-08-11,1822,984,1459.0,86808,,60852,1481.0
2020-08-12,1615,1132,1473.0,88423,,61984,1387.0
2020-08-13,1641,1301,1463.0,90064,,63285,1338.0
2020-08-14,1389,984,1458.0,91453,,64269,1276.0
2020-08-15,754,566,1405.0,92207,,64835,1245.0
2020-08-16,1069,2209,1405.0,93276,,67044,1239.0
2020-08-17,1649,1183,1426.0,94925,,68227,1223.0
2020-08-18,1645,1113,1419.0,96570,,69340,1194.0
2020-08-19,1638,1465,1394.0,98208,,70805,1212.0
2020-08-20,1485,1424,1397.0,99693,,72229,1260.0
2020-08-21,1491,1034,1375.0,101184,,73263,1277.0
2020-08-22,710,661,1390.0,101894,,73924,1284.0
2020-08-23,964,2107,1383.0,102858,,76031,1298.0
2020-08-24,1901,1394,1368.0,104759,,77425,1283.0
2020-08-25,1957,791,1404.0,106716,,78216,1314.0
2020-08-26,1984,3622,1449.0,108700,,81838,1268.0
2020-08-27,2106,1507,1498.0,110806,,83345,1576.0
2020-08-28,1833,1827,1587.0,112639,,85172,1588.0
2020-08-29,907,705,1636.0,113546,,85877,1701.0
2020-08-30,1099,2244,1664.0,114645,,88121,1707.0
2020-08-31,2171,1463,1683.0,116816,,89584,1727.0
2020-09-01,2254,1005,1722.0,119070,,90589,1737.0
2020-09-02,3193,1392,1764.0,122263,,91981,1767.0
2020-09-03,2665,1789,1937.0,124928,,93770,1449.0
2020-09-04,2623,1187,2017.0,127551,,94957,1489.0
2020-09-05,1503,882,2130.0,129054,,95839,1397.0
2020-09-06,2176,2386,2215.0,131230,,98225,1423.0
2020-09-07,3385,1588,2369.0,134615,,99813,1443.0
2020-09-08,3487,1421,2542.0,138102,,101234,1461.0
2020-09-09,3991,1460,2718.0,142093,,102694,1520.0
2020-09-10,4152,1970,2832.0,146245,,104664,1530.0
2020-09-11,3972,1764,3045.0,150217,,106428,1556.0
2020-09-12,2718,1256,3238.0,152935,,107684,1638.0
2020-09-13,3172,3258,3411.0,156107,,110942,1692.0
2020-09-14,4803,2388,3553.0,160910,,113330,1816.0
2020-09-15,5527,2257,3756.0,166437,,115587,1931.0
2020-09-16,4568,2783,4047.0,171005,,118370,2050.0
2020-09-17,5378,3695,4130.0,176383,,122065,2239.0
2020-09-18,5333,2825,4305.0,181716,סגר שני,124890,2485.0
2020-09-19,3809,1433,4499.0,185525,,126323,2637.0
2020-09-20,2576,2464,4655.0,188101,,128787,2662.0
2020-09-21,3869,4629,4570.0,191970,,133416,2549.0
2020-09-22,7019,3497,4437.0,198989,,136913,2869.0
2020-09-23,7142,3801,4650.0,206131,,140714,3046.0
2020-09-24,8258,4562,5018.0,214389,,145276,3192.0
2020-09-25,8385,4117,5429.0,222774,,149393,3315.0
2020-09-26,5879,2388,5865.0,228653,,151781,3500.0
2020-09-27,3435,5658,6161.0,232088,,157439,3636.0
2020-09-28,1153,2158,6283.0,233241,,159597,4093.0
2020-09-29,4986,5758,5895.0,238227,,165355,3740.0
2020-09-30,9051,5092,5605.0,247278,,170447,4063.0
2020-10-01,7717,5739,5878.0,254995,,176186,4247.0
2020-10-02,7053,5562,5800.0,262048,,181748,4415.0
2020-10-03,2593,3478,5610.0,264641,,185226,4622.0
2020-10-04,2931,8083,5141.0,267572,,193309,4777.0
2020-10-05,5700,6928,5069.0,273272,,200237,5124.0
2020-10-06,4717,6386,5718.0,277989,,206623,5805.0
2020-10-07,4152,4872,5680.0,282141,,211495,5895.0
2020-10-08,3752,4778,4980.0,285893,,216273,5864.0
2020-10-09,2954,5078,4414.0,288847,,221351,5726.0
2020-10-10,915,3774,3828.0,289762,,225125,5657.0
2020-10-11,1637,7519,3588.0,291399,,232644,5699.0
2020-10-12,3153,5493,3403.0,294552,,238137,5619.0
2020-10-13,2335,5694,3040.0,296887,,243831,5414.0
2020-10-14,2117,5815,2699.0,299004,,249646,5315.0
2020-10-15,1609,5390,2409.0,300613,,255036,5450.0
2020-10-16,1496,3466,2102.0,302109,,258502,5537.0
2020-10-17,410,2498,1894.0,302519,,261000,5307.0
2020-10-18,921,4881,1822.0,303440,פתיחת סגר שני,265881,5125.0
2020-10-19,1517,2317,1720.0,304957,,268198,4748.0
2020-10-20,1192,1783,1486.0,306149,,269981,4294.0
2020-10-21,1169,3104,1323.0,307318,,273085,3735.0
2020-10-22,1031,3090,1187.0,308349,,276175,3348.0
2020-10-23,849,2418,1105.0,309198,,278593,3019.0
2020-10-24,247,1291,1012.0,309445,,279884,2870.0
2020-10-25,604,2655,989.0,310049,,282539,2697.0
2020-10-26,883,1279,944.0,310932,,283818,2379.0
2020-10-27,885,949,853.0,311817,,284767,2231.0
2020-10-28,724,1280,809.0,312541,,286047,2112.0
2020-10-29,647,1432,746.0,313188,,287479,1851.0
2020-10-30,681,1055,691.0,313869,,288534,1614.0
2020-10-31,228,792,667.0,314097,,289326,1420.0
2020-11-01,657,1497,664.0,314754,,290823,1348.0
2020-11-02,792,909,672.0,315546,,291732,1183.0
2020-11-03,844,720,659.0,316390,,292452,1130.0
2020-11-04,769,629,653.0,317159,,293081,1097.0
2020-11-05,568,836,659.0,317727,,293917,1004.0
2020-11-06,688,884,648.0,318415,,294801,919.0
2020-11-07,212,680,649.0,318627,הקלות סגר שני – פתיחת חנויות רחוב,295481,895.0
2020-11-08,534,678,647.0,319161,,296159,879.0
2020-11-09,722,916,629.0,319883,,297075,762.0
2020-11-10,674,335,619.0,320557,,297410,763.0
2020-11-11,768,1077,595.0,321325,,298487,708.0
2020-11-12,836,1198,595.0,322161,,299685,772.0
2020-11-13,760,731,633.0,322921,,300416,824.0
2020-11-14,291,418,643.0,323212,,300834,802.0
2020-11-15,626,960,655.0,323838,,301794,764.0
2020-11-16,874,652,668.0,324712,,302446,805.0
2020-11-17,830,576,689.0,325542,,303022,767.0
2020-11-18,796,786,712.0,326338,,303808,801.0
2020-11-19,770,747,716.0,327108,,304555,760.0
2020-11-20,772,664,706.0,327880,,305219,695.0
2020-11-21,423,446,708.0,328303,,305665,686.0
2020-11-22,763,991,727.0,329066,,306656,690.0
2020-11-23,961,652,746.0,330027,,307308,694.0
2020-11-24,859,539,759.0,330886,,307847,694.0
2020-11-25,1082,836,763.0,331968,,308683,689.0
2020-11-26,1083,918,804.0,333051,,309601,696.0
2020-11-27,1033,677,849.0,334084,הקלות סגר שני – פיילוט קניונים,310278,720.0
2020-11-28,581,409,886.0,334665,,310687,722.0
2020-11-29,1026,1095,908.0,335691,,311782,717.0
2020-11-30,1257,725,946.0,336948,,312507,732.0
2020-12-01,1199,694,988.0,338147,,313201,742.0
2020-12-02,1588,829,1037.0,339735,,314030,764.0
2020-12-03,1448,1419,1109.0,341183,,315449,763.0
2020-12-04,1515,859,1161.0,342698,,316308,835.0
2020-12-05,1000,588,1230.0,343698,,316896,861.0
2020-12-06,1358,1386,1290.0,345056,,318282,887.0
2020-12-07,1864,903,1337.0,346920,,319185,928.0
2020-12-08,1769,888,1424.0,348689,,320073,954.0
2020-12-09,1869,1019,1506.0,350558,,321092,981.0
2020-12-10,2006,1425,1546.0,352564,,322517,1008.0
2020-12-11,1834,1142,1625.0,354398,,323659,1009.0
2020-12-12,1298,912,1671.0,355696,,324571,1050.0
2020-12-13,1726,1890,1714.0,357422,,326461,1096.0
2020-12-14,2321,1255,1766.0,359743,,327716,1168.0
2020-12-15,2893,1193,1831.0,362636,,328909,1218.0
2020-12-16,2860,1610,1992.0,365496,,330519,1262.0
2020-12-17,2847,1933,2134.0,368343,,332452,1346.0
2020-12-18,2791,1543,2254.0,371134,,333995,1419.0
2020-12-19,1888,1080,2390.0,373022,,335075,1476.0
2020-12-20,3094,2543,2475.0,376116,תחילת חיסונים מנה 1,337618,1500.0
2020-12-21,3860,1544,2670.0,379976,,339162,1593.0
2020-12-22,4380,1615,2890.0,384356,,340777,1635.0
2020-12-23,4037,2013,3102.0,388393,,342790,1695.0
2020-12-24,4049,2854,3271.0,392442,,345644,1753.0
2020-12-25,4005,2387,3442.0,396447,,348031,1884.0
2020-12-26,2658,1793,3616.0,399105,,349824,2005.0
2020-12-27,3533,4174,3726.0,402638,סגר שלישי,353998,2107.0
2020-12-28,5521,2464,3788.0,408159,,356462,2340.0
2020-12-29,5632,2373,4026.0,413791,,358835,2471.0
2020-12-30,5869,3710,4205.0,419660,,362545,2579.0
2020-12-31,5864,4233,4466.0,425524,,366778,2822.0
2021-01-01,6011,3428,4726.0,431535,,370206,3019.0
2021-01-02,4212,2029,5012.0,435747,,372235,3167.0
2021-01-03,5230,5542,5234.0,440977,,377777,3201.0
2021-01-04,8424,3067,5477.0,449401,,380844,3397.0
2021-01-05,8226,2942,5891.0,457627,,383786,3483.0
2021-01-06,7883,4750,6262.0,465510,,388536,3564.0
2021-01-07,7662,5824,6550.0,473172,,394360,3713.0
2021-01-08,8160,4813,6806.0,481332,הידוק סגר שלישי,399173,3940.0
2021-01-09,5164,3060,7113.0,486496,,402233,4138.0
2021-01-10,6954,8313,7249.0,493450,תחילת חיסונים מנה 2,410546,4285.0
2021-01-11,9727,4823,7496.0,503177,,415369,4681.0
2021-01-12,9295,4545,7682.0,512472,,419914,4932.0
2021-01-13,9470,7977,7835.0,521942,,427891,5161.0
2021-01-14,9297,9144,8061.0,531239,,437035,5622.0
2021-01-15,8428,7962,8295.0,539667,,444997,6096.0
2021-01-16,5085,4260,8333.0,544752,,449257,6546.0
2021-01-17,5659,10857,8322.0,550411,,460114,6717.0
2021-01-18,10120,6135,8137.0,560531,,466249,7081.0
2021-01-19,8631,5470,8193.0,569162,,471719,7268.0
2021-01-20,8361,8730,8098.0,577523,,480449,7400.0
2021-01-21,7268,9919,7940.0,584791,,490368,7508.0
2021-01-22,7387,8409,7650.0,592178,,498777,7619.0
2021-01-23,2447,4160,7501.0,594625,,502937,7682.0
2021-01-24,4935,10479,7124.0,599560,,513416,7668.0
2021-01-25,8716,5590,7021.0,608276,,519006,7614.0
2021-01-26,7817,5070,6820.0,616093,,524076,7536.0
2021-01-27,7750,8630,6704.0,623843,,532706,7479.0
2021-01-28,7196,9179,6617.0,631039,,541885,7465.0
2021-01-29,6775,7511,6606.0,637814,,549396,7359.0
2021-01-30,2627,3528,6519.0,640441,,552924,7231.0
2021-01-31,5238,10049,6545.0,645679,,562973,7141.0
2021-02-01,8930,5098,6588.0,654609,,568071,7079.0
2021-02-02,8021,4379,6619.0,662630,,572450,7009.0
2021-02-03,7464,8146,6648.0,670094,,580596,6910.0
2021-02-04,7261,8100,6607.0,677355,,588696,6841.0
2021-02-05,6599,7222,6616.0,683954,,595918,6687.0
2021-02-06,2658,3037,6591.0,686612,,598955,6646.0
2021-02-07,4605,9672,6595.0,691217,פתיחת סגר שלשי ,608627,6575.0
2021-02-08,7854,4966,6505.0,699071,,613593,6522.0
2021-02-09,6172,4893,6351.0,705243,,618486,6503.0
2021-02-10,5676,8209,6087.0,710919,,626695,6576.0
2021-02-11,5084,8703,5832.0,716003,,635398,6585.0
2021-02-12,4674,7190,5521.0,720677,,642588,6671.0
2021-02-13,1890,3380,5246.0,722567,,645968,6667.0
2021-02-14,3489,9556,5136.0,726056,,655524,6716.0
2021-02-15,5199,4839,4977.0,731255,,660363,6699.0
2021-02-16,4584,3725,4597.0,735839,,664088,6681.0
2021-02-17,4169,6477,4370.0,740008,,670565,6514.0
2021-02-18,3337,7438,4155.0,743345,,678003,6267.0
2021-02-19,3793,5878,3906.0,747138,,683881,6086.0
2021-02-20,1255,3368,3780.0,748393,,687249,5899.0
2021-02-21,3113,7360,3689.0,751506,פתיחה חלקית של המשק לאחר סגר שלישי,694609,5897.0
2021-02-22,4811,3643,3635.0,756317,,698252,5583.0
2021-02-23,4442,3144,3580.0,760759,,701396,5412.0
2021-02-24,4377,5336,3560.0,765136,,706732,5329.0
2021-02-25,3820,4973,3589.0,768956,,711705,5166.0
2021-02-26,3819,3728,3658.0,772775,,715433,4814.0
2021-02-27,1443,1560,3662.0,774218,,716993,4507.0
2021-02-28,3029,5616,3689.0,777247,,722609,4249.0
2021-03-01,4854,2724,3677.0,782101,,725333,4000.0
2021-03-02,4404,2907,3683.0,786505,,728240,3868.0
2021-03-03,4671,4566,3678.0,791176,,732806,3834.0
2021-03-04,3659,4746,3720.0,794835,,737552,3724.0
2021-03-05,3695,3949,3697.0,798530,,741501,3692.0
2021-03-06,1841,1907,3679.0,800371,,743408,3724.0
2021-03-07,2367,5667,3736.0,802738,פתיחת משק מלאה לאחר סגר שלישי,749075,3773.0
2021-03-08,3798,2663,3641.0,806536,,751738,3780.0
2021-03-09,3127,2903,3490.0,809663,,754641,3772.0
2021-03-10,2843,4530,3308.0,812506,,759171,3771.0
2021-03-11,2553,4946,3047.0,815059,,764117,3766.0
2021-03-12,2414,3873,2889.0,817473,,767990,3795.0
2021-03-13,787,2009,2706.0,818260,,769999,3784.0
2021-03-14,1436,5769,2555.0,819696,,775768,3798.0
2021-03-15,2130,2605,2422.0,821826,,778373,3813.0
2021-03-16,1563,2220,2184.0,823389,,780593,3805.0
2021-03-17,1544,3604,1960.0,824933,,784197,3707.0
2021-03-18,1261,3567,1775.0,826194,,787764,3575.0
2021-03-19,1087,2532,1590.0,827281,,790296,3378.0
2021-03-20,350,1450,1401.0,827631,,791746,3186.0
2021-03-21,681,3463,1338.0,828312,,795209,3106.0
2021-03-22,992,1672,1230.0,829304,,796881,2777.0
2021-03-23,694,736,1068.0,829998,,797617,2644.0
2021-03-24,480,2235,944.0,830478,,799852,2432.0
2021-03-25,906,2091,792.0,831384,,801943,2236.0
2021-03-26,546,1488,741.0,831930,,803431,2025.0
2021-03-27,244,856,664.0,832174,,804287,1876.0
2021-03-28,134,876,649.0,832308,,805163,1791.0
2021-03-29,391,1467,570.0,832699,,806630,1422.0
2021-03-30,459,809,485.0,833158,,807439,1392.0
2021-03-31,500,1069,451.0,833658,,808508,1403.0
2021-04-01,334,1061,454.0,833992,,809569,1236.0
2021-04-02,419,633,372.0,834411,,810202,1089.0
2021-04-03,123,459,354.0,834534,,810661,967.0
2021-04-04,197,1047,337.0,834731,,811708,910.0
2021-04-05,383,508,346.0,835114,,812216,935.0
2021-04-06,307,491,345.0,835421,,812707,798.0
2021-04-07,273,425,323.0,835694,,813132,752.0
2021-04-08,212,636,290.0,835906,,813768,660.0
2021-04-09,226,577,273.0,836132,,814345,599.0
2021-04-10,86,385,245.0,836218,,814730,591.0
2021-04-11,141,774,240.0,836359,,815504,581.0
2021-04-12,224,357,232.0,836583,,815861,542.0
2021-04-13,198,376,209.0,836781,,816237,520.0
2021-04-14,195,482,194.0,836976,,816719,504.0
2021-04-15,95,260,183.0,837071,,816979,512.0
2021-04-16,110,365,166.0,837181,,817344,458.0
2021-04-17,89,211,149.0,837270,,817555,428.0
2021-04-18,222,543,150.0,837492,"פתיחת לימודים ללא קפסולות, 
ביטול חובת עטיית מסיכה בשטחים פתוחים",818098,403.0
2021-04-19,150,198,161.0,837642,,818296,370.0
2021-04-20,177,225,151.0,837819,,818521,347.0
2021-04-21,123,233,148.0,837942,,818754,326.0
2021-04-22,164,334,138.0,838106,,819088,290.0
2021-04-23,112,265,147.0,838218,,819353,301.0
2021-04-24,36,113,148.0,838254,,819466,287.0
2021-04-25,85,191,140.0,838339,,819657,273.0
2021-04-26,105,145,121.0,838444,,819802,222.0
2021-04-27,126,148,114.0,838570,,819950,215.0
2021-04-28,112,176,107.0,838682,,820126,204.0
2021-04-29,102,168,105.0,838784,,820294,196.0
2021-04-30,79,130,96.0,838863,,820424,172.0
2021-05-01,15,71,92.0,838878,,820495,153.0
2021-05-02,60,216,89.0,838938,,820711,147.0
2021-05-03,97,152,85.0,839035,,820863,150.0
2021-05-04,68,108,84.0,839103,,820971,151.0
2021-05-05,75,139,76.0,839178,,821110,145.0
2021-05-06,56,143,70.0,839234,,821253,140.0
2021-05-07,34,87,64.0,839268,,821340,137.0
2021-05-08,16,64,57.0,839284,,821404,130.0
2021-05-09,34,145,58.0,839318,,821549,129.0
2021-05-10,76,57,54.0,839394,,821606,119.0
2021-05-11,40,85,51.0,839434,,821691,106.0
2021-05-12,29,93,47.0,839463,,821784,102.0
2021-05-13,35,74,40.0,839498,,821858,96.0
2021-05-14,27,64,37.0,839525,,821922,86.0
2021-05-15,20,45,36.0,839545,,821967,83.0
2021-05-16,38,99,37.0,839583,,822066,80.0
2021-05-17,15,18,37.0,839598,,822084,73.0
2021-05-18,28,90,29.0,839626,,822174,68.0
2021-05-19,56,89,27.0,839682,,822263,69.0
2021-05-20,38,74,31.0,839720,,822337,68.0
2021-05-21,22,34,31.0,839742,,822371,68.0
2021-05-22,12,25,31.0,839754,,822396,64.0
2021-05-23,30,85,29.0,839784,,822481,61.0
2021-05-24,30,30,28.0,839814,,822511,59.0
2021-05-25,23,42,30.0,839837,,822553,61.0
2021-05-26,19,36,30.0,839856,,822589,54.0
2021-05-27,17,38,24.0,839873,,822627,46.0
2021-05-28,18,40,21.0,839891,,822667,41.0
2021-05-29,13,17,21.0,839904,,822684,42.0
2021-05-30,4,69,21.0,839908,,822753,41.0
2021-05-31,15,28,17.0,839923,,822781,38.0
2021-06-01,35,36,15.0,839958,,822817,38.0
2021-06-02,13,49,17.0,839971,,822866,37.0
2021-06-03,11,130,16.0,839982,,822996,39.0
2021-06-04,31,12,15.0,840013,,823008,52.0
2021-06-05,6,6,17.0,840019,,823014,48.0
2021-06-06,5,54,16.0,840024,,823068,47.0
2021-06-07,7,52,16.0,840031,,823120,45.0
2021-06-08,30,15,15.0,840061,,823135,48.0
2021-06-09,9,21,14.0,840070,,823156,45.0
2021-06-10,18,32,14.0,840088,,823188,41.0
2021-06-11,18,19,15.0,840106,,823207,27.0
2021-06-12,5,14,13.0,840111,,823221,28.0
2021-06-13,3,28,13.0,840114,,823249,29.0
2021-06-14,26,21,12.0,840140,,823270,25.0
2021-06-15,28,15,15.0,840168,,823285,21.0
2021-06-16,14,10,15.0,840182,,823295,21.0
2021-06-17,31,44,16.0,840213,,823339,19.0
2021-06-18,35,12,17.0,840248,,823351,21.0
2021-06-19,47,9,20.0,840295,,823360,20.0
2021-06-20,58,87,26.0,840353,,823447,19.0
2021-06-21,125,38,34.0,840478,,823485,28.0
2021-06-22,118,10,48.0,840596,,823495,30.0
2021-06-23,159,25,61.0,840755,,823520,30.0
2021-06-24,253,40,81.0,841008,,823560,32.0
2021-06-25,250,16,113.0,841258,,823576,31.0
2021-06-26,132,15,144.0,841390,,823591,32.0
2021-06-27,145,72,156.0,841535,,823663,33.0
2021-06-28,289,57,168.0,841824,,823720,30.0
2021-06-29,308,75,192.0,842132,הפעלת התו הירוק במתחמים מעל 100 איש בגל הרביעי,823795,33.0
2021-06-30,377,93,219.0,842509,,823888,42.0
2021-07-01,299,163,250.0,842808,,824051,52.0
2021-07-02,398,136,257.0,843206,,824187,70.0
2021-07-03,189,96,278.0,843395,,824283,87.0
2021-07-04,353,286,286.0,843748,,824569,98.0
2021-07-05,504,194,316.0,844252,,824763,129.0
2021-07-06,571,174,346.0,844823,,824937,149.0
2021-07-07,533,243,384.0,845356,,825180,163.0
2021-07-08,476,326,406.0,845832,,825506,184.0
2021-07-09,545,246,432.0,846377,,825752,207.0
2021-07-10,262,132,453.0,846639,,825884,223.0
2021-07-11,443,423,463.0,847082,,826307,228.0
2021-07-12,770,280,476.0,847852,,826587,248.0
2021-07-13,750,326,514.0,848602,,826913,260.0
2021-07-14,772,448,539.0,849374,,827361,282.0
2021-07-15,891,561,574.0,850265,,827922,311.0
2021-07-16,1152,469,633.0,851417,,828391,345.0
2021-07-17,444,200,720.0,851861,,828591,377.0
2021-07-18,838,642,746.0,852699,,829233,386.0
2021-07-19,1415,444,802.0,854114,,829677,418.0
2021-07-20,1416,376,894.0,855530,,830053,441.0
2021-07-21,1391,641,989.0,856921,,830694,448.0
2021-07-22,1290,777,1078.0,858211,,831471,476.0
2021-07-23,1442,696,1135.0,859653,,832167,507.0
2021-07-24,972,404,1176.0,860625,,832571,539.0
2021-07-25,1453,1302,1252.0,862078,,833873,568.0
2021-07-26,2134,832,1339.0,864212,,834705,662.0
2021-07-27,2309,898,1442.0,866521,,835603,718.0
2021-07-28,2205,1148,1570.0,868726,,836751,792.0
2021-07-29,2180,1354,1686.0,870906,,838105,865.0
2021-07-30,2474,1226,1813.0,873380,,839331,947.0
2021-07-31,2104,582,1961.0,875484,,839913,1023.0
2021-08-01,2125,1902,2122.0,877609,תחילת חיסונים מנה 3,841815,1048.0
2021-08-02,3861,1110,2218.0,881470,,842925,1134.0
2021-08-03,3311,1251,2465.0,884781,,844176,1174.0
2021-08-04,3509,1837,2608.0,888290,,846013,1224.0
2021-08-05,3886,2255,2794.0,892176,,848268,1323.0
2021-08-06,3888,1901,3038.0,896064,,850169,1451.0
2021-08-07,2935,1007,3240.0,898999,,851176,1548.0
2021-08-08,3445,3254,3359.0,902444,,854430,1609.0
2021-08-09,6379,1999,3547.0,908823,,856429,1802.0
2021-08-10,5859,2348,3907.0,914682,,858777,1929.0
2021-08-11,6026,3246,4271.0,920708,,862023,2085.0
2021-08-12,6149,3620,4631.0,926857,,865643,2287.0
2021-08-13,5975,3235,4954.0,932832,,868878,2482.0
2021-08-14,4232,1567,5252.0,937064,,870445,2672.0
2021-08-15,5195,5054,5437.0,942259,,875499,2752.0
2021-08-16,8793,3410,5687.0,951052,,878909,3009.0
2021-08-17,7990,3311,6032.0,959042,,882220,3211.0
2021-08-18,8036,5268,6337.0,967078,,887488,3349.0
2021-08-19,7839,5826,6624.0,974917,,893314,3637.0
2021-08-20,7903,5450,6865.0,982820,,898764,3953.0
2021-08-21,5414,2709,7141.0,988234,,901473,4269.0
2021-08-22,6592,8159,7310.0,994826,,909632,4432.0
2021-08-23,10111,4973,7509.0,1004937,,914605,4876.0
2021-08-24,10084,4869,7697.0,1015021,,919474,5099.0
2021-08-25,9244,7688,7997.0,1024265,,927162,5322.0
2021-08-26,9123,8541,8169.0,1033388,,935703,5667.0
2021-08-27,8697,7869,8353.0,1042085,,943572,6055.0
2021-08-28,7279,3925,8466.0,1049364,,947497,6401.0
2021-08-29,6791,10646,8732.0,1056155,,958143,6574.0
2021-08-30,11155,6861,8761.0,1067310,,965004,6930.0
2021-08-31,10447,6333,8910.0,1077757,,971337,7199.0
2021-09-01,11300,9279,8962.0,1089057,,980616,7409.0
2021-09-02,11343,10498,9256.0,1100400,,991114,7636.0
2021-09-03,9912,9278,9573.0,1110312,,1000392,7915.0
2021-09-04,5064,5158,9746.0,1115376,,1005550,8117.0
2021-09-05,5866,12332,9430.0,1121242,,1017882,8293.0
2021-09-06,10869,9130,9298.0,1132111,,1027012,8534.0
2021-09-07,6864,4896,9257.0,1138975,,1031908,8858.0
2021-09-08,3320,5827,8745.0,1142295,,1037735,8653.0
2021-09-09,7958,13115,7605.0,1150253,,1050850,8159.0
2021-09-10,9898,11397,7121.0,1160151,,1062247,8533.0
2021-09-11,10290,5762,7119.0,1170441,,1068009,8836.0
2021-09-12,7808,12697,7866.0,1178249,,1080706,8922.0
2021-09-13,10953,7648,8143.0,1189202,,1088354,8974.0
2021-09-14,9856,6810,8155.0,1199058,,1095164,8763.0
2021-09-15,8865,9997,8583.0,1207923,,1105161,9036.0
2021-09-16,3286,3806,9375.0,1211209,,1108967,9632.0
2021-09-17,5025,6844,8708.0,1216234,,1115811,8302.0
2021-09-18,8619,3726,8011.0,1224853,,1119537,7652.0
2021-09-19,6555,15866,7773.0,1231408,,1135403,7361.0
2021-09-20,8828,10696,7594.0,1240236,,1146099,7813.0
2021-09-21,4826,4121,7290.0,1245062,,1150220,8249.0
2021-09-22,6025,11536,6572.0,1251087,,1161756,7865.0
2021-09-23,6452,9711,6166.0,1257539,,1171467,8085.0
2021-09-24,4990,7770,6618.0,1262529,,1179237,8928.0
2021-09-25,2653,3150,6613.0,1265182,,1182387,9060.0
2021-09-26,3874,5344,5761.0,1269056,,1187731,8978.0
2021-09-27,5247,8918,5378.0,1274303,,1196649,7475.0
2021-09-28,2441,5177,4866.0,1276744,,1201826,7221.0
2021-09-29,3635,9523,4526.0,1280379,,1211349,7372.0
2021-09-30,4397,6766,4184.0,1284776,,1218115,7084.0
2021-10-01,3622,4940,3891.0,1288398,,1223055,6664.0
2021-10-02,1739,3641,3695.0,1290137,,1226696,6259.0
2021-10-03,2701,7648,3565.0,1292838,הנחיות חדשות בתו הירוק,1234344,6329.0
2021-10-04,3278,4469,3397.0,1296116,,1238813,6659.0
2021-10-05,2556,4065,3116.0,1298672,,1242878,6023.0
2021-10-06,2427,4643,3132.0,1301099,,1247521,5864.0
2021-10-07,2119,3937,2960.0,1303218,,1251458,5167.0
2021-10-08,2024,3126,2634.0,1305242,,1254584,4763.0
2021-10-09,1040,2999,2406.0,1306282,,1257583,4504.0
2021-10-10,1490,5182,2306.0,1307772,,1262765,4412.0
2021-10-11,2343,2688,2133.0,1310115,,1265453,4060.0
2021-10-12,1817,2933,1999.0,1311932,,1268386,3805.0
2021-10-13,1772,3216,1894.0,1313704,,1271602,3644.0
2021-10-14,1345,3134,1800.0,1315049,,1274736,3440.0
2021-10-15,1575,2194,1690.0,1316624,,1276930,3325.0
2021-10-16,740,1201,1626.0,1317364,,1278131,3192.0
2021-10-17,1221,3010,1583.0,1318585,,1281141,2935.0
2021-10-18,1508,1835,1544.0,1320093,,1282976,2625.0
2021-10-19,1150,1748,1425.0,1321243,,1284724,2503.0
2021-10-20,1036,2305,1330.0,1322279,,1287029,2334.0
2021-10-21,992,2326,1225.0,1323271,,1289355,2203.0
2021-10-22,983,1730,1174.0,1324254,,1291085,2088.0
2021-10-23,332,953,1090.0,1324586,,1292038,2022.0
2021-10-24,842,2248,1031.0,1325428,,1294286,1986.0
2021-10-25,930,1349,977.0,1326358,,1295635,1877.0
2021-10-26,729,1367,895.0,1327087,,1297002,1808.0
2021-10-27,648,1509,834.0,1327735,,1298511,1754.0
2021-10-28,661,1363,779.0,1328396,,1299874,1640.0
2021-10-29,618,1174,732.0,1329014,,1301048,1502.0
2021-10-30,225,640,680.0,1329239,,1301688,1423.0
2021-10-31,527,1391,664.0,1329766,,1303079,1378.0
2021-11-01,691,814,619.0,1330457,היתר כניסת תיירים לישראל על פי מתווה,1303893,1256.0
2021-11-02,665,868,585.0,1331122,,1304761,1179.0
2021-11-03,616,970,576.0,1331738,,1305731,1108.0
2021-11-04,519,988,571.0,1332257,,1306719,1031.0
2021-11-05,558,657,551.0,1332815,,1307376,977.0
2021-11-06,199,430,543.0,1333014,,1307806,904.0
2021-11-07,501,881,539.0,1333515,,1308687,874.0
2021-11-08,566,495,535.0,1334081,,1309182,801.0
2021-11-09,473,520,517.0,1334554,,1309702,755.0
2021-11-10,498,714,490.0,1335052,,1310416,705.0
2021-11-11,393,699,473.0,1335445,,1311115,669.0
2021-11-12,448,602,455.0,1335893,,1311717,628.0
2021-11-13,225,356,439.0,1336118,,1312073,620.0
2021-11-14,399,676,443.0,1336517,,1312749,609.0
2021-11-15,536,456,428.0,1337053,,1313205,580.0
2021-11-16,558,510,424.0,1337611,,1313715,574.0
2021-11-17,483,536,436.0,1338094,,1314251,573.0
2021-11-18,469,607,434.0,1338563,,1314858,547.0
2021-11-19,509,377,445.0,1339072,,1315235,534.0
2021-11-20,237,291,454.0,1339309,,1315526,502.0
2021-11-21,454,666,455.0,1339763,,1316192,493.0
2021-11-22,715,316,463.0,1340478,תחילת מבצע חיסונים לילדים בני 5-11,1316508,491.0
2021-11-23,603,335,489.0,1341081,,1316843,471.0
2021-11-24,543,506,495.0,1341624,,1317349,446.0
2021-11-25,538,554,504.0,1342162,,1317903,442.0
2021-11-26,542,391,514.0,1342704,,1318294,435.0
2021-11-27,169,308,518.0,1342873,,1318602,437.0
2021-11-28,542,766,509.0,1343415,,1319368,439.0
2021-11-29,700,451,521.0,1344115,,1319819,453.0
2021-11-30,577,546,519.0,1344692,,1320365,473.0
2021-12-01,563,625,515.0,1345255,,1320990,503.0
2021-12-02,520,642,518.0,1345775,,1321632,520.0
2021-12-03,486,520,516.0,1346261,,1322152,532.0
2021-12-04,248,313,508.0,1346509,,1322465,551.0
2021-12-05,539,718,519.0,1347048,,1323183,551.0
2021-12-06,739,446,519.0,1347787,,1323629,545.0
2021-12-07,812,504,524.0,1348599,,1324133,544.0
2021-12-08,714,633,558.0,1349313,,1324766,538.0
2021-12-09,647,670,579.0,1349960,,1325436,539.0
2021-12-10,607,548,597.0,1350567,,1325984,543.0
2021-12-11,236,539,615.0,1350803,,1326523,547.0
2021-12-12,492,705,613.0,1351295,,1327228,579.0
2021-12-13,772,425,606.0,1352067,,1327653,577.0
2021-12-14,702,461,611.0,1352769,,1328114,574.0
2021-12-15,789,663,595.0,1353558,,1328777,568.0
2021-12-16,862,830,606.0,1354420,,1329607,573.0
2021-12-17,877,696,637.0,1355297,,1330303,595.0
2021-12-18,393,427,675.0,1355690,,1330730,617.0
2021-12-19,1024,733,698.0,1356714,,1331463,601.0
2021-12-20,1331,501,774.0,1358045,,1331964,605.0
2021-12-21,1200,438,854.0,1359245,,1332402,615.0
2021-12-22,1415,630,925.0,1360660,,1333032,612.0
2021-12-23,1514,667,1014.0,1362174,,1333699,607.0
2021-12-24,1789,666,1107.0,1363963,,1334365,584.0
2021-12-25,806,454,1238.0,1364769,,1334819,580.0
2021-12-26,1805,901,1297.0,1366574,,1335720,584.0
2021-12-27,2972,768,1408.0,1369546,,1336488,608.0
2021-12-28,3241,1213,1643.0,1372787,,1337701,646.0
2021-12-29,4071,1215,1934.0,1376858,,1338916,757.0
2021-12-30,5079,1334,2314.0,1381937,,1340250,840.0
2021-12-31,5493,1155,2823.0,1387430,,1341405,935.0
2022-01-01,4230,1050,3352.0,1391660,,1342455,1005.0
2022-01-02,6609,1881,3841.0,1398269,תחילת חיסונים מנה 4 לבני 60 ומעלה ולצוותים רפואיים,1344336,1090.0
2022-01-03,10954,1455,4527.0,1409223,,1345791,1230.0
2022-01-04,12641,1848,5668.0,1421864,,1347639,1329.0
2022-01-05,18613,2711,7011.0,1440477,שינוי מדיניות בדיקות ובידודים - אנטיגן קובע מאומתים,1350350,1419.0
2022-01-06,19137,3548,9088.0,1459614,,1353898,1633.0
2022-01-07,22023,3707,11096.0,1481637,,1357605,1949.0
2022-01-08,22907,3142,13458.0,1504544,,1360747,2314.0
2022-01-09,31180,6185,16126.0,1535724,,1366932,2613.0
2022-01-10,41448,5023,19636.0,1577172,,1371955,3228.0
2022-01-11,47491,6985,23992.0,1624663,,1378940,3737.0
2022-01-12,48595,11762,28971.0,1673258,,1390702,4471.0
2022-01-13,49271,57947,33254.0,1722529,,1448649,5764.0
2022-01-14,45890,20055,37559.0,1768419,,1468704,13535.0
2022-01-15,45100,15838,40968.0,1813519,,1484542,15871.0
2022-01-16,64811,39519,44139.0,1878330,,1524061,17685.0
2022-01-17,72095,44935,48943.0,1950425,,1568996,22447.0
2022-01-18,73917,48332,53321.0,2024342,,1617328,28148.0
2022-01-19,75150,94467,57097.0,2099492,,1711795,34055.0
2022-01-20,75147,27930,60890.0,2174639,,1739725,45870.0
2022-01-21,65652,88463,64587.0,2240291,,1828188,41582.0
2022-01-22,67961,69475,67410.0,2308252,,1897663,51354.0
2022-01-23,85283,77138,70676.0,2393535,,1974801,59017.0
2022-01-24,83774,75427,73600.0,2477309,,2050228,64391.0
2022-01-25,76397,61291,75269.0,2553706,,2111519,68747.0
2022-01-26,67925,65548,75623.0,2621631,,2177067,70598.0
2022-01-27,57766,65333,74591.0,2679397,שינוי מדיניות בדיקות בחינוך - 2 בדיקות בשבוע לתלמידים,2242400,66467.0
2022-01-28,53794,48790,72108.0,2733191,,2291190,71810.0
2022-01-29,49467,97386,70414.0,2782658,,2388576,66143.0
2022-01-30,74561,77299,67772.0,2857219,,2465875,70130.0
2022-01-31,67913,65889,66240.0,2925132,,2531764,70153.0
2022-02-01,60573,62695,63974.0,2985705,,2594459,68790.0
2022-02-02,60935,44159,61714.0,3046640,,2638618,68991.0
2022-02-03,46796,55889,60715.0,3093436,,2694507,65935.0
2022-02-04,38288,78395,59148.0,3131724,,2772902,64586.0
2022-02-05,33670,32907,56933.0,3165394,,2805809,68816.0
2022-02-06,52756,82411,54676.0,3218150,,2888220,59604.0
2022-02-07,44041,57882,51561.0,3262191,,2946102,60335.0
2022-02-08,38305,47104,48151.0,3300496,,2993206,59191.0
2022-02-09,37435,33091,44970.0,3337931,,3026297,56963.0
2022-02-10,27951,35098,41613.0,3365882,,3061395,55382.0
2022-02-11,22530,45662,38920.0,3388412,,3107057,52412.0
2022-02-12,18057,26445,36669.0,3406469,,3133502,47736.0
2022-02-13,31643,43284,34439.0,3438112,,3176786,46813.0
2022-02-14,23698,67337,31423.0,3461810,,3244123,41223.0
2022-02-15,20440,28146,28517.0,3482250,,3272269,42574.0
2022-02-16,21315,25113,25964.0,3503565,,3297382,39866.0
2022-02-17,15517,23849,23662.0,3519082,,3321231,38726.0
2022-02-18,12594,32557,21885.0,3531676,,3353788,37119.0
2022-02-19,10371,19217,20466.0,3542047,,3373005,35247.0
2022-02-20,17720,27746,19368.0,3559767,,3400751,34214.0
2022-02-21,13084,26400,17379.0,3572851,,3427151,31995.0
2022-02-22,12166,17784,15863.0,3585017,,3444935,26146.0
2022-02-23,11959,14098,14681.0,3596976,,3459033,24666.0
2022-02-24,9157,15675,13344.0,3606133,,3474708,23093.0
2022-02-25,7779,22124,12435.0,3613912,,3496832,21925.0
2022-02-26,6002,13351,11748.0,3619914,,3510183,20434.0
2022-02-27,10912,14500,11123.0,3630826,,3524683,19596.0
2022-02-28,8529,13684,10151.0,3639355,,3538367,17704.0
2022-03-01,7754,11726,9500.0,3647109,,3550093,15888.0
2022-03-02,8316,8460,8870.0,3655425,,3558553,15022.0
2022-03-03,6812,11174,8349.0,3662237,,3569727,14217.0
2022-03-04,6059,12504,8014.0,3668296,,3582231,13574.0
2022-03-05,4678,9350,7769.0,3672974,,3591581,12199.0
2022-03-06,7760,9613,7580.0,3680734,,3601194,11628.0
2022-03-07,7397,9323,7129.0,3688131,,3610517,10930.0
2022-03-08,6616,10482,6968.0,3694747,,3620999,10307.0
2022-03-09,6950,6616,6805.0,3701697,,3627615,10129.0
2022-03-10,5722,6513,6610.0,3707419,,3634128,9866.0
2022-03-11,5341,9722,6454.0,3712760,,3643850,9200.0
2022-03-12,3971,7151,6352.0,3716731,,3651001,8802.0
2022-03-13,5993,9045,6251.0,3722724,,3660046,8488.0
2022-03-14,6566,7826,5998.0,3729290,,3667872,8407.0
2022-03-15,6338,7235,5879.0,3735628,,3675107,8193.0
2022-03-16,6790,4886,5840.0,3742418,,3679993,7729.0
2022-03-17,6985,5247,5817.0,3749403,,3685240,7482.0
2022-03-18,7331,7108,5997.0,3756734,,3692348,7301.0
2022-03-19,7808,5860,6282.0,3764542,,3698208,6928.0
2022-03-20,12927,7413,6830.0,3777469,,3705621,6743.0
2022-03-21,14770,6629,7820.0,3792239,,3712250,6510.0
2022-03-22,13454,6841,8992.0,3805693,,3719091,6339.0
2022-03-23,14099,6043,10009.0,3819792,,3725134,6283.0
2022-03-24,12039,10143,11053.0,3831831,,3735277,6448.0
2022-03-25,11815,13794,11775.0,3843646,,3749071,7148.0
2022-03-26,9862,12413,12416.0,3853508,,3761484,8103.0
2022-03-27,15865,14096,12709.0,3869373,,3775580,9039.0
2022-03-28,15334,12841,13129.0,3884707,,3788421,9994.0
2022-03-29,14239,12461,13209.0,3898946,,3800882,10881.0
2022-03-30,12164,9521,13321.0,3911110,,3810403,11684.0
2022-03-31,10705,11408,13045.0,3921815,,3821811,12181.0
2022-04-01,10504,16303,12854.0,3932319,,3838114,12362.0
2022-04-02,7367,13242,12667.0,3939686,,3851356,12720.0
2022-04-03,10788,13777,12311.0,3950474,,3865133,12838.0
2022-04-04,10912,12243,11585.0,3961386,,3877376,12793.0
2022-04-05,9345,10941,10954.0,3970731,,3888317,12707.0
2022-04-06,8066,8610,10255.0,3978797,,3896927,12490.0
2022-04-07,6801,9111,9669.0,3985598,,3906038,12360.0
2022-04-08,6711,12514,9111.0,3992309,,3918552,12032.0
2022-04-09,4672,9564,8570.0,3996981,,3928116,11491.0
2022-04-10,6750,9285,8185.0,4003731,,3937401,10965.0
2022-04-11,6638,7780,7608.0,4010369,,3945181,10324.0
2022-04-12,5414,6927,6997.0,4015783,,3952108,9686.0
2022-04-13,4791,5833,6436.0,4020574,,3957941,9113.0
2022-04-14,4725,6024,5968.0,4025299,,3963965,8716.0
2022-04-15,3849,7554,5671.0,4029148,,3971519,8275.0
2022-04-16,2284,3864,5262.0,4031432,,3975383,7566.0
2022-04-17,4103,7452,4921.0,4035535,,3982835,6752.0
2022-04-18,4295,4882,4543.0,4039830,,3987717,6490.0
2022-04-19,4611,4838,4208.0,4044441,,3992555,6076.0
2022-04-20,4068,3656,4094.0,4048509,,3996211,5778.0
2022-04-21,3790,3533,3990.0,4052299,,3999744,5467.0
2022-04-22,2476,4730,3857.0,4054775,,4004474,5111.0
2022-04-23,2550,4379,3661.0,4057325,ביטול חובת עטיית מסיכה בחללים סגורים,4008853,4707.0
2022-04-24,3977,4927,3699.0,4061302,,4013780,4781.0
2022-04-25,4460,4413,3681.0,4065762,,4018193,4420.0
2022-04-26,3429,4262,3704.0,4069191,,4022455,4353.0
2022-04-27,2652,3068,3535.0,4071843,,4025523,4271.0
2022-04-28,2652,3567,3333.0,4074495,,4029090,4187.0
2022-04-29,2436,4817,3170.0,4076931,,4033907,4192.0
2022-04-30,1621,3953,3165.0,4078552,,4037860,4204.0
2022-05-01,2349,3738,3032.0,4080901,,4041598,4143.0
2022-05-02,2454,3109,2799.0,4083355,,4044707,3974.0
2022-05-03,2422,2751,2513.0,4085777,,4047458,3787.0
2022-05-04,2039,1937,2369.0,4087816,,4049395,3571.0
2022-05-05,1089,3113,2281.0,4088905,,4052508,3410.0
2022-05-06,2252,3001,2058.0,4091157,,4055509,3345.0
2022-05-07,1814,2725,2032.0,4092971,,4058234,3086.0
2022-05-08,2604,2610,2059.0,4095575,,4060844,2910.0
2022-05-09,2786,2075,2096.0,4098361,,4062919,2749.0
2022-05-10,2254,1821,2143.0,4100615,,4064740,2601.0
2022-05-11,2094,2092,2119.0,4102709,,4066832,2468.0
2022-05-12,2043,2875,2127.0,4104752,,4069707,2491.0
2022-05-13,2044,3215,2263.0,4106796,,4072922,2457.0
2022-05-14,1485,2559,2234.0,4108281,,4075481,2487.0
2022-05-15,2405,2415,2187.0,4110686,,4077896,2463.0
2022-05-16,2528,2020,2158.0,4113214,,4079916,2436.0
2022-05-17,2312,2459,2121.0,4115526,,4082375,2428.0
2022-05-18,2181,1775,2130.0,4117707,,4084150,2519.0
2022-05-19,1959,1850,2142.0,4119666,,4086000,2474.0
2022-05-20,2162,2387,2130.0,4121828,"ביטול חובת בדיקות לחוזרים מחו""ל",4088387,2327.0
2022-05-21,1249,2634,2147.0,4123077,,4091021,2209.0
2022-05-22,1986,2310,2113.0,4125063,,4093331,2220.0
2022-05-23,2237,2184,2053.0,4127300,ביטול חובת עטיית מסיכה בטיסות,4095515,2205.0
2022-05-24,1930,2402,2012.0,4129230,,4097917,2228.0
2022-05-25,2149,1830,1957.0,4131379,,4099747,2220.0
2022-05-26,1792,1509,1953.0,4133171,,4101256,2228.0
2022-05-27,1845,2749,1929.0,4135016,,4104005,2179.0
2022-05-28,1310,1272,1884.0,4136326,,4105277,2231.0
2022-05-29,2426,3017,1892.0,4138752,,4108294,2036.0
2022-05-30,2900,1852,1955.0,4141652,,4110146,2137.0
2022-05-31,2471,1928,2050.0,4144123,,4112074,2090.0
2022-06-01,2461,1420,2127.0,4146584,,4113494,2022.0
2022-06-02,2236,1383,2172.0,4148820,,4114877,1963.0
2022-06-03,2407,3130,2235.0,4151227,,4118007,1945.0
2022-06-04,1578,2239,2315.0,4152805,,4120246,2000.0
2022-06-05,2050,2323,2354.0,4154855,,4122569,2138.0
2022-06-06,3751,2183,2300.0,4158606,,4124752,2039.0
2022-06-07,4768,2586,2422.0,4163374,,4127338,2086.0
2022-06-08,4998,1855,2750.0,4168372,,4129193,2180.0
2022-06-09,5870,2030,3112.0,4174242,,4131223,2242.0
2022-06-10,4675,2268,3631.0,4178917,,4133491,2335.0
2022-06-11,3340,3890,3955.0,4182257,,4137381,2212.0
2022-06-12,5846,4545,4207.0,4188103,,4141926,2447.0
2022-06-13,7511,4692,4749.0,4195614,,4146618,2765.0
2022-06-14,7715,4953,5286.0,4203329,,4151571,3123.0
2022-06-15,6735,3931,5707.0,4210064,,4155502,3461.0
2022-06-16,7554,3835,5956.0,4217618,,4159337,3758.0
2022-06-17,7116,7072,6196.0,4224734,,4166409,4016.0
2022-06-18,4971,5947,6545.0,4229705,,4172356,4702.0
2022-06-19,10241,7153,6778.0,4239946,,4179509,4996.0
2022-06-20,10809,6394,7406.0,4250755,,4185903,5369.0
2022-06-21,10909,6405,7877.0,4261664,,4192308,5612.0
2022-06-22,9700,5267,8333.0,4271364,,4197575,5819.0
2022-06-23,10195,6592,8757.0,4281559,,4204167,6010.0
2022-06-24,9644,10170,9134.0,4291203,,4214337,6404.0
2022-06-25,6322,8960,9495.0,4297525,,4223297,6846.0
2022-06-26,11508,10341,9688.0,4309033,,4233638,7277.0
2022-06-27,12915,8601,9869.0,4321948,,4242239,7732.0
2022-06-28,12126,9640,10170.0,4334074,,4251879,8048.0
2022-06-29,11184,6689,10344.0,4345258,,4258568,8510.0
2022-06-30,10178,7251,10556.0,4355436,,4265819,8713.0
2022-07-01,9447,12420,10553.0,4364883,,4278239,8807.0
2022-07-02,6909,10442,10525.0,4371792,,4288681,9128.0
2022-07-03,12249,11262,10609.0,4384041,,4299943,9340.0
2022-07-04,13935,9158,10715.0,4397976,,4309101,9472.0
2022-07-05,12057,9891,10861.0,4410033,,4318992,9551.0
2022-07-06,10528,7411,10851.0,4420561,,4326403,9587.0
2022-07-07,10006,8014,10757.0,4430567,,4334417,9690.0
2022-07-08,9149,13606,10733.0,4439716,,4348023,9799.0
2022-07-09,5702,10868,10690.0,4445418,,4358891,9969.0
2022-07-10,10506,11381,10518.0,4455924,,4370272,10030.0
2022-07-11,11717,9464,10269.0,4467641,,4379736,10047.0
2022-07-12,9660,10008,9952.0,4477301,,4389744,10090.0
2022-07-13,8304,7269,9609.0,4485605,,4397013,10107.0
2022-07-14,8017,5955,9292.0,4493622,,4402968,10087.0
2022-07-15,7636,12133,9007.0,4501258,,4415101,9793.0
2022-07-16,4364,9635,8791.0,4505622,,4424736,9582.0
2022-07-17,7993,10593,8600.0,4513615,,4435329,9406.0
2022-07-18,8739,7926,8241.0,4522354,,4443255,9293.0
2022-07-19,7012,8513,7816.0,4529366,,4451768,9074.0
2022-07-20,6216,6284,7437.0,4535582,,4458052,8860.0
2022-07-21,5521,5919,7139.0,4541103,,4463971,8719.0
2022-07-22,5166,6463,6783.0,4546269,,4470434,8714.0
2022-07-23,2884,9313,6430.0,4549153,,4479747,7904.0
2022-07-24,5637,8325,6218.0,4554790,,4488072,7858.0
2022-07-25,5640,4370,5882.0,4560430,,4492442,7534.0
2022-07-26,5495,4730,5439.0,4565925,,4497172,7026.0
2022-07-27,4403,3784,5222.0,4570328,,4500956,6486.0
2022-07-28,4089,8873,4963.0,4574417,,4509829,6129.0
2022-07-29,3345,6986,4759.0,4577762,,4516815,6551.0
2022-07-30,2097,5638,4499.0,4579859,,4522453,6625.0
2022-07-31,3698,5585,4386.0,4583557,,4528038,6100.0
2022-08-01,4285,4589,4109.0,4587842,,4532627,5709.0
2022-08-02,3561,5302,3916.0,4591403,,4537929,5740.0
2022-08-03,2999,3849,3639.0,4594402,,4541778,5822.0
2022-08-04,2806,3605,3439.0,4597208,,4545383,5831.0
2022-08-05,2444,5295,3255.0,4599652,,4550678,5079.0
2022-08-06,1269,4225,3127.0,4600921,,4554903,4837.0
2022-08-07,2303,4049,3008.0,4603224,,4558952,4635.0
2022-08-08,2557,3143,2809.0,4605781,,4562095,4416.0
2022-08-09,2309,3843,2562.0,4608090,,4565938,4209.0
2022-08-10,1984,2758,2383.0,4610074,,4568696,4001.0
2022-08-11,1651,2271,2238.0,4611725,,4570967,3845.0
2022-08-12,1537,3374,2073.0,4613262,,4574341,3654.0
2022-08-13,827,2938,1944.0,4614089,,4577279,3380.0
2022-08-14,1526,2592,1881.0,4615615,,4579871,3196.0
2022-08-15,1829,2019,1770.0,4617444,,4581890,2988.0
2022-08-16,1491,2590,1666.0,4618935,,4584480,2827.0
2022-08-17,1331,1759,1549.0,4620266,,4586239,2648.0
2022-08-18,1342,1850,1456.0,4621608,,4588089,2506.0
2022-08-19,1203,2573,1411.0,4622811,,4590662,2446.0
2022-08-20,466,1901,1364.0,4623277,,4592563,2331.0
2022-08-21,1153,1860,1312.0,4624430,,4594423,2183.0
2022-08-22,1310,1194,1259.0,4625740,,4595617,2078.0
2022-08-23,1097,1566,1185.0,4626837,,4597183,1961.0
2022-08-24,1043,1289,1128.0,4627880,,4598472,1814.0
2022-08-25,887,1526,1087.0,4628767,,4599998,1747.0
2022-08-26,915,1463,1022.0,4629682,,4601461,1701.0
2022-08-27,517,1389,981.0,4630199,,4602850,1542.0
2022-08-28,992,1163,988.0,4631191,,4604013,1469.0
2022-08-29,1098,1413,965.0,4632289,,4605426,1370.0
2022-08-30,896,1989,935.0,4633185,,4607415,1401.0
2022-08-31,845,913,906.0,4634030,,4608328,1461.0
2022-09-01,889,956,878.0,4634919,,4609284,1408.0
2022-09-02,827,1404,878.0,4635746,,4610688,1326.0
2022-09-03,476,965,866.0,4636222,,4611653,1318.0
2022-09-04,853,1092,860.0,4637075,,4612745,1257.0
2022-09-05,1041,995,840.0,4638116,,4613740,1247.0
2022-09-06,928,1083,832.0,4639044,,4614823,1187.0
2022-09-07,911,935,837.0,4639955,,4615758,1058.0
2022-09-08,978,849,846.0,4640933,,4616607,1061.0
2022-09-09,823,1258,859.0,4641756,,4617865,1046.0
2022-09-10,560,916,858.0,4642316,,4618781,1025.0
2022-09-11,1088,948,870.0,4643404,,4619729,1018.0
2022-09-12,1386,931,904.0,4644790,,4620660,997.0
2022-09-13,1195,1084,953.0,4645985,,4621744,988.0
2022-09-14,1108,818,991.0,4647093,,4622562,988.0
2022-09-15,1139,969,1019.0,4648232,,4623531,972.0
2022-09-16,1077,1638,1042.0,4649309,,4625169,989.0
2022-09-17,643,1172,1079.0,4649952,,4626341,1043.0
2022-09-18,1349,1361,1090.0,4651301,,4627702,1080.0
2022-09-19,1332,1149,1128.0,4652633,,4628851,1139.0
2022-09-20,1182,1301,1120.0,4653815,,4630152,1170.0
2022-09-21,1196,888,1118.0,4655011,,4631040,1201.0
2022-09-22,949,940,1131.0,4655960,,4631980,1211.0
2022-09-23,1038,1628,1104.0,4656998,,4633608,1207.0
2022-09-24,538,1223,1098.0,4657536,,4634831,1205.0
2022-09-25,903,1256,1083.0,4658439,,4636087,1212.0
2022-09-26,446,980,1019.0,4658885,,4637067,1197.0
2022-09-27,597,902,893.0,4659482,,4637969,1173.0
2022-09-28,1194,966,809.0,4660676,,4638935,1116.0
2022-09-29,1497,540,809.0,4662173,,4639475,1127.0
2022-09-30,1043,1049,887.0,4663216,,4640524,1070.0
2022-10-01,436,517,888.0,4663652,,4641041,988.0
2022-10-02,947,688,873.0,4664599,,4641729,887.0
2022-10-03,1190,1469,880.0,4665789,,4643198,806.0
2022-10-04,583,1290,986.0,4666372,,4644488,875.0
2022-10-05,81,682,984.0,4666453,,4645170,931.0
2022-10-06,851,799,825.0,4667304,,4645969,890.0
2022-10-07,892,750,733.0,4668196,,4646719,927.0
2022-10-08,393,1240,711.0,4668589,,4647959,885.0
2022-10-09,664,335,705.0,4669253,,4648294,988.0
2022-10-10,297,273,664.0,4669550,,4648567,937.0
2022-10-11,794,1123,537.0,4670344,,4649690,767.0
2022-10-12,790,564,567.0,4671134,,4650254,743.0
2022-10-13,753,601,668.0,4671887,,4650855,726.0
2022-10-14,657,641,654.0,4672544,,4651496,698.0
2022-10-15,355,404,621.0,4672899,,4651900,682.0
2022-10-16,604,850,615.0,4673503,,4652750,563.0
2022-10-17,407,664,607.0,4673910,,4653414,636.0
2022-10-18,798,841,622.0,4674708,,4654255,692.0
2022-10-19,857,502,623.0,4675565,,4654757,652.0
2022-10-20,745,524,633.0,4676310,,4655281,643.0
2022-10-21,801,644,631.0,4677111,,4655925,632.0
2022-10-22,392,432,652.0,4677503,,4656357,632.0
2022-10-23,827,1127,657.0,4678330,,4657484,636.0
2022-10-24,966,790,689.0,4679296,,4658274,676.0
2022-10-25,828,827,769.0,4680124,,4659101,694.0
2022-10-26,828,480,773.0,4680952,,4659581,692.0
2022-10-27,888,607,769.0,4681840,,4660188,689.0
2022-10-28,669,783,790.0,4682509,,4660971,701.0
2022-10-29,512,1161,771.0,4683021,,4662132,720.0
2022-10-30,984,926,788.0,4684005,,4663058,825.0
2022-10-31,1291,790,810.0,4685296,,4663848,796.0
2022-11-01,521,861,857.0,4685817,,4664709,796.0
2022-11-02,996,533,813.0,4686813,,4665242,801.0
2022-11-03,989,522,837.0,4687802,,4665764,808.0
2022-11-04,885,1112,851.0,4688687,,4666876,796.0
2022-11-05,667,951,882.0,4689354,,4667827,843.0
2022-11-06,965,607,904.0,4690319,,4668434,813.0
2022-11-07,1308,1008,902.0,4691627,,4669442,768.0
2022-11-08,1154,830,904.0,4692781,,4670272,799.0
2022-11-09,1127,585,994.0,4693908,,4670857,794.0
2022-11-10,1055,749,1013.0,4694963,,4671606,802.0
2022-11-11,975,1340,1023.0,4695938,,4672946,834.0
2022-11-12,589,1007,1035.0,4696527,,4673953,867.0
2022-11-13,1279,1173,1024.0,4697806,,4675126,875.0
2022-11-14,1560,1146,1069.0,4699366,,4676272,956.0
2022-11-15,1473,935,1105.0,4700839,,4677207,975.0
2022-11-16,1226,763,1151.0,4702065,,4677970,990.0
2022-11-17,1389,716,1165.0,4703454,,4678686,1016.0
2022-11-18,1252,1553,1213.0,4704706,,4680239,1011.0
2022-11-19,646,1207,1252.0,4705352,,4681446,1041.0
2022-11-20,1519,1328,1260.0,4706871,,4682774,1070.0
2022-11-21,1795,1110,1295.0,4708666,,4683884,1092.0
2022-11-22,1685,1176,1328.0,4710351,,4685060,1087.0
2022-11-23,1483,902,1358.0,4711834,,4685962,1121.0
2022-11-24,1604,926,1395.0,4713438,,4686888,1141.0
2022-11-25,1369,1683,1426.0,4714807,,4688571,1171.0
2022-11-26,773,1409,1443.0,4715580,,4689980,1190.0
2022-11-27,1660,1460,1461.0,4717240,,4691440,1219.0
2022-11-28,2043,1631,1481.0,4719283,,4693071,1238.0
2022-11-29,1848,1519,1516.0,4721131,,4694590,1312.0
2022-11-30,1657,940,1540.0,4722788,,4695530,1361.0
2022-12-01,1775,992,1564.0,4724563,,4696522,1366.0
2022-12-02,1453,1987,1589.0,4726016,,4698509,1376.0
2022-12-03,795,1469,1601.0,4726811,,4699978,1419.0
2022-12-04,1708,1652,1604.0,4728519,,4701630,1428.0
2022-12-05,2011,1550,1611.0,4730530,,4703180,1455.0
2022-12-06,1630,1562,1606.0,4732160,,4704742,1444.0
2022-12-07,1721,1101,1575.0,4733881,,4705843,1450.0
2022-12-08,1634,988,1584.0,4735515,,4706831,1473.0
2022-12-09,1402,2147,1564.0,4736917,,4708978,1472.0
2022-12-10,861,1731,1557.0,4737778,,4710709,1495.0
2022-12-11,1554,1518,1566.0,4739332,,4712227,1533.0
2022-12-12,1925,1470,1544.0,4741257,,4713697,1513.0
2022-12-13,1744,1525,1532.0,4743001,,4715222,1502.0
2022-12-14,1480,1154,1548.0,4744481,,4716376,1497.0
2022-12-15,1517,997,1514.0,4745998,,4717373,1504.0
2022-12-16,1361,1534,1497.0,4747359,,4718907,1506.0
2022-12-17,740,1594,1491.0,4748099,,4720501,1418.0
2022-12-18,1399,1817,1474.0,4749498,,4722318,1398.0
2022-12-19,1665,1368,1452.0,4751163,,4723686,1441.0
2022-12-20,1360,1431,1415.0,4752523,,4725117,1427.0
2022-12-21,1309,1020,1360.0,4753832,,4726137,1413.0
2022-12-22,1231,812,1335.0,4755063,,4726949,1394.0
2022-12-23,1011,1761,1295.0,4756074,,4728710,1368.0
2022-12-24,606,1348,1245.0,4756680,,4730058,1400.0
2022-12-25,1207,1042,1225.0,4757887,,4731100,1365.0
2022-12-26,1448,1256,1198.0,4759335,,4732356,1254.0
2022-12-27,1257,1265,1167.0,4760592,,4733621,1238.0
2022-12-28,1114,989,1152.0,4761706,,4734610,1214.0
2022-12-29,1072,776,1124.0,4762778,,4735386,1210.0
2022-12-30,792,1588,1102.0,4763570,,4736974,1205.0
2022-12-31,484,1262,1070.0,4764054,,4738236,1180.0
2023-01-01,1029,1179,1053.0,4765083,,4739415,1168.0
2023-01-02,1220,1104,1028.0,4766303,,4740519,1187.0
2023-01-03,1070,1260,995.0,4767373,,4741779,1166.0
2023-01-04,1019,836,968.0,4768392,,4742615,1165.0
2023-01-05,941,839,955.0,4769333,,4743454,1143.0
2023-01-06,847,1353,936.0,4770180,,4744807,1152.0
2023-01-07,513,1124,944.0,4770693,,4745931,1119.0
2023-01-08,991,1100,948.0,4771684,,4747031,1099.0
2023-01-09,1005,1230,943.0,4772689,,4748261,1088.0
2023-01-10,901,1322,912.0,4773590,,4749583,1106.0
2023-01-11,840,803,888.0,4774430,,4750386,1114.0
2023-01-12,749,863,862.0,4775179,,4751249,1110.0
2023-01-13,537,1331,835.0,4775716,,4752580,1113.0
2023-01-14,305,803,790.0,4776021,,4753383,1110.0
2023-01-15,862,1118,761.0,4776883,,4754501,1064.0
2023-01-16,823,850,742.0,4777706,,4755351,1067.0
2023-01-17,784,891,716.0,4778490,,4756242,1012.0
2023-01-18,692,602,700.0,4779182,,4756844,951.0
2023-01-19,641,633,678.0,4779823,,4757477,922.0
2023-01-20,501,1008,663.0,4780324,,4758485,889.0
2023-01-21,273,764,658.0,4780597,,4759249,843.0
2023-01-22,740,837,653.0,4781337,,4760086,838.0
2023-01-23,825,692,636.0,4782162,,4760778,797.0
2023-01-24,714,769,636.0,4782876,,4761547,775.0
2023-01-25,578,539,626.0,4783454,,4762086,757.0
2023-01-26,642,478,610.0,4784096,,4762564,748.0
2023-01-27,433,954,610.0,4784529,,4763518,726.0
2023-01-28,237,692,600.0,4784766,,4764210,719.0
2023-01-29,608,721,595.0,4785374,,4764931,708.0
2023-01-30,722,609,576.0,4786096,,4765540,692.0
2023-01-31,580,700,562.0,4786676,,4766240,680.0
2023-02-01,493,476,542.0,4787169,,4766716,670.0
2023-02-02,507,417,530.0,4787676,,4767133,661.0
2023-02-03,344,808,511.0,4788020,,4767941,652.0
2023-02-04,188,643,498.0,4788208,,4768584,631.0
2023-02-05,477,531,491.0,4788685,,4769115,624.0
2023-02-06,614,473,473.0,4789299,,4769588,597.0
2023-02-07,491,586,457.0,4789790,,4770174,578.0
2023-02-08,392,374,444.0,4790182,,4770548,562.0
2023-02-09,418,406,430.0,4790600,,4770954,547.0
2023-02-10,310,678,417.0,4790910,,4771632,545.0
2023-02-11,176,512,412.0,4791086,,4772144,527.0
2023-02-12,469,481,411.0,4791555,,4772625,508.0
2023-02-13,577,404,410.0,4792132,,4773029,501.0
2023-02-14,507,439,404.0,4792639,,4773468,491.0
2023-02-15,430,294,407.0,4793069,,4773762,470.0
2023-02-16,537,301,412.0,4793606,,4774063,459.0
2023-02-17,335,609,429.0,4793941,,4774672,444.0
2023-02-18,242,483,433.0,4794183,,4775155,434.0
2023-02-19,493,426,442.0,4794676,,4775581,430.0
2023-02-20,692,467,445.0,4795368,,4776048,422.0
2023-02-21,564,490,462.0,4795932,,4776538,431.0
2023-02-22,553,329,470.0,4796485,,4776867,438.0
2023-02-23,563,355,488.0,4797048,,4777222,443.0
2023-02-24,445,593,491.0,4797493,,4777815,451.0
2023-02-25,241,552,507.0,4797734,,4778367,449.0
2023-02-26,635,505,507.0,4798369,,4778872,458.0
2023-02-27,625,502,527.0,4798994,,4779374,470.0
2023-02-28,672,526,518.0,4799666,,4779900,475.0
2023-03-01,533,402,533.0,4800199,,4780302,480.0
2023-03-02,542,406,530.0,4800741,,4780708,490.0
2023-03-03,417,677,527.0,4801158,,4781385,498.0
2023-03-04,232,543,523.0,4801390,,4781928,510.0
2023-03-05,469,421,522.0,4801859,,4782349,508.0
2023-03-06,622,529,498.0,4802481,,4782878,496.0
2023-03-07,517,474,498.0,4802998,,4783352,500.0
2023-03-08,537,386,476.0,4803535,,4783738,493.0
2023-03-09,680,291,476.0,4804215,,4784029,490.0
2023-03-10,366,547,496.0,4804581,,4784576,474.0
2023-03-11,271,492,489.0,4804852,,4785068,455.0
2023-03-12,605,442,494.0,4805457,,4785510,448.0
2023-03-13,605,509,514.0,4806062,,4786019,451.0
2023-03-14,664,622,511.0,4806726,,4786641,448.0
2023-03-15,648,392,532.0,4807374,,4787033,469.0
2023-03-16,591,401,548.0,4807965,,4787434,470.0
2023-03-17,436,643,535.0,4808401,,4788077,486.0
2023-03-18,288,608,545.0,4808689,,4788685,500.0
2023-03-19,463,581,548.0,4809152,,4789266,516.0
2023-03-20,545,460,527.0,4809697,,4789726,536.0
2023-03-21,563,567,519.0,4810260,,4790293,529.0
2023-03-22,475,397,504.0,4810735,,4790690,521.0
2023-03-23,508,336,480.0,4811243,,4791026,522.0
2023-03-24,381,653,468.0,4811624,,4791679,513.0
2023-03-25,257,472,460.0,4811881,,4792151,514.0
2023-03-26,481,413,456.0,4812362,,4792564,495.0
2023-03-27,483,451,458.0,4812845,,4793015,471.0
2023-03-28,397,536,449.0,4813242,,4793551,469.0
2023-03-29,438,381,426.0,4813680,,4793932,465.0
2023-03-30,373,320,420.0,4814053,,4794252,463.0
2023-03-31,410,573,401.0,4814463,,4794825,460.0
2023-04-01,210,429,405.0,4814673,,4795254,449.0
2023-04-02,304,452,398.0,4814977,,4795706,443.0
2023-04-03,375,395,373.0,4815352,,4796101,448.0
2023-04-04,407,435,358.0,4815759,,4796536,440.0
2023-04-05,280,323,359.0,4816039,,4796859,426.0
2023-04-06,178,245,337.0,4816217,,4797104,418.0
2023-04-07,239,453,309.0,4816456,,4797557,407.0
2023-04-08,185,348,284.0,4816641,,4797905,390.0
2023-04-09,303,300,281.0,4816944,,4798205,378.0
2023-04-10,334,249,281.0,4817278,,4798454,357.0
2023-04-11,270,335,275.0,4817548,,4798789,336.0
2023-04-12,127,310,255.0,4817675,,4799099,321.0
2023-04-13,300,280,233.0,4817975,,4799379,320.0
2023-04-14,287,487,251.0,4818262,,4799866,325.0
2023-04-15,229,309,258.0,4818491,,4800175,329.0
2023-04-16,330,296,264.0,4818821,,4800471,324.0
2023-04-17,407,299,268.0,4819228,,4800770,323.0
2023-04-18,367,309,278.0,4819595,,4801079,330.0
2023-04-19,248,369,292.0,4819843,,4801448,327.0
2023-04-20,274,333,309.0,4820117,,4801781,335.0
2023-04-21,209,472,306.0,4820326,,4802253,343.0
2023-04-22,113,287,294.0,4820439,,4802540,341.0
2023-04-23,50,224,278.0,4820489,,4802764,337.0
