date,confirmed,recovered,deceased,on_ventilator,critical,severe,mild,hospitalized,home_care,critical_cumulative
09-Mar-2020 08:16:00,39,,0,1,,,,,,1
11-Mar-2020 08:00:00,76,3,0,,1,6,66,63,,1
11-Mar-2020 18:00:00,79,3,0,,1,5,70,71,,
11-Mar-2020 18:45:00,82,3,0,2,1,5,73,71,,
12-Mar-2020 08:00:00,100,3,0,,2,4,91,91,,2
12-Mar-2020 18:00:00,109,3,0,2,2,5,99,88,,
13-Mar-2020 08:00:00,126,,0,,2,5,119,100,,3
13-Mar-2020 18:00:00,143,,0,2,3,8,132,106,,
14-Mar-2020 08:00:00,154,,0,,3,7,125,,,3
14-Mar-2020 12:00:00,164,,0,,2,10,152,124,,
14-Mar-2020 18:00:00,178,,0,2,2,11,165,131,,
15-Mar-2020 08:00:00,200,4,0,,2,11,183,157,,3
15-Mar-2020 18:00:00,213,4,0,4,2,12,195,167,,
16-Mar-2020 08:00:00,250,4,0,,4,11,231,190,,5
16-Mar-2020 21:30:00,298,4,0,5,4,9,281,200,,
17-Mar-2020 08:00:00,304,5,0,,4,11,284,223,,6
17-Mar-2020 14:00:00,324,11,0,,5,9,299,229,,
17-Mar-2020 22:00:00,337,11,0,5,5,10,311,234,,
18-Mar-2020 07:00:00,427,11,0,,5,10,401,236,,7
18-Mar-2020 15:00:00,433,11,0,6,6,12,404,260,,
19-Mar-2020 10:00:00,529,12,0,,6,13,498,279,,7
19-Mar-2020 20:00:00,573,14,0,,6,13,540,266,,
19-Mar-2020 22:00:00,677,14,0,12,6,13,644,266,,
20-Mar-2020 12:00:00,705,15,0,15,10,18,662,271,,12
21-Mar-2020 11:00:00,883,36,1,15,15,19,812,274,,17
22-Mar-2020 08:00:00,945,37,1,15,20,24,863,297,,26
22-Mar-2020 21:00:00,1071,37,1,29,18,30,985,314,,
23-Mar-2020 08:00:00,1238,37,1,29,24,32,1144,351,,31
23-Mar-2020 21:00:00,1442,41,1,31,29,40,1331,346,,
24-Mar-2020 08:00:00,1656,49,1,31,31,47,1528,,,42
24-Mar-2020 21:00:00,1930,53,3,34,34,45,1795,349,,
25-Mar-2020 08:00:00,2030,58,5,34,37,54,1876,371,,46
25-Mar-2020 20:30:00,2369,64,5,37,39,64,2197,392,,
26-Mar-2020 08:00:00,2495,66,5,37,41,68,2315,,,56
26-Mar-2020 13:30:00,2666,68,8,,39,68,2483,432,,
26-Mar-2020 20:00:00,2693,70,8,38,46,67,2502,413,,
27-Mar-2020 08:00:00,3035,79,10,38,49,60,2837,464,,63
28-Mar-2020 09:00:00,3460,89,12,43,50,73,3236,469,,69
28-Mar-2020 20:00:00,3619,89,12,59,54,81,3383,493,,69
29-Mar-2020 08:00:00,3865,89,12,54,66,82,3616,500,,81
29-Mar-2020 21:00:00,4247,132,15,63,74,82,3944,500,,89
30-Mar-2020 08:00:00,4347,134,15,63,80,81,4037,543,,95
30-Mar-2020 20:00:00,4695,161,16,66,79,90,4349,527,,99
31-Mar-2020 08:00:00,4831,163,17,76,83,95,4473,573,,117
31-Mar-2020 21:00:00,5358,224,20,76,94,105,4915,587,,117
01-Apr-2020 08:00:00,5591,226,21,76,97,118,5129,637,,122
01-Apr-2020 20:00:00,6092,241,25,81,95,129,5602,663,,131
02-Apr-2020 08:00:00,6211,289,29,83,107,127,5659,735,,149
02-Apr-2020 20:00:00,6857,338,34,87,108,126,6251,771,,153
03-Apr-2020 10:00:00,7030,357,36,95,115,144,6378,732,,170
03-Apr-2020 20:30:00,7428,403,39,96,113,155,6718,681,,174
04-Apr-2020 09:30:00,7589,427,42,107,115,166,6839,747,,178
04-Apr-2020 20:30:00,7851,458,43,108,126,165,7059,734,,191
05-Apr-2020 08:00:00,8018,477,46,106,127,173,7195,739,,195
05-Apr-2020 20:30:00,8430,546,49,106,139,182,7514,763,,211
06-Apr-2020 08:00:00,8611,585,51,107,141,191,7643,763,,215
06-Apr-2020 21:00:00,8904,670,57,109,140,197,7840,730,,231
07-Apr-2020 08:00:00,9006,683,59,113,153,181,7930,708,,237
07-Apr-2020 21:00:00,9248,770,65,117,149,189,8075,725,,251
08-Apr-2020 08:00:00,9404,801,71,122,147,199,8186,740,,255
09-Apr-2020 10:00:00,9755,864,79,119,165,171,8476,712,,284
09-Apr-2020 21:00:00,9968,1011,86,121,166,171,8534,719,,296
10-Apr-2020 09:00:00,10095,1061,92,125,164,178,8600,721,,301
10-Apr-2020 21:00:00,10408,1183,95,124,167,173,8790,687,,310
11-Apr-2020 13:00:00,10525,1258,96,132,180,153,8838,722,,327
11-Apr-2020 21:00:00,10743,1341,101,129,175,154,8972,659,,327
12-Apr-2020 08:00:00,10878,1388,103,123,174,155,9058,731,,331
12-Apr-2020 21:00:00,11145,1627,103,131,183,155,9077,737,,338
13-Apr-2020 08:00:00,11235,1689,110,133,181,168,9087,750,,343
13-Apr-2020 21:00:00,11586,1855,116,132,183,162,9270,744,,351
14-Apr-2020 08:00:00,11868,2000,117,136,181,168,9402,763,8359,351
14-Apr-2020 20:00:00,12046,2195,123,133,175,177,9376,757,8646,351
15-Apr-2020 09:00:00,12200,2309,126,132,176,173,9416,783,8514,355
15-Apr-2020 20:30:00,12501,2563,130,133,180,174,9454,649,8515,363
16-Apr-2020 09:00:00,12591,2624,140,140,174,172,9481,669,8532,367
16-Apr-2020 20:00:00,12758,2818,142,137,181,158,9459,625,8593,376
17-Apr-2020 09:00:00,12855,2967,148,129,182,157,9401,632,8773,383
17-Apr-2020 20:00:00,12985,3126,151,122,168,162,9378,579,8557,383
18-Apr-2020 09:00:00,13107,3247,158,117,167,145,9390,590,9027,389
18-Apr-2020 20:00:00,13265,3456,164,113,164,145,9336,586,9119,391
19-Apr-2020 09:00:00,13362,3564,171,109,156,140,9331,592,8794,391
19-Apr-2020 21:00:00,13491,3754,172,109,146,142,9277,571,8800,391
20-Apr-2020 08:00:00,13654,3872,173,114,150,134,9325,537,8876,395
20-Apr-2020 21:00:00,13713,4049,177,119,149,129,9209,537,8748,395
21-Apr-2020 08:00:00,13883,4353,181,113,142,135,9072,521,8835,400
21-Apr-2020 20:00:00,13942,4507,184,113,139,142,8970,505,8630,400
22-Apr-2020 08:00:00,14326,4961,187,111,148,124,8906,483,8679,409
22-Apr-2020 20:00:00,14498,5215,189,106,141,119,8834,470,8478,409
23-Apr-2020 09:00:00,14592,5334,191,107,136,112,8819,455,8591,409
23-Apr-2020 22:00:00,14803,5611,192,109,139,102,8759,433,8629,409
24-Apr-2020 09:00:00,14882,5685,193,107,139,101,8764,421,8603,410
24-Apr-2020 20:00:00,15058,6003,194,102,137,102,8622,409,8258,410
25-Apr-2020 09:00:00,15148,6159,198,102,130,99,8562,413,8313,410
25-Apr-2020 20:00:00,15298,6435,199,99,127,98,8439,408,7455,410
26-Apr-2020 09:00:00,15398,6602,199,100,132,93,8372,403,7366,412
26-Apr-2020 20:00:00,15443,6731,201,99,133,82,8296,382,7124,413
27-Apr-2020 09:00:00,15466,6796,202,96,129,79,8260,383,7106,413
27-Apr-2020 21:00:00,15555,7200,204,96,126,78,7947,362,6946,413
28-Apr-2020 09:00:00,15589,7375,208,94,117,88,7801,354,6751,413
28-Apr-2020 20:00:00,15728,7746,210,92,116,82,7574,334,6373,413
29-Apr-2020 09:00:00,15782,7929,212,91,120,85,7436,352,6266,419
29-Apr-2020 21:00:00,15834,8233,215,90,115,83,7188,348,6108,419
30-Apr-2020 09:00:00,15870,8412,219,85,117,79,7043,340,6077,425
30-Apr-2020 20:00:00,15946,8561,222,82,105,79,6979,329,5959,425
01-May-2020 09:00:00,16004,8758,223,83,105,82,6836,322,5884,425
01-May-2020 20:00:00,16101,9156,225,83,103,77,6540,299,5569,425
02-May-2020 09:00:00,16152,9400,227,84,107,67,6351,303,5401,430
02-May-2020 20:00:00,16185,9593,229,82,105,62,6196,304,5252,430
03-May-2020 09:00:00,16193,9634,230,82,103,66,6160,310,5103,430
03-May-2020 22:50:00,16208,9749,232,76,94,69,6064,294,5933,
04-May-2020 11:00:00,16237,9858,234,72,93,62,5990,310,5103,
04-May-2020 20:38:00,16246,10064,235,70,90,60,5797,260,5687,
05-May-2020 11:00:00,16268,10223,237,66,89,56,5663,250,5558,
05-May-2020 20:02:00,16289,10465,238,70,91,53,5442,245,5341,
06-May-2020 11:00:00,16314,10527,238,70,90,55,5404,247,5302,
06-May-2020 19:58:00,16310,10637,239,69,89,62,5283,244,5190,
07-May-2020 11:00:00,16346,10737,239,69,83,61,5226,245,5125,
07-May-2020 19:48:00,16381,10873,240,68,83,56,5129,237,5031,
08-May-2020 11:00:00,16409,11007,245,64,77,57,5023,233,4924,
08-May-2020 19:49:00,16436,11229,245,63,78,54,4830,230,4732,
09-May-2020 11:00:00,16444,11313,245,65,81,51,4754,239,4647,
09-May-2020 20:19:00,16454,11376,247,64,79,49,4703,241,4590,
10-May-2020 11:00:00,16458,11384,248,65,74,52,4700,241,4585,
10-May-2020 19:48:00,16477,11430,252,65,74,47,4674,225,4570,
11-May-2020 11:00:00,16492,11548,254,64,73,48,4569,219,4471,
11-May-2020 20:18:00,16506,11843,258,58,66,51,4288,209,4197,
12-May-2020 11:00:00,16526,11956,258,57,67,52,4193,203,4109,
12-May-2020 19:55:00,16529,12083,260,55,66,53,4067,198,3988,
13-May-2020 11:00:00,16539,12173,262,51,61,46,3997,191,3913,
13-May-2020 19:45:00,16548,12232,264,52,61,48,3943,190,3862,
14-May-2020 12:00:00,16567,12364,264,52,62,43,3834,188,3751,
14-May-2020 19:57:00,16579,12521,265,50,60,42,3691,179,3614,
15-May-2020 11:00:00,16589,12587,266,50,60,41,3635,179,3557,
16-May-2020 11:00:00,16606,12820,267,49,59,41,3419,178,3341,
16-May-2020 19:52:00,16608,12855,268,49,59,40,3386,177,3308,
17-May-2020 12:00:00,16607,12884,271,48,59,39,3354,180,3272,
17-May-2020 19:47:00,16617,12942,272,44,55,37,3311,177,3227,
18-May-2020 11:00:00,16621,13014,272,47,57,39,3239,167,3168,
18-May-2020 20:04:00,16643,13114,276,42,52,39,3162,152,2962,
19-May-2020 11:00:00,16650,13299,277,39,51,38,2985,157,2917,
19-May-2020 20:15:00,16659,13435,278,38,50,42,2854,150,2796,
20-May-2020 19:00:00,16667,13504,279,37,48,39,2797,149,2735,
20-May-2020 20:03:00,16665,13574,279,40,46,36,2730,143,2669,
21-May-2020 08:00:00,16670,13617,279,40,47,35,2692,139,2635,
21-May-2020 19:18:00,16683,13724,279,36,47,30,2603,137,2543,
22-May-2020 08:00:00,16690,13915,279,36,47,30,2419,137,2359,
23-May-2020 12:00:00,16712,14085,279,36,47,30,2271,137,2211,
23-May-2020 19:18:00,16712,14090,279,36,47,30,2271,137,2206,
24-May-2020 09:00:00,16712,14093,279,35,45,31,2264,140,2200,
24-May-2020 19:18:00,16717,14153,279,34,44,32,2209,126,2159,
25-May-2020 09:00:00,16720,14203,280,34,43,30,2164,121,2116,
25-May-2020 19:16:00,16734,14307,281,29,41,31,2074,115,2031,
26-May-2020 08:00:00,16743,14362,281,30,43,31,2026,118,1982,
26-May-2020 19:22:00,16757,14457,281,33,37,36,1946,117,1902,
27-May-2020 08:00:00,16771,14486,281,36,39,35,1930,112,1892,
27-May-2020 19:18:00,16793,14570,281,38,41,34,1867,111,1831,
28-May-2020 07:30:00,16809,14602,281,38,41,34,1851,111,1815,
28-May-2020 20:59:00,16872,14679,284,36,37,35,1837,106,1803,
29-May-2020 08:00:00,16887,14727,284,36,37,35,1804,106,1770,
29-May-2020 19:21:00,16987,14776,284,37,39,35,1853,111,1816,
30-May-2020 08:00:00,17008,14776,284,35,39,39,1870,115,1833,
30-May-2020 19:12:00,17012,14811,284,34,36,42,1839,116,1801,
31-May-2020 07:30:00,17024,14812,284,34,39,42,1847,116,1812,
31-May-2020 19:04:00,17071,14792,285,30,33,44,1917,114,1880,544
01-Jun-2020 08:00:00,17106,14826,285,30,33,43,1919,109,1886,
01-Jun-2020 20:13:00,17169,14878,285,29,32,41,1933,105,1901,544
02-Jun-2020 08:00:00,17219,14915,287,30,31,40,1946,102,1915,
02-Jun-2020 19:02:00,17285,14940,290,29,28,42,1985,106,1949,545
03-Jun-2020 09:00:00,17342,14955,290,29,28,41,2028,106,1991,
03-Jun-2020 18:58:00,17377,14983,291,25,27,41,2035,108,1995,545
04-Jun-2020 09:00:00,17429,14993,291,25,27,42,2076,108,2037,
04-Jun-2020 18:57:00,17495,15013,291,23,30,33,2128,104,2087,548
05-Jun-2020 07:30:00,17562,15026,291,23,30,33,2182,104,2141,548
06-Jun-2020 08:30:00,17706,15042,292,23,29,36,2307,101,2271,
06-Jun-2020 19:36:00,17752,15050,295,21,29,39,2339,103,2304,551
07-Jun-2020 08:00:00,17783,15064,297,23,29,37,2356,102,2320,
07-Jun-2020 18:58:00,17862,15091,298,23,27,39,2407,109,2365,556
08-Jun-2020 08:00:00,17915,15102,298,23,27,39,2449,109,2406,
08-Jun-2020 19:32:00,18032,15127,298,23,29,44,2534,110,2497,557
09-Jun-2020 08:00:00,18089,15137,298,23,29,42,2583,114,2540,
09-Jun-2020 19:17:00,18180,15159,299,24,31,41,2650,111,2611,560
10-Jun-2020 08:00:00,18268,15168,299,24,31,41,2729,112,2689,
10-Jun-2020 19:04:00,18355,15168,299,22,31,42,2815,112,2757,562
11-Jun-2020 09:30:00,18461,15214,300,24,31,44,2872,122,2825,
11-Jun-2020 19:24:00,18569,15250,300,24,34,39,2946,120,2899,566
12-Jun-2020 07:30:00,18701,15288,300,24,34,39,3040,120,2994,
12-Jun-2020 18:09:00,18795,15310,300,25,34,41,3110,118,3067,568
13-Jun-2020 08:00:00,18876,15319,300,25,33,42,3182,116,3141,
13-Jun-2020 19:43:00,18972,15357,300,26,35,45,3235,129,3186,569
14-Jun-2020 08:00:00,19008,15360,300,26,34,46,3268,129,3348,
14-Jun-2020 20:08:00,19055,15375,300,24,33,46,3301,133,3247,572
15-Jun-2020 08:00:00,19121,15389,302,24,32,45,3353,132,3298,
15-Jun-2020 19:20:00,19237,15415,302,25,35,45,3440,132,3388,580
16-Jun-2020 08:00:00,19338,15438,302,27,36,44,3518,128,3470,
16-Jun-2020 19:09:00,19495,15449,302,29,39,41,3664,132,3612,582
17-Jun-2020 08:30:00,19637,15459,303,27,37,40,3798,130,3745,
17-Jun-2020 19:08:00,19787,15487,303,29,36,45,3916,136,3857,584
18-Jun-2020 08:00:00,19894,15499,303,32,39,44,4009,148,3944,
18-Jun-2020 18:46:00,19998,15518,303,28,38,42,4097,146,4031,
18-Jun-2020 22:36:00,20036,15532,303,28,38,42,4121,146,4055,588
19-Jun-2020 10:20:00,20243,15567,304,28,40,44,4288,161,4211,
19-Jun-2020 17:30:00,20339,15586,304,29,39,47,4363,168,4281,593
20-Jun-2020 22:20:00,20633,15659,305,27,40,49,4580,192,4476,596
21-Jun-2020 10:20:00,20686,15664,305,28,43,52,4622,209,4507,
21-Jun-2020 17:50:00,20734,15685,306,28,40,53,4650,209,4534,
21-Jun-2020 19:10:00,20741,15689,306,28,40,53,4653,209,4537,
21-Jun-2020 21:40:00,20778,15694,306,28,40,53,4685,209,4569,603
22-Jun-2020 10:30:00,20869,15714,307,29,46,51,4751,205,4643,
22-Jun-2020 19:00:00,21008,15761,307,29,45,54,4841,200,4740,
22-Jun-2020 22:30:00,21082,15768,307,29,44,55,4908,197,4810,605
23-Jun-2020 10:50:00,21246,15812,307,27,42,49,5036,194,4873,
23-Jun-2020 19:18:00,21467,15860,307,27,40,49,5210,189,5110,
23-Jun-2020 22:40:00,21512,15869,308,27,40,49,5246,189,5146,608
24-Jun-2020 10:50:00,21666,15898,308,28,45,44,5371,188,5272,
24-Jun-2020 19:00:00,21732,15904,308,28,46,41,5433,189,5331,
24-Jun-2020 23:46:00,22044,15940,308,28,46,41,5709,189,5607,612
25-Jun-2020 10:29:00,22139,15961,308,29,49,45,5776,189,5681,
25-Jun-2020 18:53:00,22400,16007,309,29,47,52,5985,186,5898,617
26-Jun-2020 12:49:00,22638,16589,313,28,43,54,5639,192,5544,
26-Jun-2020 18:02:00,22800,16872,314,28,46,48,5520,189,5425,623
27-Jun-2020 21:27:00,23421,17002,317,23,41,55,6006,212,5890,624
28-Jun-2020 10:18:00,23497,17019,318,24,45,50,6065,219,5941,
28-Jun-2020 17:41:00,23616,17047,318,22,39,58,6154,213,6038,
28-Jun-2020 18:55:00,23639,17056,318,22,39,60,6166,211,6054,
28-Jun-2020 22:33:00,23755,17074,318,22,39,60,6264,210,6153,629
29-Jun-2020 11:35:00,23989,17114,319,24,46,58,6452,222,6334,
29-Jun-2020 18:49:00,24276,17189,319,24,43,59,6666,220,6548,
29-Jun-2020 22:30:00,24441,17218,319,24,43,60,6801,224,6680,635
30-Jun-2020 10:38:00,24688,17272,320,24,46,66,6984,228,6868,
30-Jun-2020 18:55:00,25041,17318,320,24,52,61,7290,232,7171,
30-Jun-2020 22:22:00,25244,17341,320,24,52,61,7470,232,7351,647
01-Jul-2020 10:12:00,25547,17389,320,24,56,59,7723,234,7604,
01-Jul-2020 18:31:00,26021,17429,321,25,58,63,8150,245,8026,
01-Jul-2020 22:15:00,26257,17452,322,24,57,63,8363,243,8240,655
02-Jul-2020 10:10:00,26452,17481,324,24,58,71,8518,270,8377,
02-Jul-2020 22:46:00,27047,17547,324,25,65,65,9046,265,8911,674
03-Jul-2020 07:40:00,27542,17599,325,27,70,67,9481,269,9349,
03-Jul-2020 10:30:00,27611,17607,326,26,74,67,9537,275,9403,
03-Jul-2020 18:26:00,28055,17669,326,27,77,69,9914,279,9781,682
04-Jul-2020 20:44:00,29032,17773,330,32,84,74,10771,296,10633,
04-Jul-2020 23:14:00,29170,17816,330,32,84,74,10866,296,10728,691
05-Jul-2020 10:08:00,29366,17847,330,29,86,78,11025,335,10854,
05-Jul-2020 19:01:00,29787,17916,331,27,86,68,11386,333,11207,
05-Jul-2020 22:34:00,29958,17950,331,27,86,68,11523,333,11344,707
06-Jul-2020 09:40:00,30162,17974,332,32,90,82,11684,354,11502,
06-Jul-2020 18:56:00,30749,18056,334,35,88,88,12183,349,12010,718
07-Jul-2020 08:00:00,31186,18131,338,35,85,85,12547,358,12359,
07-Jul-2020 10:17:00,31271,18134,338,35,89,84,12626,359,12440,
07-Jul-2020 18:43:00,31886,18192,342,34,86,87,13179,358,12994,
07-Jul-2020 22:25:00,32222,18227,342,34,86,86,13481,357,13296,732
08-Jul-2020 10:31:00,32714,18267,343,36,107,82,13915,397,13707,743
08-Jul-2020 18:51:00,33175,18315,344,39,113,82,14321,405,14111,757
09-Jul-2020 10:16:00,33947,18392,346,41,118,88,15003,426,14783,
09-Jul-2020 18:38:00,34825,18452,348,39,122,87,15816,434,15591,767
10-Jul-2020 07:16:00,35533,18532,350,39,124,87,16440,438,16213,
10-Jul-2020 10:28:00,35631,18542,350,42,130,91,16518,467,16272,
10-Jul-2020 17:20:00,36266,18613,351,42,130,91,17081,465,16837,782
11-Jul-2020 20:08:00,37418,18814,354,49,134,102,18014,470,17826,800
12-Jul-2020 10:32:00,38166,18915,358,48,141,109,18643,510,18430,
12-Jul-2020 18:55:00,38617,19008,362,47,151,108,18988,514,18786,830
13-Jul-2020 15:16:00,39812,19256,364,51,160,114,19918,532,19719,
13-Jul-2020 16:19:00,39920,19282,364,53,172,102,20000,532,19801,
13-Jul-2020 18:33:00,40188,19323,365,54,183,97,20220,514,20046,
13-Jul-2020 22:28:00,40571,19395,365,54,183,97,20531,514,20358,873
14-Jul-2020 10:14:00,41171,19474,368,55,177,123,21029,524,20869,
14-Jul-2020 23:02:00,42292,19665,371,56,183,114,21959,529,21795,906
15-Jul-2020 10:32:00,42742,19734,375,57,195,125,22313,547,22157,
15-Jul-2020 18:35:00,43593,19894,375,57,205,105,23014,557,22842,
15-Jul-2020 22:29:00,44108,19989,376,57,204,104,23435,556,23267,929
16-Jul-2020 10:40:00,44633,20100,380,57,204,119,23830,543,23691,
16-Jul-2020 18:42:00,45525,20268,383,58,203,110,24561,543,24413,
16-Jul-2020 22:09:00,45978,20370,384,58,202,110,24912,542,24763,
17-Jul-2020 10:18:00,46467,20523,387,58,213,120,25224,583,25053,
17-Jul-2020 18:27:00,47375,20744,392,56,208,119,25912,577,25746,
18-Jul-2020 20:23:00,49116,21302,400,56,217,131,27066,589,26913,
18-Jul-2020 22:46:00,49277,21348,401,56,217,131,27180,589,27027,
19-Jul-2020 10:20:00,49486,21440,406,62,238,130,27272,649,27080,
19-Jul-2020 18:47:00,49944,21589,409,70,254,129,27563,671,27366,
19-Jul-2020 22:39:00,50198,21675,409,70,252,130,27732,670,27535,
20-Jul-2020 10:39:00,50623,21875,415,75,259,136,27938,681,27743,
20-Jul-2020 19:08:00,51581,22056,415,80,264,122,28724,664,28537,
20-Jul-2020 22:37:00,51905,22150,415,80,264,122,28954,664,28770,
21-Jul-2020 10:10:00,52585,22378,422,78,260,131,29394,670,29213,
21-Jul-2020 18:44:00,53454,22642,424,77,256,129,30003,673,29815,
21-Jul-2020 22:34:00,53936,22738,425,77,256,128,30389,674,30200,
22-Jul-2020 10:21:00,54554,22915,430,82,259,128,30822,663,30650,
22-Jul-2020 19:17:00,55582,23200,430,78,273,120,31559,665,31395,
22-Jul-2020 22:32:00,55970,23305,430,78,273,120,31842,665,31680,
23-Jul-2020 10:43:00,56632,23555,433,79,295,131,32218,715,32040,
23-Jul-2020 18:47:00,57332,23910,440,83,302,127,32553,702,32395,
23-Jul-2020 22:45:00,57860,24038,442,82,301,127,32952,701,32795,
24-Jul-2020 10:25:00,58435,25368,446,81,302,132,32187,699,31527,
24-Jul-2020 17:58:00,59347,25849,448,84,308,138,32604,699,31531,
25-Jul-2020 19:46:00,60364,25952,455,94,312,158,33487,706,32454,
25-Jul-2020 22:33:00,60545,25987,457,93,310,158,33633,704,32600,
26-Jul-2020 10:34:00,61248,26037,464,100,329,166,34252,764,33201,
26-Jul-2020 19:24:00,61623,26092,468,98,303,172,34588,731,33551,
26-Jul-2020 22:12:00,61814,26103,470,97,303,172,34766,731,33730,
27-Jul-2020 10:17:00,62481,26158,473,104,317,179,35354,739,34337,
27-Jul-2020 19:04:00,63577,27116,474,96,310,165,35512,739,35243,
27-Jul-2020 22:25:00,63981,27124,474,95,311,163,35909,739,35639,
28-Jul-2020 18:57:00,65787,32140,486,97,316,153,32692,739,32409,
28-Jul-2020 22:05:00,66289,32165,486,97,314,156,33168,739,32886,
29-Jul-2020 10:43:00,66801,32680,490,98,322,168,33141,753,32865,
29-Jul-2020 18:54:00,67730,32705,491,99,328,148,34058,747,33774,
29-Jul-2020 22:47:00,68295,32729,491,99,328,148,34599,747,34315,
30-Jul-2020 06:34:00,68552,35496,491,100,321,159,32085,746,31806,
30-Jul-2020 10:55:00,68765,35499,497,99,336,155,32278,752,32004,
30-Jul-2020 18:43:00,69599,43458,499,102,328,148,25166,749,24879,
30-Jul-2020 22:25:00,70032,43470,500,102,328,148,25586,749,25298,
31-Jul-2020 06:50:00,70375,43777,503,99,321,149,25625,740,25340,
31-Jul-2020 10:43:00,70578,43794,509,100,319,149,25807,746,25514,
31-Jul-2020 17:53:00,70966,43831,512,98,320,154,26149,734,25874,
01-Aug-2020 19:50:00,72159,45078,523,95,328,157,26073,757,25785,
01-Aug-2020 22:55:00,72214,45079,526,96,328,155,26126,751,25839,
02-Aug-2020 06:33:00,72279,45603,527,96,328,154,25667,752,25375,
02-Aug-2020 10:36:00,72311,45604,531,96,340,153,25683,771,25382,
02-Aug-2020 17:56:00,72580,45625,536,98,342,141,25936,772,25614,
02-Aug-2020 22:40:00,72811,45640,536,98,342,141,26152,772,25830,
03-Aug-2020 10:31:00,73227,47486,541,100,334,149,24717,783,24384,
03-Aug-2020 18:51:00,74097,47512,546,99,331,139,25569,771,25234,
03-Aug-2020 22:19:00,74425,47532,546,99,331,140,25876,770,25543,
04-Aug-2020 07:24:00,74898,49719,546,101,333,140,24160,769,23829,
04-Aug-2020 10:09:00,75078,49725,554,97,349,139,24311,761,24003,
04-Aug-2020 19:04:00,75820,49787,559,99,342,146,24986,752,24683,
04-Aug-2020 22:23:00,76194,49792,561,99,341,146,25354,750,25051,
05-Aug-2020 07:07:00,76638,51287,561,99,341,146,24303,750,24000,
05-Aug-2020 10:07:00,76759,51289,564,104,355,135,24416,745,24121,
05-Aug-2020 18:57:00,77591,51329,565,106,345,136,25216,745,24904,
05-Aug-2020 22:15:00,77915,51346,565,106,345,136,25523,745,25211,
06-Aug-2020 06:52:00,78320,53303,565,105,347,138,23967,745,23660,
06-Aug-2020 18:55:00,79271,53359,576,100,358,142,24836,777,24508,
06-Aug-2020 22:15:00,79555,53374,576,100,358,143,25104,777,24777,
07-Aug-2020 06:46:00,80050,55205,576,102,358,143,23768,778,23442,
07-Aug-2020 11:10:00,80427,55223,578,106,374,151,24101,776,23801,
07-Aug-2020 17:40:00,80987,55253,581,109,369,143,24641,776,24319,
08-Aug-2020 19:45:00,82274,56986,592,106,389,167,24140,808,23809,
08-Aug-2020 22:27:00,82319,56989,593,105,388,167,24182,807,23851,
09-Aug-2020 07:06:00,82459,57390,594,105,388,171,23916,816,23571,
09-Aug-2020 10:14:00,82509,57391,597,118,394,190,23937,859,23574,
09-Aug-2020 19:06:00,82664,57354,600,118,393,183,24134,848,23706,
09-Aug-2020 22:26:00,82996,57373,600,117,395,180,24448,847,24020,
10-Aug-2020 10:20:00,83534,58775,606,118,397,159,23597,843,23155,
10-Aug-2020 18:48:00,84375,58825,612,112,388,160,24390,811,23969,
10-Aug-2020 22:33:00,84716,58838,613,112,388,160,24717,811,24297,
11-Aug-2020 06:33:00,85216,59839,613,110,386,159,24219,811,23797,
11-Aug-2020 10:23:00,85348,59859,619,110,381,182,24307,812,23902,
11-Aug-2020 19:01:00,86141,59894,622,110,375,170,25080,797,24671,
11-Aug-2020 22:11:00,86587,59919,622,110,375,170,25501,797,25092,
12-Aug-2020 10:25:00,87167,61417,633,109,379,160,24578,780,24183,
12-Aug-2020 18:17:00,87871,61465,639,110,369,156,25242,762,24852,
12-Aug-2020 22:11:00,88144,61949,639,110,369,156,25031,762,24641,
13-Aug-2020 06:25:00,88547,64508,639,112,371,155,22874,762,22489,
13-Aug-2020 10:09:00,88726,64518,643,114,386,153,23026,760,22656,
13-Aug-2020 19:00:00,89548,64565,651,110,371,161,23800,764,23419,
13-Aug-2020 22:08:00,89815,64586,651,110,371,161,24046,764,23661,
14-Aug-2020 07:07:00,90276,65983,651,110,371,161,23110,764,22725,
14-Aug-2020 17:40:00,91073,66805,665,108,375,158,23070,783,22667,
15-Aug-2020 20:25:00,92191,67791,674,116,387,171,23168,846,22728,
15-Aug-2020 22:20:00,92226,67792,674,116,387,171,23202,846,22762,
16-Aug-2020 06:40:00,92336,68236,674,116,388,172,22866,853,22421,
16-Aug-2020 10:05:00,92396,68240,679,114,396,177,22904,876,22449,
16-Aug-2020 18:53:00,92672,68352,685,112,382,183,23070,860,22631,
17-Aug-2020 10:41:00,93683,68909,690,113,398,171,23515,862,23083,
17-Aug-2020 18:51:00,94269,70104,692,111,399,176,22898,841,22483,
17-Aug-2020 22:45:00,94743,70127,692,111,399,176,23349,841,22933,
18-Aug-2020 06:43:00,95121,71001,692,111,390,181,22857,843,22429,
18-Aug-2020 10:12:00,95256,71003,698,113,410,159,22986,827,22572,
18-Aug-2020 19:09:00,96084,71804,705,117,404,164,23007,822,22595,
18-Aug-2020 21:55:00,96400,71814,708,117,404,164,23310,822,22889,
19-Aug-2020 07:45:00,96744,72307,711,118,401,163,23162,814,22734,
19-Aug-2020 10:38:00,96986,72311,719,118,401,157,23398,798,22981,
19-Aug-2020 20:09:00,97773,72888,781,118,398,164,23542,793,23125,
19-Aug-2020 22:17:00,97959,72896,779,118,398,164,23722,795,23303,
20-Aug-2020 07:10:00,98433,73647,780,118,403,163,23440,795,23027,
20-Aug-2020 10:18:00,98541,73655,789,110,403,165,23529,799,23114,
20-Aug-2020 18:31:00,99192,74342,795,114,389,159,23507,778,23092,
20-Aug-2020 23:06:00,99590,74385,795,114,389,159,23862,778,23447,
21-Aug-2020 17:16:00,100707,77592,809,116,390,146,21770,764,21358,
22-Aug-2020 19:59:00,101847,78453,819,119,398,177,22000,824,21569,
22-Aug-2020 22:30:00,101924,78460,819,119,398,177,22070,824,21639,
23-Aug-2020 06:21:00,102071,79117,819,110,398,177,21560,820,21138,
23-Aug-2020 10:36:00,102141,79116,825,112,408,186,21606,861,21161,
23-Aug-2020 19:06:00,102371,79314,834,115,398,195,21630,866,21179,
23-Aug-2020 22:24:00,102654,79326,834,115,398,195,21901,866,21449,
24-Aug-2020 06:42:00,103142,80332,834,110,398,191,21387,859,20947,
24-Aug-2020 09:59:00,103264,80342,839,116,411,200,21472,877,21037,
24-Aug-2020 18:46:00,104144,81449,844,116,417,180,21254,867,20815,
24-Aug-2020 22:04:00,104462,81463,847,115,416,180,21556,865,21118,
25-Aug-2020 07:04:00,105054,82844,847,108,417,178,20768,854,20349,
25-Aug-2020 10:23:00,105243,82859,856,120,424,180,20924,877,20491,
25-Aug-2020 18:24:00,106236,83640,858,121,427,173,21138,853,20724,
25-Aug-2020 21:55:00,106451,83652,859,121,427,173,21340,853,20926,
26-Aug-2020 06:18:00,107069,85717,859,122,426,172,19895,849,19487,
26-Aug-2020 10:35:00,107332,85725,867,118,430,161,20149,854,19727,
26-Aug-2020 19:11:00,108043,86265,875,119,404,165,20334,824,19905,
26-Aug-2020 22:35:00,108392,86281,875,119,404,165,20667,824,20238,
27-Aug-2020 07:08:00,108953,86828,875,115,399,168,20683,820,20258,
27-Aug-2020 10:26:00,109028,86834,877,124,428,173,20716,858,20287,
27-Aug-2020 19:50:00,110175,87528,883,115,410,170,21184,848,20741,
27-Aug-2020 21:51:00,110392,87540,884,115,409,170,21389,846,20947,
28-Aug-2020 11:08:00,111482,89978,891,118,426,178,20009,855,19589,
28-Aug-2020 17:24:00,111989,90871,894,114,414,188,19622,835,19220,
29-Aug-2020 20:06:00,113326,91923,906,116,438,191,19868,861,19470,
29-Aug-2020 22:08:00,113454,91927,906,116,438,191,19992,861,19594,
30-Aug-2020 10:15:00,113637,92412,909,121,441,194,19681,891,19260,
30-Aug-2020 18:55:00,114007,92619,919,127,444,190,19835,888,19417,
31-Aug-2020 10:06:00,115045,93627,922,123,453,185,19858,917,19417,
31-Aug-2020 22:12:00,116584,94833,939,125,437,181,20194,891,19757,
01-Sep-2020 06:44:00,117018,95413,939,116,436,186,20044,890,19612,
01-Sep-2020 10:26:00,117229,95420,946,119,438,188,20237,878,19821,
01-Sep-2020 18:48:00,118110,96031,956,117,415,178,20530,863,20097,
01-Sep-2020 22:29:00,118526,96039,957,116,414,178,20938,860,20507,
02-Sep-2020 06:48:00,119253,96480,957,109,416,182,21218,859,20795,
02-Sep-2020 10:29:00,119615,96488,963,114,423,171,21570,864,21138,
02-Sep-2020 19:16:00,121012,96987,969,127,422,159,22475,845,21991,
02-Sep-2020 22:22:00,121453,97002,969,125,423,158,22901,843,22418,
03-Sep-2020 06:39:00,122528,97640,969,118,418,155,23346,834,22864,
03-Sep-2020 10:25:00,122788,97653,976,124,426,150,23583,855,23083,
03-Sep-2020 18:44:00,123892,98405,985,118,417,138,23947,848,23433,
03-Sep-2020 22:31:00,124444,98413,985,117,417,138,24491,849,23976,
04-Sep-2020 07:02:00,125249,99246,985,112,418,132,24468,846,23951,
04-Sep-2020 11:33:00,125744,99255,991,123,416,131,24951,828,24449,
04-Sep-2020 17:23:00,126408,100124,993,123,426,124,24741,830,24239,
05-Sep-2020 22:40:00,128925,101248,1007,128,439,132,26099,877,25571,
06-Sep-2020 06:42:00,129162,101871,1007,120,434,132,25718,877,25185,
06-Sep-2020 09:59:00,129338,101874,1010,119,445,155,25854,930,25302,
06-Sep-2020 18:33:00,130145,102229,1012,127,447,164,26293,920,25763,
06-Sep-2020 22:27:00,130632,102244,1019,131,453,162,26754,922,26226,
07-Sep-2020 18:38:00,133170,105202,1026,139,470,149,26323,912,25810,
07-Sep-2020 22:26:00,133962,105222,1026,135,470,149,27095,914,26580,
08-Sep-2020 07:10:00,135030,106061,1026,127,463,154,27326,920,26803,
08-Sep-2020 19:50:00,136201,106733,1033,139,464,156,27815,928,27286,
09-Sep-2020 06:58:00,138707,107367,1040,138,458,157,29685,925,29154,
09-Sep-2020 19:03:00,140646,108106,1053,143,478,163,30846,926,30337,
11-Sep-2020 17:29:00,148551,111489,1090,146,486,196,35290,979,34761,
14-Sep-2020 09:59:00,156808,114889,1126,135,529,214,40050,1111,39450,
14-Sep-2020 22:31:00,160352,118326,1136,143,524,213,40153,1102,39545,
16-Sep-2020 07:02:00,166779,122536,1147,138,535,213,42348,1153,41709,
18-Sep-2020 16:53:00,178814,129766,1196,158,581,245,47026,1195,46656,
19-Sep-2020 16:48:00,183450,132191,1226,165,604,256,49173,1244,48683,
20-Sep-2020 19:12:00,187208,133634,1236,170,643,241,51454,1295,50967,
22-Sep-2020 06:16:00,192504,140481,1273,169,653,279,49818,1359,49204,
22-Sep-2020 10:23:00,193101,140489,1285,159,668,263,50396,1352,49986,
23-Sep-2020 09:41:00,200009,144140,1316,171,634,268,53651,1341,52981,
23-Sep-2020 18:16:00,203102,144424,1317,177,658,263,56440,1365,55766,
24-Sep-2020 06:25:00,206295,147812,1335,164,667,248,56233,1375,55526,
24-Sep-2020 18:11:00,209597,148154,1376,175,685,255,59127,1367,58475,
24-Sep-2020 22:02:00,212077,148550,1378,172,685,258,61206,1356,60568,
25-Sep-2020 09:32:00,215235,152574,1405,176,700,260,60296,1390,59641,
26-Sep-2020 22:01:00,227062,157274,1441,200,728,261,67358,1436,66686,
27-Sep-2020 09:27:00,229336,158873,1450,196,749,267,67997,1512,67276,
27-Sep-2020 16:38:00,230988,159663,1466,203,767,264,68828,1503,68126,
28-Sep-2020 22:29:00,233227,164927,1507,209,772,290,65731,1527,65039,
29-Sep-2020 10:31:00,234022,166768,1516,200,799,292,64647,1585,63926,
29-Sep-2020 18:20:00,235426,167300,1523,203,778,290,65535,1571,64802,
30-Sep-2020 06:41:00,239184,172816,1528,203,779,284,63777,1558,63050,
30-Sep-2020 09:58:00,239768,172840,1547,205,810,293,64278,1589,63560,
30-Sep-2020 22:17:00,245456,174238,1569,211,834,256,68559,1563,67855,
01-Oct-2020 07:23:00,248093,177484,1571,206,810,237,67991,1554,67257,
02-Oct-2020 09:38:00,256026,183221,1629,201,849,272,70055,1563,69378,
02-Oct-2020 16:42:00,258875,184833,1633,203,839,277,71293,1569,70595,
03-Oct-2020 18:01:00,263938,190104,1679,224,839,317,70999,1568,70340,
03-Oct-2020 22:35:00,264398,190957,1682,224,840,320,70599,1568,69941,
04-Oct-2020 09:52:00,265041,192733,1692,212,891,326,69399,1666,68700,
04-Oct-2020 22:18:00,266730,195298,1719,215,900,324,68489,1661,67765,
05-Oct-2020 07:36:00,268130,201062,1719,215,878,314,64157,1624,63439,
05-Oct-2020 18:36:00,271518,203264,1749,223,883,327,65295,1643,64555,
06-Oct-2020 07:14:00,273776,208412,1757,220,875,321,62411,1650,61655,
06-Oct-2020 10:12:00,274373,208468,1771,224,895,316,62923,1656,62176,
06-Oct-2020 18:35:00,276389,210479,1784,220,872,314,62940,1609,62200,
06-Oct-2020 22:06:00,276972,211031,1797,225,880,314,62950,1604,62227,
07-Oct-2020 07:53:00,278495,214815,1803,223,855,298,60724,1612,59994,
07-Oct-2020 09:31:00,278842,214832,1806,240,879,304,61021,1618,60309,
07-Oct-2020 18:46:00,280653,216054,1818,241,867,306,61608,1588,60899,
07-Oct-2020 22:20:00,281390,216230,1824,238,866,306,62164,1582,61461,
08-Oct-2020 07:02:00,282780,219615,1824,236,847,305,60189,1576,59473,
08-Oct-2020 10:33:00,283440,219663,1846,240,878,332,60721,1632,60007,
08-Oct-2020 18:02:00,284610,220980,1864,241,863,321,60582,1595,59871,
08-Oct-2020 22:33:00,285241,221178,1864,244,865,321,61013,1592,60307,
09-Oct-2020 07:06:00,286298,224787,1864,241,852,311,58484,1563,57784,
09-Oct-2020 09:43:00,286551,224796,1879,232,849,290,58737,1527,58051,
09-Oct-2020 16:16:00,287763,224849,1886,241,860,292,59876,1524,59198,
10-Oct-2020 18:03:00,289704,225315,1914,232,845,290,61340,1544,60621,
11-Oct-2020 06:42:00,289904,225523,1941,214,825,300,61315,1563,60570,
11-Oct-2020 10:21:00,289980,225526,1956,233,850,306,61342,1577,60615,
11-Oct-2020 18:42:00,290393,228244,1980,230,824,303,59042,1576,58278,
12-Oct-2020 06:16:00,291725,237730,1983,224,823,299,50890,1553,50145,
13-Oct-2020 18:22:00,296112,242970,2040,254,802,264,50036,1464,49314,
13-Oct-2020 22:28:00,296549,245385,2055,240,807,264,48038,1462,47322,
14-Oct-2020 06:36:00,297162,246777,2055,240,808,263,47259,1462,46553,
14-Oct-2020 18:31:00,298388,251278,2098,241,755,243,44014,1368,43320,
15-Oct-2020 06:58:00,299141,252780,2099,253,734,235,43293,1347,42592,
15-Oct-2020 09:45:00,299390,253148,2109,247,739,242,43152,1349,42444,
15-Oct-2020 18:01:00,299899,256156,2121,248,730,234,40658,1314,39889,
15-Oct-2020 20:52:00,300089,256698,2127,246,742,221,40301,1304,39547,
16-Oct-2020 08:18:00,301169,260275,2128,247,713,219,37834,1259,37096,
16-Oct-2020 16:06:00,301787,261973,2141,244,714,219,36740,1227,36022,
17-Oct-2020 18:15:00,302620,264819,2167,238,689,210,34735,1212,34000,
17-Oct-2020 21:23:00,302660,264916,2190,239,690,207,34657,1210,33920,
18-Oct-2020 06:18:00,302711,266380,2190,237,673,205,33263,1217,32510,
18-Oct-2020 10:09:00,302790,266691,2202,240,683,206,33008,1212,32272,
18-Oct-2020 17:57:00,302989,267522,2209,234,669,213,32376,1199,31606,
19-Oct-2020 13:13:00,304247,271679,2248,237,638,205,29477,1143,28714,
19-Oct-2020 18:11:00,304514,272194,2260,246,632,180,29248,1129,28468,
20-Oct-2020 09:59:00,305512,279166,2271,231,631,180,23264,1111,22501,
21-Oct-2020 06:17:00,306382,282661,2278,229,591,159,20693,1079,19931,
21-Oct-2020 09:35:00,306528,282667,2278,232,602,165,20816,1075,20079,
21-Oct-2020 22:13:00,307214,284937,2291,232,596,176,19214,1055,18504,
22-Oct-2020 08:12:00,307644,285582,2292,231,581,169,19020,1062,18282,
22-Oct-2020 18:35:00,308045,287439,2319,227,580,161,17546,1013,16856,
22-Oct-2020 21:39:00,308126,287798,2319,226,582,163,17264,1012,16578,
23-Oct-2020 07:15:00,308451,288435,2319,223,570,154,16973,996,16283,
23-Oct-2020 11:17:00,308561,288633,2328,227,575,151,16874,988,16194,
23-Oct-2020 16:17:00,308719,289592,2329,227,573,152,16073,988,15392,
24-Oct-2020 17:24:00,309253,290589,2366,218,552,158,15588,967,14909,
24-Oct-2020 21:57:00,309292,290665,2372,220,548,161,15546,969,14864,
26-Oct-2020 07:40:00,310027,293297,2397,206,506,131,13696,942,12969,
26-Oct-2020 10:37:00,310133,293305,2404,205,510,136,13778,911,13091,
26-Oct-2020 18:07:00,310479,294205,2440,196,486,142,13206,903,12472,
26-Oct-2020 22:48:00,310730,294277,2453,211,496,134,13370,877,12664,
27-Oct-2020 09:51:00,311191,295392,2452,209,483,139,12725,864,12026,
27-Oct-2020 18:43:00,311500,295994,2463,196,464,123,12456,835,11751,
27-Oct-2020 21:59:00,311602,296080,2483,195,467,130,12442,819,11779,
28-Oct-2020 06:39:00,311902,296195,2483,196,453,106,12665,812,11956,
28-Oct-2020 18:52:00,312295,297304,2484,199,471,109,11927,825,11224,
29-Oct-2020 07:45:00,312665,297803,2494,199,464,104,11800,804,11110,
29-Oct-2020 20:23:00,312992,298862,2508,191,440,113,11069,759,10405,
30-Oct-2020 08:04:00,313468,299246,2511,190,410,101,11200,738,10516,
30-Oct-2020 11:26:00,313579,299246,2514,188,429,113,11277,724,10638,
31-Oct-2020 16:42:00,314245,300581,2523,182,419,110,10612,699,9985,
31-Oct-2020 22:37:00,314300,300664,2539,179,409,112,10576,714,9927,
01-Nov-2020 10:21:00,314413,301047,2541,171,415,122,10288,735,9635,
01-Nov-2020 18:26:00,314655,301884,2553,171,392,118,9708,693,9069,
02-Nov-2020 06:27:00,315008,302198,2554,170,372,105,9779,691,9109,
02-Nov-2020 10:28:00,315109,302292,2569,172,394,122,9732,689,9108,
02-Nov-2020 19:15:00,315464,302789,2579,163,385,108,9603,665,8979,
02-Nov-2020 21:57:00,315513,302828,2580,163,383,106,9616,660,8991,
03-Nov-2020 07:22:00,315860,303057,2580,164,382,95,9746,622,9147,
03-Nov-2020 10:55:00,315941,303057,2583,174,403,95,9803,646,9201,
03-Nov-2020 22:29:00,316405,303492,2592,171,383,114,9824,635,9232,
04-Nov-2020 07:45:00,316669,303841,2592,162,365,90,9781,574,9208,
04-Nov-2020 11:10:00,316769,303847,2592,166,376,107,9847,614,9262,
04-Nov-2020 19:13:00,317083,304392,2597,159,364,102,9628,603,9036,
04-Nov-2020 22:40:00,317209,304748,2597,156,368,99,9397,610,8799,
05-Nov-2020 07:08:00,317433,304975,2597,154,353,89,9419,576,8830,
05-Nov-2020 11:49:00,317545,305045,2638,157,357,105,9400,607,8800,
05-Nov-2020 20:30:00,317739,305533,2639,156,331,96,9140,577,8534,
06-Nov-2020 06:57:00,317987,305934,2639,147,327,84,9003,549,8409,
06-Nov-2020 10:17:00,318016,305934,2642,149,329,102,9009,588,8396,
06-Nov-2020 16:25:00,318278,306310,2644,146,324,102,8898,589,8279,
07-Nov-2020 17:58:00,318780,306858,2649,153,323,102,8848,585,8232,
07-Nov-2020 21:31:00,318825,306893,2664,143,325,108,8835,599,8213,
08-Nov-2020 06:40:00,318898,307140,2664,143,319,92,8683,569,8069,
08-Nov-2020 11:40:00,318966,307148,2664,147,333,104,8717,601,8097,
08-Nov-2020 19:30:00,319117,307983,2674,143,330,109,8021,589,7415,
09-Nov-2020 06:40:00,319438,308155,2674,138,322,89,8198,549,7604,
09-Nov-2020 18:59:00,319784,308590,2676,144,332,93,8093,586,7359,
10-Nov-2020 06:13:00,320184,308851,2678,134,322,88,8245,560,7522,
10-Nov-2020 12:06:00,320321,308894,2681,142,324,102,8320,592,7581,
10-Nov-2020 18:59:00,320515,309192,2682,134,306,105,8230,559,7507,
10-Nov-2020 22:45:00,320661,309265,2684,135,306,106,8300,562,7575,
11-Nov-2020 06:53:00,320849,309486,2683,126,304,94,8282,532,7573,
11-Nov-2020 10:02:00,320912,309486,2684,135,307,103,8332,550,7617,
11-Nov-2020 19:21:00,321235,309984,2699,132,305,106,8141,544,7432,
11-Nov-2020 22:28:00,321326,310029,2700,131,305,106,8186,544,7477,
12-Nov-2020 11:39:00,321684,310303,2700,137,312,108,8261,564,7541,
12-Nov-2020 22:19:00,322159,310926,2706,133,300,103,8124,548,7403,
13-Nov-2020 08:59:00,322435,311122,2706,134,303,103,8201,548,7484,
13-Nov-2020 10:40:00,322463,311122,2707,133,303,103,8228,551,7508,
13-Nov-2020 13:54:00,322695,311556,2716,133,303,104,8016,549,7299,
14-Nov-2020 17:00:00,323268,311998,2720,130,294,126,8130,562,7413,
14-Nov-2020 22:06:00,323339,312050,2721,124,295,121,8152,565,7428,
15-Nov-2020 11:03:00,323503,312249,2732,129,298,113,8111,569,7378,
15-Nov-2020 19:06:00,323741,312805,2732,133,304,103,7797,561,7068,
16-Nov-2020 06:51:00,324135,313061,2732,130,294,91,7957,532,7235,
16-Nov-2020 11:02:00,324293,313068,2732,133,314,91,8088,563,7355,
16-Nov-2020 19:18:00,324644,313463,2734,128,320,96,8031,571,7300,
17-Nov-2020 06:52:00,325035,313695,2735,135,313,80,8212,534,7496,
17-Nov-2020 11:05:00,325143,313695,2736,124,313,90,8309,563,7574,
17-Nov-2020 18:45:00,325355,313992,2736,124,319,86,8222,543,7509,
18-Nov-2020 08:34:00,325862,314242,2735,132,309,76,8500,513,7797,
18-Nov-2020 11:34:00,325974,314319,2737,129,320,86,8512,545,7798,
18-Nov-2020 19:22:00,326200,314739,2738,125,308,82,8333,539,7609,
18-Nov-2020 22:07:00,326331,314743,2739,125,309,82,8458,540,7734,
19-Nov-2020 08:15:00,326628,314933,2739,136,306,78,8572,519,7862,
19-Nov-2020 19:13:00,327049,315355,2742,127,315,81,8556,541,7836,
20-Nov-2020 06:47:00,327407,315664,2742,134,304,77,8620,515,7912,
20-Nov-2020 10:00:00,327435,315665,2742,123,318,86,8624,560,7894,
20-Nov-2020 16:16:00,327748,315970,2744,123,318,86,8630,560,7900,
21-Nov-2020 17:00:00,328336,316537,2754,121,313,85,8647,552,7919,
21-Nov-2020 21:59:00,328397,316597,2757,120,315,93,8635,562,7907,
22-Nov-2020 10:06:00,328613,316774,2757,120,318,98,8666,572,7936,
22-Nov-2020 18:52:00,328918,317313,2799,121,299,93,8414,545,7687,
23-Nov-2020 00:03:00,329078,317420,2800,130,295,73,8490,508,7777,
23-Nov-2020 07:57:00,329403,317568,2806,130,298,71,8660,512,7944,
23-Nov-2020 14:39:00,329650,317789,2810,117,306,80,8665,536,7943,
23-Nov-2020 19:30:00,329823,317952,2810,115,296,88,8677,531,7958,
23-Nov-2020 22:31:00,329998,318031,2811,115,297,88,8771,531,8055,
24-Nov-2020 06:05:00,330330,318158,2811,120,275,72,9014,480,8311,
24-Nov-2020 12:18:00,330495,318203,2818,115,287,77,9110,513,8391,
24-Nov-2020 20:00:00,330796,318448,2821,115,278,82,9167,500,8458,
25-Nov-2020 06:39:00,331179,318724,2822,120,268,64,9301,457,8607,
25-Nov-2020 10:53:00,331299,318731,2826,108,285,78,9379,499,8674,
25-Nov-2020 19:13:00,331678,319273,2826,110,285,76,9218,489,8521,
26-Nov-2020 07:43:00,332317,319499,2826,122,282,63,9647,510,8912,
26-Nov-2020 10:54:00,332420,319508,2827,112,294,74,9717,512,9003,
27-Nov-2020 07:27:00,333443,320464,2834,117,275,68,9802,504,9071,
27-Nov-2020 10:36:00,333557,320465,2836,108,279,75,9902,504,9182,
27-Nov-2020 15:25:00,333802,320777,2839,106,278,75,9833,503,9113,
28-Nov-2020 16:32:00,334626,321288,2845,107,276,75,10142,495,9429,
28-Nov-2020 23:32:00,334789,321443,2854,99,272,83,10137,498,9425,
29-Nov-2020 07:46:00,334988,321443,2854,112,273,82,10336,510,9413,
29-Nov-2020 11:30:00,335132,321758,2854,100,273,90,10157,507,9444,
29-Nov-2020 23:03:00,335598,322499,2864,92,263,82,9890,496,9171,
30-Nov-2020 06:42:00,335980,322651,2864,114,263,66,10136,502,9395,
30-Nov-2020 11:15:00,336160,322656,2864,96,268,76,10296,496,9576,
30-Nov-2020 19:09:00,336664,323099,2865,89,260,78,10362,498,9650,
30-Nov-2020 22:39:00,336846,323197,2865,89,260,78,10446,498,9734,
01-Dec-2020 09:03:00,337373,323443,2865,99,264,72,10729,507,10006,
01-Dec-2020 10:37:00,337422,323445,2867,89,267,77,10766,511,10047,
01-Dec-2020 23:00:00,338127,323898,2877,84,264,80,11008,505,10296,
02-Dec-2020 07:48:00,338591,324091,2877,94,266,67,11290,534,10538,
02-Dec-2020 11:06:00,338748,324094,2881,82,280,81,11412,523,10699,
02-Dec-2020 19:26:00,339318,324597,2883,81,284,96,11458,534,10756,
03-Dec-2020 04:16:00,339939,325070,2883,99,267,93,11626,539,11212,
03-Dec-2020 11:49:00,340424,325639,2890,85,292,103,11500,531,11129,
03-Dec-2020 18:38:00,340867,326220,2890,93,292,91,11374,533,10989,
03-Dec-2020 21:59:00,341042,326409,2891,91,294,94,11354,529,10978,
04-Dec-2020 07:49:00,341544,326657,2891,101,287,87,11622,537,11224,
04-Dec-2020 10:10:00,341760,326731,2896,87,324,85,11724,532,11366,
04-Dec-2020 15:59:00,342101,326927,2896,87,323,85,11870,530,11513,
05-Dec-2020 17:32:00,343665,327475,2901,97,314,94,12881,552,12502,
05-Dec-2020 22:35:00,343826,327514,2909,85,329,85,12989,548,12620,
06-Dec-2020 07:22:00,344066,327733,2909,101,311,88,13025,574,12615,
06-Dec-2020 10:54:00,344228,327737,2916,88,336,91,13148,568,12772,
06-Dec-2020 18:50:00,344798,328499,2915,85,329,85,12970,556,12595,
07-Dec-2020 06:57:00,345201,329273,2917,112,331,75,12605,567,12209,
07-Dec-2020 10:58:00,345661,329351,2917,88,342,85,12966,564,12594,
07-Dec-2020 20:19:00,346490,329938,2924,89,332,100,13196,561,12832,
08-Dec-2020 07:41:00,347331,330223,2924,107,315,93,13776,562,13387,
08-Dec-2020 11:16:00,347497,330240,2925,88,339,96,13897,569,13528,
08-Dec-2020 18:13:00,348015,330698,2927,93,328,105,13957,563,13592,
08-Dec-2020 23:17:00,348285,330820,2932,93,328,105,14100,563,13735,
09-Dec-2020 07:08:00,348968,330896,2932,113,310,96,14734,558,14347,
09-Dec-2020 10:49:00,349024,331051,2933,95,321,108,14611,570,14236,
09-Dec-2020 20:01:00,349916,331741,2934,106,316,105,14820,565,14442,
09-Dec-2020 23:46:00,350271,331855,2934,106,316,105,15061,565,14683,
10-Dec-2020 08:18:00,351004,332120,2934,100,318,105,15527,564,15152,
10-Dec-2020 13:48:00,351579,332411,2937,94,321,118,15792,575,15422,
10-Dec-2020 23:48:00,352397,333157,2961,98,316,123,15840,571,15474,
11-Dec-2020 08:54:00,352860,333466,2962,108,320,118,15994,579,15620,
11-Dec-2020 11:51:00,352968,333467,2969,101,323,109,16100,572,15726,
11-Dec-2020 14:40:00,353269,333666,2969,101,322,109,16203,569,15831,
12-Dec-2020 16:42:00,355252,334859,2979,123,331,120,16963,621,16559,
12-Dec-2020 22:49:00,355786,335009,2983,103,338,118,17338,613,16947,
13-Dec-2020 06:58:00,356015,335459,2983,128,321,117,17135,641,16698,
13-Dec-2020 10:58:00,356250,335586,2990,102,347,133,17194,643,16797,
13-Dec-2020 19:21:00,356823,336792,2996,102,349,129,16557,635,16166,
13-Dec-2020 22:55:00,357176,336952,2999,102,349,129,16747,635,16356,
14-Dec-2020 07:43:00,357859,337253,2999,122,353,117,17137,669,16704,
14-Dec-2020 11:13:00,358293,337365,3003,100,383,133,17409,668,17023,
14-Dec-2020 19:19:00,359070,338087,3004,100,375,146,17458,680,17065,
14-Dec-2020 22:50:00,359506,338184,3004,100,375,146,17797,680,17404,
15-Dec-2020 06:52:00,360297,338409,3004,130,344,134,18406,673,17978,
15-Dec-2020 11:33:00,360630,338551,3014,98,378,158,18529,683,18149,
16-Dec-2020 08:04:00,362953,339812,3022,138,381,159,19579,709,19178,
16-Dec-2020 10:26:00,363287,339913,3030,144,392,168,19784,693,19419,
16-Dec-2020 19:13:00,364320,340803,3031,152,393,168,19925,685,19570,
16-Dec-2020 23:11:00,365042,340985,3034,154,395,168,20460,688,20104,
17-Dec-2020 10:59:00,366612,341512,3040,166,406,171,21483,694,21135,
17-Dec-2020 19:39:00,367633,342580,3050,106,413,151,21439,709,21062,
17-Dec-2020 22:49:00,367975,342752,3050,106,413,151,21609,709,21232,
18-Dec-2020 13:20:00,369813,343631,3056,105,432,139,22555,719,22175,
19-Dec-2020 16:51:00,372401,345183,3070,109,445,144,23559,732,23185,
19-Dec-2020 22:42:00,372886,345358,3074,113,447,136,23871,734,23489,
20-Dec-2020 07:33:00,373368,345986,3074,110,447,149,23712,806,23271,
20-Dec-2020 19:11:00,374480,347502,3097,120,455,178,23248,801,22849,
21-Dec-2020 07:52:00,376359,348035,3101,117,456,149,24618,838,24154,
21-Dec-2020 18:43:00,378259,348642,3111,115,463,184,25859,842,25433,
22-Dec-2020 07:33:00,380095,349125,3111,119,472,154,27233,857,26771,
22-Dec-2020 11:02:00,380285,349213,3123,120,483,164,27302,853,26865,
22-Dec-2020 22:45:00,382487,350955,3136,116,499,161,27736,861,27304,
23-Dec-2020 15:04:00,384169,351393,3141,116,510,177,28948,889,28516,
23-Dec-2020 19:13:00,384728,351549,3141,117,502,170,29366,909,28899,
23-Dec-2020 22:46:00,385022,351644,3150,117,497,195,29536,900,29097,
24-Dec-2020 21:04:00,389501,354386,3170,122,526,190,31229,920,30796,
25-Dec-2020 07:51:00,393036,355827,3171,128,506,181,33351,926,32882,
25-Dec-2020 15:19:00,394391,357637,3186,133,527,201,32840,917,32421,
26-Dec-2020 17:11:00,398015,359586,3203,136,561,188,34477,977,34019,
26-Dec-2020 23:10:00,398664,359753,3210,133,584,191,34926,1000,34471,
27-Dec-2020 06:31:00,399642,360677,3210,133,584,178,34993,1054,34471,
27-Dec-2020 10:04:00,400099,361087,3222,145,604,208,34978,1056,34504,
27-Dec-2020 21:46:00,401470,363782,3226,139,587,211,33664,1037,33195,
28-Dec-2020 07:37:00,403530,364483,3226,144,590,182,35049,1057,34534,
28-Dec-2020 18:42:00,406456,366091,3247,147,602,195,36321,1019,35869,
28-Dec-2020 23:41:00,407285,366289,3256,134,592,172,36976,1005,36505,
29-Dec-2020 06:47:00,408990,366848,3256,146,593,170,38123,1025,37631,
29-Dec-2020 10:43:00,409338,366851,3257,159,609,192,38429,1030,37970,
29-Dec-2020 20:14:00,411677,368694,3286,158,623,186,38888,1041,38426,
30-Dec-2020 06:21:00,414447,369996,3292,154,609,169,40381,1031,39898,
30-Dec-2020 11:30:00,414967,370195,3304,162,633,179,40656,1044,40194,
31-Dec-2020 07:42:00,419312,373366,3314,165,639,176,41817,1093,41309,
31-Dec-2020 11:25:00,419943,373908,3318,170,661,193,41863,1076,41411,
31-Dec-2020 19:03:00,423262,376091,3325,165,679,186,42981,1089,42526,
01-Jan-2021 09:25:00,426749,377808,3338,178,678,161,44764,1102,44271,
02-Jan-2021 17:23:00,433799,381485,3384,177,739,185,48006,1255,47458,
02-Jan-2021 22:25:00,434799,381672,3392,188,749,205,48781,1228,48278,
03-Jan-2021 07:07:00,435866,381947,3391,179,729,211,49588,1302,48997,
03-Jan-2021 10:10:00,435866,383324,3404,196,769,226,48143,1298,47610,
03-Jan-2021 19:15:00,438372,386364,3412,209,761,225,47610,1295,47071,
04-Jan-2021 07:08:00,441542,388252,3416,201,731,207,48936,1314,48329,
04-Jan-2021 11:07:00,442187,388482,3433,203,797,230,49245,1328,48713,
04-Jan-2021 19:06:00,445845,390054,3435,203,793,242,51321,1332,50792,
05-Jan-2021 06:51:00,450116,391128,3445,183,764,225,54554,1361,53951,
05-Jan-2021 10:23:00,451044,391142,3448,187,837,253,55364,1386,54837,
05-Jan-2021 19:52:00,455144,392048,3489,204,828,253,58526,1408,57968,
05-Jan-2021 22:37:00,456139,393480,3496,211,843,260,58060,1411,57521,
06-Jan-2021 06:50:00,458132,395177,3495,207,824,221,58415,1445,57784,
06-Jan-2021 10:37:00,459435,395222,3497,219,870,241,59605,1445,59040,
06-Jan-2021 18:01:00,462209,397664,3512,210,887,233,59913,1465,59337,
07-Jan-2021 07:26:00,466377,398438,3527,210,873,234,63305,1488,62692,
07-Jan-2021 09:14:00,466916,398787,3527,219,905,244,63453,1473,62897,
07-Jan-2021 18:27:00,470151,402405,3549,219,872,267,63058,1465,62501,
07-Jan-2021 21:11:00,471048,402681,3552,229,878,261,63676,1459,63125,
08-Jan-2021 06:43:00,474001,404689,3565,220,873,248,64626,1481,64033,
08-Jan-2021 15:29:00,477357,408521,3596,224,920,263,64057,1508,63500,
09-Jan-2021 17:36:00,484079,411452,3633,236,964,270,67760,1646,67120,
10-Jan-2021 06:55:00,487030,413997,3645,231,993,275,68120,1710,67450,
10-Jan-2021 11:32:00,487676,414864,3651,240,1029,308,67824,1721,67212,
10-Jan-2021 18:34:00,489991,417419,3663,245,1056,291,67562,1693,66988,
10-Jan-2021 22:59:00,491315,419675,3671,244,1033,274,66662,1675,66068,
11-Jan-2021 11:04:00,495059,421378,3689,242,1070,280,68642,1710,68052,
11-Jan-2021 18:29:00,499358,423876,3695,262,1065,308,70414,1733,69824,
11-Jan-2021 22:42:00,501069,424772,3704,262,1069,308,71216,1733,70630,
12-Jan-2021 07:46:00,504265,425692,3704,247,1027,271,73571,1759,72880,
12-Jan-2021 11:29:00,504884,426965,3723,270,1071,291,72834,1742,72224,
12-Jan-2021 19:15:00,508600,429206,3756,269,1072,289,74277,1738,73670,
12-Jan-2021 22:56:00,510059,429927,3771,269,1063,287,75011,1737,74394,
13-Jan-2021 06:19:00,512865,430650,3770,262,1042,256,77147,1760,76455,
13-Jan-2021 10:05:00,513711,432531,3772,283,1105,291,76012,1799,75379,
13-Jan-2021 17:46:00,517267,435584,3803,269,1094,303,76483,1815,75838,
14-Jan-2021 08:08:00,522970,440088,3826,273,1063,293,77700,1834,76992,
14-Jan-2021 11:52:00,523881,440560,3846,280,1123,324,78028,1825,77420,
14-Jan-2021 19:50:00,528200,445941,3860,280,1117,318,76964,1803,76367,
14-Jan-2021 23:50:00,529810,447073,3870,247,1088,281,77498,1808,76841,
15-Jan-2021 06:51:00,531787,449258,3869,263,1097,293,77270,1848,76582,
15-Jan-2021 10:41:00,533022,449810,3892,291,1141,308,77871,1825,77259,
15-Jan-2021 14:40:00,535045,453125,3910,286,1135,304,76571,1818,75963,
16-Jan-2021 17:40:00,541860,455136,3943,247,1082,269,81430,1901,80654,
16-Jan-2021 21:58:00,543495,455696,3959,274,1184,298,82358,1880,81733,
17-Jan-2021 10:18:00,546083,458998,3979,276,1237,335,81534,1989,80888,
17-Jan-2021 18:39:00,547685,460363,3989,282,1177,335,81821,1944,81160,
17-Jan-2021 22:30:00,548328,463050,4005,282,1177,335,79761,1945,79099,
18-Jan-2021 07:35:00,551685,467013,4005,273,1130,277,79260,1989,78447,
18-Jan-2021 19:31:00,557559,471755,4040,292,1161,342,80261,1919,79615,
18-Jan-2021 21:34:00,558245,473306,4044,293,1166,347,79382,1917,78748,
19-Jan-2021 08:30:00,562163,476824,4049,277,1114,292,79884,1950,79112,
19-Jan-2021 10:34:00,562615,477074,4060,304,1174,311,79996,1925,79326,
19-Jan-2021 17:19:00,565625,478661,4080,293,1147,314,81423,1908,80746,
20-Jan-2021 07:28:00,570081,482776,4142,308,1113,276,81774,1918,81012,
20-Jan-2021 10:16:00,570499,482780,4144,309,1185,322,82068,1904,81438,
20-Jan-2021 18:51:00,574714,484256,4174,320,1163,308,84813,1882,84165,
20-Jan-2021 23:20:00,575838,488147,4181,316,1168,301,82041,1870,81402,
21-Jan-2021 07:27:00,578315,491497,4179,317,1132,275,81232,1901,80500,
21-Jan-2021 11:35:00,579012,493071,4210,324,1160,278,80293,1865,79628,
21-Jan-2021 22:47:00,582865,497336,4245,318,1163,269,79852,1823,79224,
22-Jan-2021 07:41:00,585742,499230,4245,310,1128,258,80881,1845,80184,
22-Jan-2021 10:17:00,586784,500281,4263,328,1158,283,80799,1847,80155,
22-Jan-2021 16:28:00,589024,504579,4266,316,1182,287,78710,1822,78120,
23-Jan-2021 17:28:00,593574,512228,4326,335,1171,287,75562,1844,74939,
23-Jan-2021 21:37:00,593957,512691,4341,342,1177,289,75459,1836,74852,
24-Jan-2021 09:07:00,595093,515442,4361,316,1228,286,73776,1915,73139,
24-Jan-2021 19:54:00,596729,522092,4392,330,1181,298,68766,1862,68112,
24-Jan-2021 23:15:00,597399,523192,4419,333,1149,274,68365,1827,67691,
25-Jan-2021 06:43:00,600298,524771,4419,358,1140,257,69711,1878,68958,
25-Jan-2021 18:19:00,605393,529333,4455,325,1174,294,70137,1845,69488,
25-Jan-2021 23:15:00,606361,529591,4465,332,1154,283,70868,1828,70206,
26-Jan-2021 11:39:00,610756,531932,4493,305,1179,249,72903,1785,72274,
26-Jan-2021 19:37:00,613282,534186,4501,313,1173,252,73170,1799,72524,
27-Jan-2021 07:15:00,617164,535673,4513,311,1141,230,75607,1787,74921,
27-Jan-2021 12:37:00,619146,538417,4539,324,1207,249,74734,1779,74141,
27-Jan-2021 18:47:00,620694,541065,4574,316,1160,241,73654,1769,73022,
28-Jan-2021 05:59:00,624100,542890,4609,306,1132,225,75244,1772,74559,
28-Jan-2021 09:39:00,624810,545107,4612,320,1178,242,73671,1779,73042,
29-Jan-2021 00:08:00,628891,551444,4669,319,1141,221,71416,1745,70771,
29-Jan-2021 04:31:00,631222,551714,4671,321,1135,219,73483,1749,72817,
29-Jan-2021 10:28:00,632476,553966,4696,328,1199,238,72377,1772,71771,
29-Jan-2021 16:03:00,633987,557974,4700,327,1200,240,69873,1774,69268,
30-Jan-2021 14:09:00,638775,561537,4738,332,1173,231,71096,1764,70465,
30-Jan-2021 22:37:00,638785,561610,4738,321,1174,236,71027,1764,70402,
31-Jan-2021 07:16:00,640640,563598,4745,298,1162,229,70906,1814,70212,
31-Jan-2021 11:26:00,641369,566933,4768,310,1204,246,68218,1829,67568,
31-Jan-2021 20:19:00,643002,572135,4786,323,1165,264,64652,1802,64008,
31-Jan-2021 21:48:00,643431,572466,4796,323,1165,264,64740,1801,64097,
01-Feb-2021 06:53:00,646273,572875,4796,315,1140,246,67216,1839,66492,
01-Feb-2021 10:52:00,647233,572880,4808,321,1149,253,68143,1810,67464,
01-Feb-2021 22:55:00,652242,572933,4816,322,1124,264,73105,1789,72433,
02-Feb-2021 06:50:00,654997,578292,4816,316,1094,247,70548,1807,69811,
02-Feb-2021 11:12:00,656012,579547,4863,326,1143,267,70192,1855,69476,
02-Feb-2021 19:21:00,659352,581707,4886,324,1113,262,71384,1808,70681,
03-Feb-2021 07:45:00,663661,584795,4888,292,1074,242,72662,1789,71918,
03-Feb-2021 19:22:00,667212,589013,4928,304,1104,261,71906,1773,71230,
04-Feb-2021 09:11:00,671452,589341,4947,315,1103,260,75801,1768,75128,
04-Feb-2021 11:36:00,672317,589341,4975,331,1120,268,76613,1735,75997,
04-Feb-2021 20:20:00,674446,589432,4993,340,1098,259,78664,1688,78066,
05-Feb-2021 00:09:00,675611,589442,5001,307,1040,211,79917,1658,79250,
05-Feb-2021 10:18:00,679142,589794,5019,326,1094,229,83006,1668,82392,
05-Feb-2021 15:40:00,680849,590777,5020,331,1101,244,83707,1653,83131,
06-Feb-2021 18:19:00,685317,608357,5057,332,1124,224,70555,1717,69918,
06-Feb-2021 21:59:00,685576,609099,5071,329,1131,225,70050,1709,69441,
07-Feb-2021 06:48:00,686767,609829,5074,302,1110,218,70536,1786,69810,
07-Feb-2021 10:57:00,687485,611750,5096,312,1144,231,69264,1755,68616,
07-Feb-2021 21:09:00,688927,617541,5097,333,1102,259,64928,1720,64299,
08-Feb-2021 07:02:00,692094,619051,5121,300,1059,236,66627,1721,65931,
08-Feb-2021 11:06:00,693205,620174,5129,316,1121,240,66541,1738,65894,
08-Feb-2021 19:18:00,696521,623035,5171,307,1097,257,66961,1716,66330,
09-Feb-2021 10:17:00,700472,624889,5192,306,1088,256,69047,1710,68410,
09-Feb-2021 19:37:00,703095,625791,5202,336,1069,261,70772,1654,70178,
09-Feb-2021 22:30:00,703712,627954,5216,307,1003,239,69300,1595,68685,
10-Feb-2021 09:56:00,706409,630461,5233,317,1020,238,69457,1606,68838,
10-Feb-2021 19:21:00,708820,635228,5244,318,1031,227,67090,1606,66472,
10-Feb-2021 23:23:00,709722,635911,5257,314,1001,223,67330,1592,66698,
11-Feb-2021 09:22:00,711974,638630,5265,315,1027,227,66825,1599,66209,
12-Feb-2021 09:14:00,716636,645719,5286,304,985,214,64432,1551,63809,
12-Feb-2021 16:11:00,718739,651244,5304,315,1002,215,60974,1534,60386,
13-Feb-2021 17:52:00,721752,655186,5340,296,992,212,60022,1540,59416,
13-Feb-2021 21:56:00,721839,655243,5351,297,999,208,60038,1537,59439,
14-Feb-2021 10:09:00,723031,656150,5368,284,1008,230,60275,1605,59639,
14-Feb-2021 18:54:00,723719,662352,5378,284,1008,234,54747,1622,54107,
14-Feb-2021 23:02:00,724373,663683,5388,305,996,211,54095,1554,53480,
15-Feb-2021 10:19:00,727478,667003,5403,284,990,212,53870,1548,53255,
15-Feb-2021 22:24:00,730286,670201,5414,268,935,193,53543,1497,52916,
16-Feb-2021 09:43:00,732033,671160,5423,301,962,209,54279,1503,53677,
16-Feb-2021 19:03:00,733996,673244,5435,297,963,204,54150,1480,53568,
16-Feb-2021 23:03:00,734568,673631,5441,297,962,207,54327,1477,53750,
17-Feb-2021 12:46:00,737637,678856,5463,313,981,187,52150,1482,51566,
18-Feb-2021 11:12:00,740520,682008,5486,296,928,195,51903,1454,51302,
18-Feb-2021 22:42:00,741927,688133,5509,297,903,197,47185,1405,46609,
19-Feb-2021 09:49:00,743807,689998,5521,295,858,180,47250,1331,46687,
19-Feb-2021 16:33:00,744506,693453,5526,296,872,180,44475,1330,43927,
21-Feb-2021 22:48:00,750036,703741,5577,280,834,217,39667,1356,39092,
22-Feb-2021 10:19:00,752391,706896,5585,275,838,197,38875,1310,38330,
22-Feb-2021 18:39:00,754474,708919,5593,270,801,201,38960,1304,38389,
23-Feb-2021 10:02:00,757143,709782,5604,256,798,186,40773,1280,40207,
23-Feb-2021 18:59:00,758803,711725,5631,263,793,186,40468,1258,39919,
24-Feb-2021 09:34:00,761544,713581,5648,259,795,174,41346,1266,40779,
24-Feb-2021 13:07:00,762501,715268,5649,265,797,178,40609,1265,40049,
24-Feb-2021 21:03:00,763551,717474,5660,261,785,180,39452,1217,38930,
25-Feb-2021 09:16:00,765485,718732,5673,249,770,169,40141,1202,39608,
25-Feb-2021 23:07:00,767719,722258,5687,255,755,170,38849,1178,38327,
26-Feb-2021 10:04:00,769964,723556,5694,238,738,166,39810,1172,39273,
26-Feb-2021 15:35:00,770773,725677,5697,237,737,167,38495,1164,37966,
27-Feb-2021 22:07:00,773328,727526,5732,244,760,196,39114,1236,38565,
28-Feb-2021 09:18:00,773327,728357,5738,241,776,212,38244,1278,38830,
01-Mar-2021 10:25:00,778165,733658,5758,232,742,188,37819,1248,37232,
01-Mar-2021 17:48:00,779951,735574,5760,241,737,192,37688,1238,37110,
02-Mar-2021 09:46:00,781850,736612,5779,234,729,179,38551,1198,37992,
02-Mar-2021 19:20:00,784689,738167,5786,213,705,185,39846,1172,39295,
03-Mar-2021 09:07:00,787204,738405,5797,224,717,193,42092,1195,41538,
03-Mar-2021 22:26:00,789478,740888,5803,220,720,177,41890,1167,41348,
04-Mar-2021 10:40:00,791312,742949,5815,224,699,176,41673,1149,41127,
04-Mar-2021 18:28:00,792679,745452,5821,215,697,158,40551,1139,39997,
05-Mar-2021 09:51:00,795447,748296,5832,225,690,157,40472,1097,39950,
05-Mar-2021 15:27:00,796458,750382,5834,218,690,155,39397,1091,38879,
06-Mar-2021 21:24:00,799720,753028,5856,234,710,161,39965,1095,39470,
07-Mar-2021 09:08:00,800714,753932,5861,210,724,172,40025,1155,39495,
07-Mar-2021 22:45:00,801568,758489,5891,225,712,173,36303,1106,35812,
08-Mar-2021 10:12:00,803253,759386,5899,223,708,175,37085,1112,36586,
09-Mar-2021 09:30:00,806834,761992,5922,212,668,170,38082,1089,37561,
09-Mar-2021 19:06:00,807748,763711,5926,217,660,173,37278,1071,36770,
10-Mar-2021 10:35:00,809863,765081,5936,215,653,161,38032,1073,37504,
10-Mar-2021 18:14:00,811101,768069,5943,211,642,173,36274,1046,35774,
11-Mar-2021 09:27:00,812816,769880,5955,211,645,155,36181,1045,35667,
11-Mar-2021 17:52:00,813799,772758,5963,208,625,151,34302,1006,33803,
12-Mar-2021 10:38:00,815455,773637,5975,212,613,138,35092,997,34579,
12-Mar-2021 16:52:00,816191,775623,5980,214,621,142,33825,997,33325,
13-Mar-2021 18:33:00,817673,775826,5988,214,626,153,35080,1007,34586,
14-Mar-2021 08:13:00,818147,779882,5992,191,644,153,31476,1080,30927,
14-Mar-2021 17:49:00,818541,784293,6008,221,640,164,27436,1031,26943,
15-Mar-2021 09:59:00,819980,786096,6025,212,627,154,27078,995,26598,
15-Mar-2021 18:49:00,820782,787703,6029,217,603,148,26299,959,25826,
16-Mar-2021 09:13:00,821755,788415,6037,211,602,144,26557,961,26079,
17-Mar-2021 09:49:00,823307,791053,6051,202,578,131,25494,922,25019,
18-Mar-2021 09:20:00,824919,794592,6062,196,579,125,23561,899,23104,
19-Mar-2021 08:24:00,826210,798737,6071,206,558,126,20718,863,20280,
19-Mar-2021 16:42:00,826602,800462,6073,202,557,125,19385,854,18954,
20-Mar-2021 19:11:00,827192,801978,6082,199,549,137,18446,867,18007,
21-Mar-2021 08:22:00,827421,802769,6085,199,561,132,17874,874,17435,
22-Mar-2021 08:32:00,828232,806112,6098,211,529,112,15381,816,14949,
22-Mar-2021 17:57:00,828665,807077,6102,215,504,116,14866,774,14455,
23-Mar-2021 09:28:00,829281,808232,6114,204,499,107,14329,764,13915,
23-Mar-2021 23:20:00,829682,808606,6122,209,505,105,14344,759,13940,
24-Mar-2021 10:22:00,829825,809035,6131,207,500,110,14049,762,13641,
24-Mar-2021 18:57:00,829928,810553,6154,218,483,108,12630,737,12232,
25-Mar-2021 09:54:00,830508,811193,6157,189,482,97,12579,740,12166,
26-Mar-2021 09:17:00,831221,813097,6164,212,470,88,11402,694,11014,
28-Mar-2021 09:14:00,831890,815462,6180,209,458,76,9714,664,9332,
28-Mar-2021 17:25:00,831899,815856,6183,212,468,80,9312,669,8939,
29-Mar-2021 08:35:00,832005,816311,6194,201,467,85,8948,676,8572,
29-Mar-2021 17:17:00,832061,817243,6196,203,441,93,8088,659,7711,
30-Mar-2021 07:29:00,832460,817752,6188,206,423,76,8021,638,7630,
30-Mar-2021 17:55:00,832567,818247,6189,203,405,80,7646,611,7268,
31-Mar-2021 09:52:00,832991,818694,6201,202,396,75,7625,593,7251,
01-Apr-2021 08:29:00,833274,819608,6214,187,385,69,6998,567,6633,
02-Apr-2021 08:13:00,833700,820647,6220,192,368,64,6401,525,6056,
03-Apr-2021 17:56:00,834063,821489,6236,177,351,68,5919,516,5570,
04-Apr-2021 09:25:00,834178,821748,6232,175,349,73,5776,524,5422,
04-Apr-2021 17:36:00,834203,822356,6243,179,344,62,5198,513,4839,
05-Apr-2021 09:13:00,834439,822712,6243,167,327,56,5101,490,4742,
05-Apr-2021 17:12:00,834556,823021,6245,176,323,60,4907,489,4549,
06-Apr-2021 09:13:00,834595,823071,6253,175,319,59,4893,490,4552,
07-Apr-2021 09:21:00,835030,823555,6257,169,317,54,4847,486,4445,
08-Apr-2021 09:05:00,835378,824084,6270,153,290,48,4686,451,4320,
08-Apr-2021 17:12:00,835430,824406,6277,151,279,52,4416,438,4056,
09-Apr-2021 16:12:00,835667,824936,6280,122,270,50,4131,436,3763,
10-Apr-2021 19:32:00,835804,825256,6292,146,268,64,3924,429,3575,
11-Apr-2021 08:22:00,835864,825428,6294,139,263,59,3820,418,3472,
12-Apr-2021 09:26:00,836065,826032,6299,133,253,49,3432,397,3087,
13-Apr-2021 06:25:00,836254,826333,6304,121,240,46,3331,391,2978,
14-Apr-2021 08:20:00,836462,826693,6312,124,221,50,3186,362,2847,
14-Apr-2021 17:38:00,836497,826931,6312,127,219,47,2988,351,2657,
15-Apr-2021 17:57:00,836692,827148,6314,126,209,48,2973,338,2646,
16-Apr-2021 08:05:00,836719,827301,6315,123,205,53,2845,340,2517,
17-Apr-2021 20:31:00,836875,827711,6331,121,202,52,2579,334,2253,
18-Apr-2021 08:57:00,836919,827799,6334,122,206,50,2530,337,2203,
19-Apr-2021 08:55:00,837153,828300,6338,114,193,52,2270,323,1947,
19-Apr-2021 22:02:00,837211,828435,6341,113,187,52,2196,308,1883,
20-Apr-2021 08:54:00,837302,828510,6342,111,181,46,2223,293,1913,
21-Apr-2021 09:04:00,837413,828721,6345,104,174,46,2127,288,1815,
22-Apr-2021 10:44:00,837559,828916,6346,98,166,42,2089,264,1790,
23-Apr-2021 08:46:00,837863,829378,6346,97,160,40,1939,257,1640,
23-Apr-2021 16:43:00,837885,829447,6346,82,157,31,1904,254,1596,
24-Apr-2021 19:29:00,837964,829562,6350,93,152,36,1864,241,1569,
25-Apr-2021 09:14:00,837999,829602,6350,91,153,38,1856,248,1557,
26-Apr-2021 09:45:00,838016,829734,6352,,,,,,,
27-Apr-2021 08:18:00,838186,829881,6354,76,140,23,1788,209,1501,
28-Apr-2021 09:46:00,838278,830026,6361,72,132,20,1739,200,1451,
29-Apr-2021 09:55:00,838365,830194,6361,65,118,26,1666,185,1385,
30-Apr-2021 08:33:00,838451,830335,6363,65,111,30,1612,179,1334,
30-Apr-2021 16:31:00,838474,830378,6363,64,110,30,1593,182,1311,
02-May-2021 09:00:00,838528,830378,6365,62,102,37,1646,173,1257,
03-May-2021 08:31:00,838569,830676,6366,62,104,35,1388,173,1115,
04-May-2021 09:01:00,838657,830790,6369,58,93,34,1371,161,1098,
05-May-2021 08:48:00,838732,830912,6369,55,90,37,1324,160,1052,
05-May-2021 18:49:00,838754,830969,6370,53,91,36,1288,158,1018,
06-May-2021 08:38:00,838809,831021,6371,55,87,35,1295,154,1269,
07-May-2021 08:11:00,838843,831141,6374,54,85,30,1213,148,993,
07-May-2021 16:21:00,838851,831186,6375,38,87,24,1179,156,947,
08-May-2021 19:25:00,838878,831234,6376,50,85,30,1153,151,930,
08-May-2021 22:52:00,838879,831238,6376,50,85,30,1150,151,927,
09-May-2021 08:27:00,838880,831280,6376,50,84,31,1109,150,887,
10-May-2021 08:46:00,838925,831416,6377,48,81,30,1021,143,802,
11-May-2021 08:49:00,838986,831449,6378,45,77,30,1052,140,834,
12-May-2021 08:54:00,839015,831550,6378,44,77,29,981,134,768,
13-May-2021 09:24:00,839035,831611,6379,43,70,30,945,131,729,
14-May-2021 09:43:00,839069,831678,6379,42,68,27,917,120,707,
14-May-2021 17:05:00,839072,831706,6380,31,73,24,889,130,671,
15-May-2021 19:21:00,839110,831737,6381,42,66,29,897,119,688,
16-May-2021 09:17:00,839110,831764,6381,42,67,30,868,122,658,
16-May-2021 17:35:00,839112,831828,6382,31,71,24,807,130,587,
