,day_date,age_group,serious_amount_boost_vaccinated,serious_amount_vaccinated,serious_amount_not_vaccinated,new_Serious_amount_boost_vaccinated,new_serious_amount_vaccinated,new_serious_amount_not_vaccinated,serious_boost_vaccinated_normalized,serious_vaccinated_normalized,serious_not_vaccinated_normalized,new_Serious_boost_vaccinated_normalized,new_serious_vaccinated_normalized,new_serious_not_vaccinated_normalized
0,2021-01-20T00:00:00.000Z,מעל גיל 60,0,1,538,0,0,16,0.0,1.3,36.8,0.0,0.0,1.1
1,2021-01-20T00:00:00.000Z,מתחת לגיל 60,0,2,221,0,0,11,0.0,4.7,2.9,0.0,0.0,0.1
2,2021-01-20T00:00:00.000Z,כלל האוכלוסיה,0,3,759,0,0,27,0.0,2.5,8.3,0.0,0.0,0.30000000000000004
3,2021-01-21T00:00:00.000Z,מעל גיל 60,0,3,511,0,1,17,0.0,2.3,36.4,0.0,0.8,1.2
4,2021-01-21T00:00:00.000Z,מתחת לגיל 60,0,3,226,0,0,13,0.0,5.0,3.0,0.0,0.0,0.2
5,2021-01-21T00:00:00.000Z,כלל האוכלוסיה,0,6,737,0,1,30,0.0,3.2,8.2,0.0,0.5,0.30000000000000004
6,2021-01-22T00:00:00.000Z,מתחת לגיל 60,0,3,232,0,0,10,0.0,4.5,3.0,0.0,0.0,0.1
7,2021-01-22T00:00:00.000Z,מעל גיל 60,0,4,494,0,1,13,0.0,2.6,36.0,0.0,0.6000000000000001,0.9
8,2021-01-22T00:00:00.000Z,כלל האוכלוסיה,0,7,726,0,1,23,0.0,3.1,8.1,0.0,0.4,0.30000000000000004
9,2021-01-23T00:00:00.000Z,מעל גיל 60,0,5,492,0,1,23,0.0,2.8,36.4,0.0,0.6000000000000001,1.7000000000000002
10,2021-01-23T00:00:00.000Z,מתחת לגיל 60,0,3,241,0,0,11,0.0,4.2,3.2,0.0,0.0,0.1
11,2021-01-23T00:00:00.000Z,כלל האוכלוסיה,0,8,733,0,1,34,0.0,3.2,8.2,0.0,0.4,0.4
12,2021-01-24T00:00:00.000Z,מעל גיל 60,0,5,489,0,1,18,0.0,2.1,38.1,0.0,0.4,1.4
13,2021-01-24T00:00:00.000Z,מתחת לגיל 60,0,4,253,0,0,15,0.0,4.3,3.3,0.0,0.0,0.2
14,2021-01-24T00:00:00.000Z,כלל האוכלוסיה,0,9,742,0,1,33,0.0,2.7,8.4,0.0,0.30000000000000004,0.4
15,2021-01-25T00:00:00.000Z,מעל גיל 60,0,4,479,0,0,35,0.0,1.2,40.0,0.0,0.0,2.9
16,2021-01-25T00:00:00.000Z,מתחת לגיל 60,0,4,236,0,0,18,0.0,3.0,3.1,0.0,0.0,0.2
17,2021-01-25T00:00:00.000Z,כלל האוכלוסיה,0,8,716,0,0,54,0.0,1.8,8.2,0.0,0.0,0.6000000000000001
18,2021-01-26T00:00:00.000Z,מתחת לגיל 60,0,3,258,0,0,22,0.0,1.7000000000000002,3.5,0.0,0.0,0.30000000000000004
19,2021-01-26T00:00:00.000Z,מעל גיל 60,0,6,473,0,2,23,0.0,1.5,42.7,0.0,0.5,2.1
20,2021-01-26T00:00:00.000Z,כלל האוכלוסיה,0,9,732,0,2,45,0.0,1.5,8.5,0.0,0.30000000000000004,0.5
21,2021-01-27T00:00:00.000Z,כלל האוכלוסיה,0,11,728,0,1,42,0.0,1.5,8.6,0.0,0.1,0.5
22,2021-01-27T00:00:00.000Z,מתחת לגיל 60,0,4,264,0,0,18,0.0,1.7000000000000002,3.6,0.0,0.0,0.2
23,2021-01-27T00:00:00.000Z,מעל גיל 60,0,7,463,0,1,24,0.0,1.4,45.6,0.0,0.2,2.4
24,2021-01-28T00:00:00.000Z,כלל האוכלוסיה,0,14,745,0,0,35,0.0,1.6,9.0,0.0,0.0,0.4
25,2021-01-28T00:00:00.000Z,מעל גיל 60,0,10,468,0,0,19,0.0,1.7000000000000002,50.7,0.0,0.0,2.1
26,2021-01-28T00:00:00.000Z,מתחת לגיל 60,0,4,277,0,0,16,0.0,1.3,3.8,0.0,0.0,0.2
27,2021-01-29T00:00:00.000Z,מתחת לגיל 60,0,4,276,0,0,13,0.0,1.2,3.8,0.0,0.0,0.2
28,2021-01-29T00:00:00.000Z,מעל גיל 60,0,13,447,0,4,15,0.0,2.1,50.6,0.0,0.6000000000000001,1.7000000000000002
29,2021-01-29T00:00:00.000Z,כלל האוכלוסיה,0,17,723,0,4,28,0.0,1.8,8.9,0.0,0.4,0.30000000000000004
30,2021-01-30T00:00:00.000Z,כלל האוכלוסיה,0,27,723,0,4,25,0.0,2.6,8.9,0.0,0.4,0.30000000000000004
31,2021-01-30T00:00:00.000Z,מתחת לגיל 60,0,5,278,0,0,10,0.0,1.4,3.8,0.0,0.0,0.1
32,2021-01-30T00:00:00.000Z,מעל גיל 60,0,22,445,0,4,15,0.0,3.3,52.0,0.0,0.6000000000000001,1.8
33,2021-01-31T00:00:00.000Z,מתחת לגיל 60,0,5,292,0,0,17,0.0,1.2,4.1,0.0,0.0,0.2
34,2021-01-31T00:00:00.000Z,כלל האוכלוסיה,0,33,726,0,4,29,0.0,2.8,9.1,0.0,0.30000000000000004,0.4
35,2021-01-31T00:00:00.000Z,מעל גיל 60,0,28,434,0,4,12,0.0,3.8,55.1,0.0,0.5,1.5
36,2021-02-01T00:00:00.000Z,כלל האוכלוסיה,0,44,719,0,11,45,0.0,3.4,9.2,0.0,0.8,0.6000000000000001
37,2021-02-01T00:00:00.000Z,מתחת לגיל 60,0,7,272,0,2,11,0.0,1.4,3.8,0.0,0.4,0.2
38,2021-02-01T00:00:00.000Z,מעל גיל 60,0,37,446,0,9,33,0.0,4.6,61.4,0.0,1.1,4.5
39,2021-02-02T00:00:00.000Z,מתחת לגיל 60,0,8,273,0,0,15,0.0,1.4,3.9,0.0,0.0,0.2
40,2021-02-02T00:00:00.000Z,כלל האוכלוסיה,0,51,699,0,1,27,0.0,3.6,9.0,0.0,0.1,0.30000000000000004
41,2021-02-02T00:00:00.000Z,מעל גיל 60,0,43,424,0,1,12,0.0,5.0,63.0,0.0,0.1,1.8
42,2021-02-03T00:00:00.000Z,כלל האוכלוסיה,0,53,730,0,5,29,0.0,3.4,9.6,0.0,0.30000000000000004,0.4
43,2021-02-03T00:00:00.000Z,מעל גיל 60,0,46,438,0,5,15,0.0,5.0,70.7,0.0,0.5,2.4
44,2021-02-03T00:00:00.000Z,מתחת לגיל 60,0,7,291,0,0,14,0.0,1.1,4.1,0.0,0.0,0.2
45,2021-02-04T00:00:00.000Z,מתחת לגיל 60,0,7,295,0,0,9,0.0,1.0,4.2,0.0,0.0,0.1
46,2021-02-04T00:00:00.000Z,כלל האוכלוסיה,0,66,728,0,5,22,0.0,3.9,9.7,0.0,0.30000000000000004,0.30000000000000004
47,2021-02-04T00:00:00.000Z,מעל גיל 60,0,59,432,0,5,13,0.0,6.1,75.6,0.0,0.5,2.3
48,2021-02-05T00:00:00.000Z,מעל גיל 60,0,57,426,0,4,13,0.0,5.7,77.1,0.0,0.4,2.4
49,2021-02-05T00:00:00.000Z,מתחת לגיל 60,0,8,315,0,0,13,0.0,1.1,4.6,0.0,0.0,0.2
50,2021-02-05T00:00:00.000Z,כלל האוכלוסיה,0,65,742,0,4,26,0.0,3.7,9.9,0.0,0.2,0.30000000000000004
51,2021-02-06T00:00:00.000Z,מתחת לגיל 60,0,8,318,0,0,8,0.0,1.0,4.6,0.0,0.0,0.1
52,2021-02-06T00:00:00.000Z,כלל האוכלוסיה,0,65,764,0,3,23,0.0,3.6,10.3,0.0,0.2,0.30000000000000004
53,2021-02-06T00:00:00.000Z,מעל גיל 60,0,57,445,0,3,15,0.0,5.7,82.1,0.0,0.30000000000000004,2.8
54,2021-02-07T00:00:00.000Z,מתחת לגיל 60,0,8,328,0,0,16,0.0,1.0,4.8,0.0,0.0,0.2
55,2021-02-07T00:00:00.000Z,כלל האוכלוסיה,0,66,782,0,4,37,0.0,3.6,10.6,0.0,0.2,0.5
56,2021-02-07T00:00:00.000Z,מעל גיל 60,0,58,453,0,4,21,0.0,5.6,86.8,0.0,0.4,4.0
57,2021-02-08T00:00:00.000Z,כלל האוכלוסיה,0,74,763,0,3,34,0.0,3.9,10.4,0.0,0.2,0.5
58,2021-02-08T00:00:00.000Z,מעל גיל 60,0,64,444,0,3,20,0.0,6.2,86.7,0.0,0.30000000000000004,3.9
59,2021-02-08T00:00:00.000Z,מתחת לגיל 60,0,10,317,0,0,14,0.0,1.2,4.7,0.0,0.0,0.2
60,2021-02-09T00:00:00.000Z,מעל גיל 60,0,61,426,0,3,9,0.0,5.8,84.6,0.0,0.30000000000000004,1.8
61,2021-02-09T00:00:00.000Z,כלל האוכלוסיה,0,70,741,0,3,21,0.0,3.6,10.2,0.0,0.2,0.30000000000000004
62,2021-02-09T00:00:00.000Z,מתחת לגיל 60,0,9,312,0,0,11,0.0,1.0,4.6,0.0,0.0,0.2
63,2021-02-10T00:00:00.000Z,מעל גיל 60,0,58,431,0,2,18,0.0,5.5,87.4,0.0,0.2,3.7
64,2021-02-10T00:00:00.000Z,מתחת לגיל 60,0,8,312,0,0,15,0.0,0.9,4.6,0.0,0.0,0.2
65,2021-02-10T00:00:00.000Z,כלל האוכלוסיה,0,66,746,0,2,33,0.0,3.3,10.4,0.0,0.1,0.5
66,2021-02-11T00:00:00.000Z,כלל האוכלוסיה,0,59,727,0,1,17,0.0,2.9,10.2,0.0,0.0,0.2
67,2021-02-11T00:00:00.000Z,מתחת לגיל 60,0,7,321,0,0,9,0.0,0.7000000000000001,4.8,0.0,0.0,0.1
68,2021-02-11T00:00:00.000Z,מעל גיל 60,0,52,404,0,1,8,0.0,4.9,83.5,0.0,0.1,1.7000000000000002
69,2021-02-12T00:00:00.000Z,מתחת לגיל 60,0,6,303,0,0,8,0.0,0.6000000000000001,4.6,0.0,0.0,0.1
70,2021-02-12T00:00:00.000Z,כלל האוכלוסיה,0,53,701,0,1,14,0.0,2.6,9.9,0.0,0.0,0.2
71,2021-02-12T00:00:00.000Z,מעל גיל 60,0,47,397,0,1,6,0.0,4.4,82.8,0.0,0.1,1.3
72,2021-02-13T00:00:00.000Z,מעל גיל 60,0,39,402,0,0,10,0.0,3.6,84.3,0.0,0.0,2.1
73,2021-02-13T00:00:00.000Z,כלל האוכלוסיה,0,45,712,0,0,21,0.0,2.2,10.1,0.0,0.0,0.30000000000000004
74,2021-02-13T00:00:00.000Z,מתחת לגיל 60,0,6,309,0,0,11,0.0,0.6000000000000001,4.7,0.0,0.0,0.2
75,2021-02-14T00:00:00.000Z,מתחת לגיל 60,0,6,325,0,0,9,0.0,0.6000000000000001,5.0,0.0,0.0,0.1
76,2021-02-14T00:00:00.000Z,כלל האוכלוסיה,0,53,738,0,3,21,0.0,2.5,10.6,0.0,0.1,0.30000000000000004
77,2021-02-14T00:00:00.000Z,מעל גיל 60,0,47,411,0,3,12,0.0,4.3,87.8,0.0,0.30000000000000004,2.6
78,2021-02-15T00:00:00.000Z,מתחת לגיל 60,0,8,324,0,0,12,0.0,0.7000000000000001,5.0,0.0,0.0,0.2
79,2021-02-15T00:00:00.000Z,כלל האוכלוסיה,0,58,736,0,0,28,0.0,2.6,10.7,0.0,0.0,0.4
80,2021-02-15T00:00:00.000Z,מעל גיל 60,0,50,410,0,0,16,0.0,4.6,89.0,0.0,0.0,3.5
81,2021-02-16T00:00:00.000Z,כלל האוכלוסיה,0,52,703,0,1,36,0.0,2.3,10.3,0.0,0.0,0.5
82,2021-02-16T00:00:00.000Z,מעל גיל 60,0,46,385,0,1,18,0.0,4.2,84.9,0.0,0.1,4.0
83,2021-02-16T00:00:00.000Z,מתחת לגיל 60,0,6,317,0,0,18,0.0,0.5,5.0,0.0,0.0,0.30000000000000004
84,2021-02-17T00:00:00.000Z,כלל האוכלוסיה,0,51,708,0,3,25,0.0,2.2,10.5,0.0,0.1,0.4
85,2021-02-17T00:00:00.000Z,מעל גיל 60,0,44,380,0,2,15,0.0,4.0,85.0,0.0,0.2,3.4
86,2021-02-17T00:00:00.000Z,מתחת לגיל 60,0,7,327,0,1,10,0.0,0.6000000000000001,5.2,0.0,0.1,0.2
87,2021-02-18T00:00:00.000Z,כלל האוכלוסיה,0,48,672,0,1,22,0.0,2.0,10.1,0.0,0.0,0.30000000000000004
88,2021-02-18T00:00:00.000Z,מעל גיל 60,0,40,358,0,1,14,0.0,3.6,81.3,0.0,0.1,3.2
89,2021-02-18T00:00:00.000Z,מתחת לגיל 60,0,8,313,0,0,8,0.0,0.6000000000000001,5.0,0.0,0.0,0.1
90,2021-02-19T00:00:00.000Z,מתחת לגיל 60,0,8,292,0,0,8,0.0,0.6000000000000001,4.7,0.0,0.0,0.1
91,2021-02-19T00:00:00.000Z,כלל האוכלוסיה,0,44,628,0,1,21,0.0,1.8,9.5,0.0,0.0,0.30000000000000004
92,2021-02-19T00:00:00.000Z,מעל גיל 60,0,36,335,0,1,13,0.0,3.2,76.7,0.0,0.1,3.0
93,2021-02-20T00:00:00.000Z,כלל האוכלוסיה,0,43,630,0,0,21,0.0,1.7000000000000002,9.6,0.0,0.0,0.30000000000000004
94,2021-02-20T00:00:00.000Z,מתחת לגיל 60,0,10,309,0,0,18,0.0,0.7000000000000001,5.0,0.0,0.0,0.30000000000000004
95,2021-02-20T00:00:00.000Z,מעל גיל 60,0,33,320,0,0,3,0.0,3.0,73.6,0.0,0.0,0.7000000000000001
96,2021-02-21T00:00:00.000Z,מתחת לגיל 60,0,9,307,0,1,13,0.0,0.6000000000000001,5.1,0.0,0.1,0.2
97,2021-02-21T00:00:00.000Z,מעל גיל 60,0,35,315,0,1,10,0.0,3.1,73.6,0.0,0.1,2.3
98,2021-02-21T00:00:00.000Z,כלל האוכלוסיה,0,44,623,0,2,23,0.0,1.7000000000000002,9.6,0.0,0.1,0.4
99,2021-02-22T00:00:00.000Z,כלל האוכלוסיה,0,40,630,0,1,39,0.0,1.5,9.8,0.0,0.0,0.6000000000000001
100,2021-02-22T00:00:00.000Z,מתחת לגיל 60,0,7,307,0,0,21,0.0,0.5,5.1,0.0,0.0,0.4
101,2021-02-22T00:00:00.000Z,מעל גיל 60,0,33,322,0,1,18,0.0,2.9,76.6,0.0,0.1,4.3
102,2021-02-23T00:00:00.000Z,מעל גיל 60,0,34,310,0,2,20,0.0,3.0,74.9,0.0,0.2,4.8
103,2021-02-23T00:00:00.000Z,מתחת לגיל 60,0,7,298,0,0,17,0.0,0.4,5.0,0.0,0.0,0.30000000000000004
104,2021-02-23T00:00:00.000Z,כלל האוכלוסיה,0,41,608,0,2,37,0.0,1.5,9.6,0.0,0.1,0.6000000000000001
105,2021-02-24T00:00:00.000Z,כלל האוכלוסיה,0,40,604,0,1,33,0.0,1.4,9.7,0.0,0.0,0.5
106,2021-02-24T00:00:00.000Z,מתחת לגיל 60,0,7,302,0,1,22,0.0,0.4,5.2,0.0,0.1,0.4
107,2021-02-24T00:00:00.000Z,מעל גיל 60,0,33,302,0,0,11,0.0,2.9,74.0,0.0,0.0,2.7
108,2021-02-25T00:00:00.000Z,כלל האוכלוסיה,0,37,589,0,3,28,0.0,1.3,9.5,0.0,0.1,0.5
109,2021-02-25T00:00:00.000Z,מתחת לגיל 60,0,7,293,0,0,16,0.0,0.4,5.1,0.0,0.0,0.30000000000000004
110,2021-02-25T00:00:00.000Z,מעל גיל 60,0,30,296,0,3,12,0.0,2.6,73.5,0.0,0.30000000000000004,3.0
111,2021-02-26T00:00:00.000Z,מעל גיל 60,0,31,284,0,1,11,0.0,2.7,70.9,0.0,0.1,2.7
112,2021-02-26T00:00:00.000Z,מתחת לגיל 60,0,7,294,0,0,15,0.0,0.4,5.1,0.0,0.0,0.30000000000000004
113,2021-02-26T00:00:00.000Z,כלל האוכלוסיה,0,38,578,0,1,26,0.0,1.3,9.4,0.0,0.0,0.4
114,2021-02-27T00:00:00.000Z,מעל גיל 60,0,38,283,0,4,8,0.0,3.3,70.9,0.0,0.30000000000000004,2.0
115,2021-02-27T00:00:00.000Z,מתחת לגיל 60,0,7,284,0,0,6,0.0,0.4,5.0,0.0,0.0,0.1
116,2021-02-27T00:00:00.000Z,כלל האוכלוסיה,0,45,568,0,4,14,0.0,1.5,9.3,0.0,0.1,0.2
117,2021-02-28T00:00:00.000Z,מעל גיל 60,0,40,285,0,1,17,0.0,3.5,72.4,0.0,0.1,4.3
118,2021-02-28T00:00:00.000Z,כלל האוכלוסיה,0,47,570,0,1,30,0.0,1.6,9.4,0.0,0.0,0.5
119,2021-02-28T00:00:00.000Z,מתחת לגיל 60,0,7,285,0,0,13,0.0,0.4,5.1,0.0,0.0,0.2
120,2021-03-01T00:00:00.000Z,כלל האוכלוסיה,0,45,560,0,2,48,0.0,1.5,9.4,0.0,0.1,0.8
121,2021-03-01T00:00:00.000Z,מתחת לגיל 60,0,8,272,0,1,25,0.0,0.4,4.9,0.0,0.1,0.4
122,2021-03-01T00:00:00.000Z,מעל גיל 60,0,37,287,0,1,23,0.0,3.2,74.1,0.0,0.1,5.9
123,2021-03-02T00:00:00.000Z,כלל האוכלוסיה,0,41,536,0,3,27,0.0,1.3,9.1,0.0,0.1,0.5
124,2021-03-02T00:00:00.000Z,מתחת לגיל 60,0,6,257,0,0,11,0.0,0.30000000000000004,4.7,0.0,0.0,0.2
125,2021-03-02T00:00:00.000Z,מעל גיל 60,0,35,278,0,3,16,0.0,3.0,73.1,0.0,0.30000000000000004,4.2
126,2021-03-03T00:00:00.000Z,מתחת לגיל 60,0,8,248,0,2,7,0.0,0.4,4.6,0.0,0.1,0.1
127,2021-03-03T00:00:00.000Z,מעל גיל 60,0,35,289,0,3,18,0.0,3.0,77.4,0.0,0.30000000000000004,4.8
128,2021-03-03T00:00:00.000Z,כלל האוכלוסיה,0,43,537,0,5,25,0.0,1.3,9.3,0.0,0.2,0.4
129,2021-03-04T00:00:00.000Z,מעל גיל 60,0,38,280,0,3,14,0.0,3.2,76.4,0.0,0.30000000000000004,3.8
130,2021-03-04T00:00:00.000Z,כלל האוכלוסיה,0,48,525,0,5,26,0.0,1.5,9.2,0.0,0.2,0.5
131,2021-03-04T00:00:00.000Z,מתחת לגיל 60,0,10,245,0,2,12,0.0,0.5,4.6,0.0,0.1,0.2
132,2021-03-05T00:00:00.000Z,מתחת לגיל 60,0,9,231,0,1,10,0.0,0.4,4.4,0.0,0.0,0.2
133,2021-03-05T00:00:00.000Z,כלל האוכלוסיה,0,47,493,0,2,20,0.0,1.4,8.7,0.0,0.1,0.4
134,2021-03-05T00:00:00.000Z,מעל גיל 60,0,38,262,0,1,10,0.0,3.2,72.0,0.0,0.1,2.7
135,2021-03-06T00:00:00.000Z,כלל האוכלוסיה,0,53,517,0,3,29,0.0,1.6,9.2,0.0,0.1,0.5
136,2021-03-06T00:00:00.000Z,מעל גיל 60,0,45,275,0,3,16,0.0,3.8,75.9,0.0,0.30000000000000004,4.4
137,2021-03-06T00:00:00.000Z,מתחת לגיל 60,0,8,242,0,0,13,0.0,0.4,4.6,0.0,0.0,0.2
138,2021-03-07T00:00:00.000Z,מתחת לגיל 60,0,8,253,0,0,13,0.0,0.4,4.9,0.0,0.0,0.30000000000000004
139,2021-03-07T00:00:00.000Z,מעל גיל 60,0,46,282,0,1,4,0.0,3.9,79.3,0.0,0.1,1.1
140,2021-03-07T00:00:00.000Z,כלל האוכלוסיה,0,54,535,0,1,17,0.0,1.6,9.7,0.0,0.0,0.30000000000000004
141,2021-03-08T00:00:00.000Z,מתחת לגיל 60,0,9,250,0,0,16,0.0,0.4,4.9,0.0,0.0,0.30000000000000004
142,2021-03-08T00:00:00.000Z,כלל האוכלוסיה,0,55,511,0,5,31,0.0,1.6,9.4,0.0,0.1,0.6000000000000001
143,2021-03-08T00:00:00.000Z,מעל גיל 60,0,46,261,0,5,15,0.0,3.9,74.8,0.0,0.4,4.3
144,2021-03-09T00:00:00.000Z,מתחת לגיל 60,0,9,242,0,0,3,0.0,0.4,4.8,0.0,0.0,0.1
145,2021-03-09T00:00:00.000Z,כלל האוכלוסיה,0,55,495,0,3,8,0.0,1.6,9.2,0.0,0.1,0.1
146,2021-03-09T00:00:00.000Z,מעל גיל 60,0,46,253,0,3,5,0.0,3.9,74.0,0.0,0.30000000000000004,1.5
147,2021-03-10T00:00:00.000Z,מעל גיל 60,0,45,253,0,3,15,0.0,3.7,75.2,0.0,0.2,4.5
148,2021-03-10T00:00:00.000Z,כלל האוכלוסיה,0,53,484,0,3,28,0.0,1.5,9.2,0.0,0.1,0.5
149,2021-03-10T00:00:00.000Z,מתחת לגיל 60,0,8,231,0,0,13,0.0,0.30000000000000004,4.7,0.0,0.0,0.30000000000000004
150,2021-03-11T00:00:00.000Z,מתחת לגיל 60,0,7,228,0,0,8,0.0,0.30000000000000004,4.7,0.0,0.0,0.2
151,2021-03-11T00:00:00.000Z,כלל האוכלוסיה,0,51,472,0,1,17,0.0,1.4,9.1,0.0,0.0,0.30000000000000004
152,2021-03-11T00:00:00.000Z,מעל גיל 60,0,44,244,0,1,9,0.0,3.6,73.9,0.0,0.1,2.7
153,2021-03-12T00:00:00.000Z,מעל גיל 60,0,43,230,0,2,9,0.0,3.6,70.3,0.0,0.2,2.7
154,2021-03-12T00:00:00.000Z,כלל האוכלוסיה,0,53,452,0,2,26,0.0,1.4,8.8,0.0,0.1,0.5
155,2021-03-12T00:00:00.000Z,מתחת לגיל 60,0,10,222,0,0,17,0.0,0.4,4.6,0.0,0.0,0.4
156,2021-03-13T00:00:00.000Z,מעל גיל 60,0,43,229,0,1,5,0.0,3.5,70.4,0.0,0.1,1.5
157,2021-03-13T00:00:00.000Z,כלל האוכלוסיה,0,53,448,0,2,16,0.0,1.4,8.7,0.0,0.1,0.30000000000000004
158,2021-03-13T00:00:00.000Z,מתחת לגיל 60,0,10,219,0,1,11,0.0,0.4,4.6,0.0,0.0,0.2
159,2021-03-14T00:00:00.000Z,כלל האוכלוסיה,0,51,463,0,1,25,0.0,1.3,9.2,0.0,0.0,0.5
160,2021-03-14T00:00:00.000Z,מעל גיל 60,0,42,228,0,1,13,0.0,3.4,71.6,0.0,0.1,4.1
161,2021-03-14T00:00:00.000Z,מתחת לגיל 60,0,9,235,0,0,12,0.0,0.30000000000000004,5.0,0.0,0.0,0.30000000000000004
162,2021-03-15T00:00:00.000Z,מתחת לגיל 60,0,10,212,0,1,8,0.0,0.4,4.6,0.0,0.0,0.2
163,2021-03-15T00:00:00.000Z,כלל האוכלוסיה,0,55,427,0,1,15,0.0,1.4,8.6,0.0,0.0,0.30000000000000004
164,2021-03-15T00:00:00.000Z,מעל גיל 60,0,45,215,0,0,7,0.0,3.7,69.2,0.0,0.0,2.3
165,2021-03-16T00:00:00.000Z,מעל גיל 60,0,42,212,0,2,5,0.0,3.4,69.8,0.0,0.2,1.6
166,2021-03-16T00:00:00.000Z,כלל האוכלוסיה,0,50,431,0,2,18,0.0,1.2,8.9,0.0,0.0,0.4
167,2021-03-16T00:00:00.000Z,מתחת לגיל 60,0,8,219,0,0,13,0.0,0.30000000000000004,4.8,0.0,0.0,0.30000000000000004
168,2021-03-17T00:00:00.000Z,כלל האוכלוסיה,0,51,409,0,3,14,0.0,1.3,8.5,0.0,0.1,0.30000000000000004
169,2021-03-17T00:00:00.000Z,מעל גיל 60,0,45,200,0,3,4,0.0,3.6,67.2,0.0,0.2,1.3
170,2021-03-17T00:00:00.000Z,מתחת לגיל 60,0,6,209,0,0,10,0.0,0.2,4.6,0.0,0.0,0.2
171,2021-03-18T00:00:00.000Z,מתחת לגיל 60,0,7,209,0,0,13,0.0,0.2,4.7,0.0,0.0,0.30000000000000004
172,2021-03-18T00:00:00.000Z,כלל האוכלוסיה,0,52,416,0,3,20,0.0,1.3,8.8,0.0,0.1,0.4
173,2021-03-18T00:00:00.000Z,מעל גיל 60,0,45,207,0,3,7,0.0,3.6,70.8,0.0,0.2,2.4
174,2021-03-19T00:00:00.000Z,כלל האוכלוסיה,0,50,404,0,2,9,0.0,1.2,8.6,0.0,0.0,0.2
175,2021-03-19T00:00:00.000Z,מתחת לגיל 60,0,6,200,0,0,7,0.0,0.2,4.5,0.0,0.0,0.2
176,2021-03-19T00:00:00.000Z,מעל גיל 60,0,44,204,0,2,2,0.0,3.5,70.4,0.0,0.2,0.7000000000000001
177,2021-03-20T00:00:00.000Z,מתחת לגיל 60,0,8,189,0,1,9,0.0,0.30000000000000004,4.3,0.0,0.0,0.2
178,2021-03-20T00:00:00.000Z,מעל גיל 60,0,41,205,0,0,10,0.0,3.3,71.1,0.0,0.0,3.5
179,2021-03-20T00:00:00.000Z,כלל האוכלוסיה,0,49,394,0,1,19,0.0,1.2,8.4,0.0,0.0,0.4
180,2021-03-21T00:00:00.000Z,מתחת לגיל 60,0,8,189,0,0,4,0.0,0.30000000000000004,4.3,0.0,0.0,0.1
181,2021-03-21T00:00:00.000Z,מעל גיל 60,0,45,212,0,2,12,0.0,3.6,74.9,0.0,0.2,4.2
182,2021-03-21T00:00:00.000Z,כלל האוכלוסיה,0,53,401,0,2,16,0.0,1.2,8.7,0.0,0.0,0.30000000000000004
183,2021-03-22T00:00:00.000Z,מעל גיל 60,0,40,198,0,0,7,0.0,3.2,71.3,0.0,0.0,2.5
184,2021-03-22T00:00:00.000Z,כלל האוכלוסיה,0,46,378,0,0,11,0.0,1.1,8.2,0.0,0.0,0.2
185,2021-03-22T00:00:00.000Z,מתחת לגיל 60,0,6,180,0,0,4,0.0,0.2,4.2,0.0,0.0,0.1
186,2021-03-23T00:00:00.000Z,כלל האוכלוסיה,0,45,368,0,3,11,0.0,1.0,8.1,0.0,0.1,0.2
187,2021-03-23T00:00:00.000Z,מתחת לגיל 60,0,7,177,0,0,5,0.0,0.2,4.1,0.0,0.0,0.1
188,2021-03-23T00:00:00.000Z,מעל גיל 60,0,38,191,0,3,6,0.0,3.0,69.3,0.0,0.2,2.2
189,2021-03-24T00:00:00.000Z,מתחת לגיל 60,0,6,169,0,0,3,0.0,0.2,4.0,0.0,0.0,0.1
190,2021-03-24T00:00:00.000Z,מעל גיל 60,0,34,192,0,0,10,0.0,2.7,71.0,0.0,0.0,3.7
191,2021-03-24T00:00:00.000Z,כלל האוכלוסיה,0,40,361,0,0,13,0.0,0.9,8.0,0.0,0.0,0.30000000000000004
192,2021-03-25T00:00:00.000Z,מתחת לגיל 60,0,7,166,0,1,7,0.0,0.2,3.9,0.0,0.0,0.2
193,2021-03-25T00:00:00.000Z,מעל גיל 60,0,32,196,0,1,12,0.0,2.5,73.6,0.0,0.1,4.5
194,2021-03-25T00:00:00.000Z,כלל האוכלוסיה,0,39,362,0,2,19,0.0,0.9,8.1,0.0,0.0,0.4
195,2021-03-26T00:00:00.000Z,מתחת לגיל 60,0,6,152,0,0,3,0.0,0.2,3.6,0.0,0.0,0.1
196,2021-03-26T00:00:00.000Z,מעל גיל 60,0,34,189,0,2,1,0.0,2.7,71.3,0.0,0.2,0.4
197,2021-03-26T00:00:00.000Z,כלל האוכלוסיה,0,40,341,0,2,4,0.0,0.9,7.6,0.0,0.0,0.1
198,2021-03-27T00:00:00.000Z,כלל האוכלוסיה,0,38,331,0,0,5,0.0,0.8,7.4,0.0,0.0,0.1
199,2021-03-27T00:00:00.000Z,מעל גיל 60,0,32,184,0,0,3,0.0,2.5,69.6,0.0,0.0,1.1
200,2021-03-27T00:00:00.000Z,מתחת לגיל 60,0,6,147,0,0,2,0.0,0.2,3.5,0.0,0.0,0.0
201,2021-03-28T00:00:00.000Z,כלל האוכלוסיה,0,41,334,0,2,8,0.0,0.9,7.5,0.0,0.0,0.2
202,2021-03-28T00:00:00.000Z,מתחת לגיל 60,0,8,152,0,2,5,0.0,0.2,3.6,0.0,0.1,0.1
203,2021-03-28T00:00:00.000Z,מעל גיל 60,0,33,182,0,0,3,0.0,2.6,69.2,0.0,0.0,1.1
204,2021-03-29T00:00:00.000Z,כלל האוכלוסיה,0,43,325,0,3,7,0.0,0.9,7.4,0.0,0.1,0.2
205,2021-03-29T00:00:00.000Z,מתחת לגיל 60,0,8,150,0,0,2,0.0,0.2,3.6,0.0,0.0,0.0
206,2021-03-29T00:00:00.000Z,מעל גיל 60,0,35,175,0,3,5,0.0,2.7,67.5,0.0,0.2,1.9
207,2021-03-30T00:00:00.000Z,כלל האוכלוסיה,0,42,288,0,0,5,0.0,0.9,6.6,0.0,0.0,0.1
208,2021-03-30T00:00:00.000Z,מעל גיל 60,0,35,146,0,0,1,0.0,2.7,56.8,0.0,0.0,0.4
209,2021-03-30T00:00:00.000Z,מתחת לגיל 60,0,7,142,0,0,4,0.0,0.2,3.4,0.0,0.0,0.1
210,2021-03-31T00:00:00.000Z,מעל גיל 60,0,35,146,0,1,5,0.0,2.7,57.5,0.0,0.1,2.0
211,2021-03-31T00:00:00.000Z,מתחת לגיל 60,0,7,134,0,0,2,0.0,0.2,3.3,0.0,0.0,0.0
212,2021-03-31T00:00:00.000Z,כלל האוכלוסיה,0,42,280,0,1,7,0.0,0.9,6.4,0.0,0.0,0.2
213,2021-04-01T00:00:00.000Z,כלל האוכלוסיה,0,39,274,0,1,4,0.0,0.8,6.3,0.0,0.0,0.1
214,2021-04-01T00:00:00.000Z,מתחת לגיל 60,0,6,130,0,0,1,0.0,0.2,3.2,0.0,0.0,0.0
215,2021-04-01T00:00:00.000Z,מעל גיל 60,0,33,144,0,1,3,0.0,2.5,57.2,0.0,0.1,1.2
216,2021-04-02T00:00:00.000Z,כלל האוכלוסיה,0,36,248,0,0,6,0.0,0.7000000000000001,5.7,0.0,0.0,0.1
217,2021-04-02T00:00:00.000Z,מתחת לגיל 60,0,6,121,0,0,4,0.0,0.2,3.0,0.0,0.0,0.1
218,2021-04-02T00:00:00.000Z,מעל גיל 60,0,30,127,0,0,2,0.0,2.3,50.9,0.0,0.0,0.8
219,2021-04-03T00:00:00.000Z,כלל האוכלוסיה,0,38,250,0,2,3,0.0,0.8,5.8,0.0,0.0,0.1
220,2021-04-03T00:00:00.000Z,מעל גיל 60,0,31,124,0,1,0,0.0,2.4,49.8,0.0,0.1,0.0
221,2021-04-03T00:00:00.000Z,מתחת לגיל 60,0,7,126,0,1,3,0.0,0.2,3.1,0.0,0.0,0.1
222,2021-04-04T00:00:00.000Z,כלל האוכלוסיה,0,33,249,0,0,5,0.0,0.7000000000000001,5.8,0.0,0.0,0.1
223,2021-04-04T00:00:00.000Z,מתחת לגיל 60,0,7,126,0,0,2,0.0,0.2,3.1,0.0,0.0,0.0
224,2021-04-04T00:00:00.000Z,מעל גיל 60,0,26,123,0,0,3,0.0,2.0,49.9,0.0,0.0,1.2
225,2021-04-05T00:00:00.000Z,כלל האוכלוסיה,0,33,229,0,3,3,0.0,0.7000000000000001,5.3,0.0,0.1,0.1
226,2021-04-05T00:00:00.000Z,מעל גיל 60,0,27,114,0,3,3,0.0,2.1,46.7,0.0,0.2,1.2
227,2021-04-05T00:00:00.000Z,מתחת לגיל 60,0,6,115,0,0,0,0.0,0.2,2.8,0.0,0.0,0.0
228,2021-04-06T00:00:00.000Z,מעל גיל 60,0,29,111,0,3,0,0.0,2.2,45.9,0.0,0.2,0.0
229,2021-04-06T00:00:00.000Z,כלל האוכלוסיה,0,35,225,0,3,3,0.0,0.7000000000000001,5.3,0.0,0.1,0.1
230,2021-04-06T00:00:00.000Z,מתחת לגיל 60,0,6,114,0,0,3,0.0,0.2,2.8,0.0,0.0,0.1
231,2021-04-07T00:00:00.000Z,כלל האוכלוסיה,0,33,219,0,1,8,0.0,0.7000000000000001,5.2,0.0,0.0,0.2
232,2021-04-07T00:00:00.000Z,מעל גיל 60,0,27,107,0,1,4,0.0,2.1,44.6,0.0,0.1,1.7000000000000002
233,2021-04-07T00:00:00.000Z,מתחת לגיל 60,0,6,112,0,0,4,0.0,0.2,2.8,0.0,0.0,0.1
234,2021-04-08T00:00:00.000Z,כלל האוכלוסיה,0,31,199,0,0,5,0.0,0.6000000000000001,4.7,0.0,0.0,0.1
235,2021-04-08T00:00:00.000Z,מעל גיל 60,0,26,98,0,0,3,0.0,2.0,41.2,0.0,0.0,1.3
236,2021-04-08T00:00:00.000Z,מתחת לגיל 60,0,5,101,0,0,2,0.0,0.1,2.5,0.0,0.0,0.1
237,2021-04-09T00:00:00.000Z,מתחת לגיל 60,0,5,99,0,0,3,0.0,0.1,2.5,0.0,0.0,0.1
238,2021-04-09T00:00:00.000Z,מעל גיל 60,0,20,96,0,0,6,0.0,1.5,40.4,0.0,0.0,2.5
239,2021-04-09T00:00:00.000Z,כלל האוכלוסיה,0,25,195,0,0,9,0.0,0.5,4.6,0.0,0.0,0.2
240,2021-04-10T00:00:00.000Z,מעל גיל 60,0,20,95,0,0,3,0.0,1.5,40.1,0.0,0.0,1.3
241,2021-04-10T00:00:00.000Z,כלל האוכלוסיה,0,25,189,0,0,5,0.0,0.5,4.5,0.0,0.0,0.1
242,2021-04-10T00:00:00.000Z,מתחת לגיל 60,0,5,94,0,0,2,0.0,0.1,2.4,0.0,0.0,0.1
243,2021-04-11T00:00:00.000Z,מתחת לגיל 60,0,6,95,0,0,1,0.0,0.2,2.4,0.0,0.0,0.0
244,2021-04-11T00:00:00.000Z,מעל גיל 60,0,20,93,0,0,3,0.0,1.5,39.5,0.0,0.0,1.3
245,2021-04-11T00:00:00.000Z,כלל האוכלוסיה,0,26,188,0,0,4,0.0,0.5,4.5,0.0,0.0,0.1
246,2021-04-12T00:00:00.000Z,מתחת לגיל 60,0,5,93,0,0,2,0.0,0.1,2.4,0.0,0.0,0.1
247,2021-04-12T00:00:00.000Z,מעל גיל 60,0,19,92,0,2,3,0.0,1.4,39.4,0.0,0.2,1.3
248,2021-04-12T00:00:00.000Z,כלל האוכלוסיה,0,24,185,0,2,5,0.0,0.5,4.4,0.0,0.0,0.1
249,2021-04-13T00:00:00.000Z,מעל גיל 60,0,19,86,0,0,4,0.0,1.4,37.0,0.0,0.0,1.7000000000000002
250,2021-04-13T00:00:00.000Z,כלל האוכלוסיה,0,24,172,0,0,5,0.0,0.5,4.1,0.0,0.0,0.1
251,2021-04-13T00:00:00.000Z,מתחת לגיל 60,0,5,86,0,0,1,0.0,0.1,2.2,0.0,0.0,0.0
252,2021-04-14T00:00:00.000Z,כלל האוכלוסיה,0,24,155,0,0,2,0.0,0.5,3.7,0.0,0.0,0.0
253,2021-04-14T00:00:00.000Z,מעל גיל 60,0,19,82,0,0,1,0.0,1.4,35.4,0.0,0.0,0.4
254,2021-04-14T00:00:00.000Z,מתחת לגיל 60,0,5,73,0,0,1,0.0,0.1,1.9,0.0,0.0,0.0
255,2021-04-15T00:00:00.000Z,כלל האוכלוסיה,0,22,145,0,0,0,0.0,0.4,3.5,0.0,0.0,0.0
256,2021-04-15T00:00:00.000Z,מתחת לגיל 60,0,5,70,0,0,0,0.0,0.1,1.8,0.0,0.0,0.0
257,2021-04-15T00:00:00.000Z,מעל גיל 60,0,17,75,0,0,0,0.0,1.3,32.4,0.0,0.0,0.0
258,2021-04-16T00:00:00.000Z,מתחת לגיל 60,0,5,70,0,0,2,0.0,0.1,1.8,0.0,0.0,0.1
259,2021-04-16T00:00:00.000Z,מעל גיל 60,0,18,72,0,0,1,0.0,1.4,31.2,0.0,0.0,0.4
260,2021-04-16T00:00:00.000Z,כלל האוכלוסיה,0,23,142,0,0,3,0.0,0.5,3.4,0.0,0.0,0.1
261,2021-04-17T00:00:00.000Z,מתחת לגיל 60,0,5,70,0,0,2,0.0,0.1,1.8,0.0,0.0,0.1
262,2021-04-17T00:00:00.000Z,מעל גיל 60,0,17,69,0,1,0,0.0,1.3,30.0,0.0,0.1,0.0
263,2021-04-17T00:00:00.000Z,כלל האוכלוסיה,0,22,139,0,1,2,0.0,0.4,3.3,0.0,0.0,0.0
264,2021-04-18T00:00:00.000Z,מתחת לגיל 60,0,5,69,0,1,1,0.0,0.1,1.8,0.0,0.0,0.0
265,2021-04-18T00:00:00.000Z,כלל האוכלוסיה,0,22,142,0,1,6,0.0,0.4,3.4,0.0,0.0,0.1
266,2021-04-18T00:00:00.000Z,מעל גיל 60,0,17,73,0,0,5,0.0,1.3,31.9,0.0,0.0,2.2
267,2021-04-19T00:00:00.000Z,כלל האוכלוסיה,0,19,135,0,2,5,0.0,0.4,3.3,0.0,0.0,0.1
268,2021-04-19T00:00:00.000Z,מתחת לגיל 60,0,4,65,0,0,1,0.0,0.1,1.7000000000000002,0.0,0.0,0.0
269,2021-04-19T00:00:00.000Z,מעל גיל 60,0,15,70,0,2,4,0.0,1.1,30.7,0.0,0.2,1.8
270,2021-04-20T00:00:00.000Z,מתחת לגיל 60,0,4,62,0,0,1,0.0,0.1,1.6,0.0,0.0,0.0
271,2021-04-20T00:00:00.000Z,כלל האוכלוסיה,0,20,123,0,0,2,0.0,0.4,3.0,0.0,0.0,0.0
272,2021-04-20T00:00:00.000Z,מעל גיל 60,0,16,61,0,0,1,0.0,1.2,26.9,0.0,0.0,0.4
273,2021-04-21T00:00:00.000Z,כלל האוכלוסיה,0,21,118,0,1,1,0.0,0.4,2.9,0.0,0.0,0.0
274,2021-04-21T00:00:00.000Z,מתחת לגיל 60,0,4,59,0,0,0,0.0,0.1,1.5,0.0,0.0,0.0
275,2021-04-21T00:00:00.000Z,מעל גיל 60,0,17,59,0,1,1,0.0,1.3,26.2,0.0,0.1,0.4
276,2021-04-22T00:00:00.000Z,מעל גיל 60,0,14,55,0,0,1,0.0,1.1,24.5,0.0,0.0,0.4
277,2021-04-22T00:00:00.000Z,מתחת לגיל 60,0,4,57,0,0,1,0.0,0.1,1.5,0.0,0.0,0.0
278,2021-04-22T00:00:00.000Z,כלל האוכלוסיה,0,18,112,0,0,2,0.0,0.4,2.7,0.0,0.0,0.0
279,2021-04-23T00:00:00.000Z,מעל גיל 60,0,16,52,0,1,0,0.0,1.2,23.2,0.0,0.1,0.0
280,2021-04-23T00:00:00.000Z,מתחת לגיל 60,0,4,59,0,0,1,0.0,0.1,1.5,0.0,0.0,0.0
281,2021-04-23T00:00:00.000Z,כלל האוכלוסיה,0,20,111,0,1,1,0.0,0.4,2.7,0.0,0.0,0.0
282,2021-04-24T00:00:00.000Z,כלל האוכלוסיה,0,16,107,0,0,2,0.0,0.30000000000000004,2.6,0.0,0.0,0.0
283,2021-04-24T00:00:00.000Z,מעל גיל 60,0,12,53,0,0,2,0.0,0.9,23.7,0.0,0.0,0.9
284,2021-04-24T00:00:00.000Z,מתחת לגיל 60,0,4,54,0,0,0,0.0,0.1,1.4,0.0,0.0,0.0
285,2021-04-25T00:00:00.000Z,מתחת לגיל 60,0,4,53,0,0,0,0.0,0.1,1.4,0.0,0.0,0.0
286,2021-04-25T00:00:00.000Z,כלל האוכלוסיה,0,18,107,0,0,0,0.0,0.4,2.6,0.0,0.0,0.0
287,2021-04-25T00:00:00.000Z,מעל גיל 60,0,14,54,0,0,0,0.0,1.1,24.3,0.0,0.0,0.0
288,2021-04-26T00:00:00.000Z,כלל האוכלוסיה,0,15,112,0,0,5,0.0,0.30000000000000004,2.7,0.0,0.0,0.1
289,2021-04-26T00:00:00.000Z,מתחת לגיל 60,0,4,57,0,0,2,0.0,0.1,1.5,0.0,0.0,0.1
290,2021-04-26T00:00:00.000Z,מעל גיל 60,0,11,55,0,0,3,0.0,0.8,24.8,0.0,0.0,1.4
291,2021-04-27T00:00:00.000Z,מעל גיל 60,0,12,51,0,0,1,0.0,0.9,23.2,0.0,0.0,0.5
292,2021-04-27T00:00:00.000Z,כלל האוכלוסיה,0,16,107,0,0,2,0.0,0.30000000000000004,2.6,0.0,0.0,0.0
293,2021-04-27T00:00:00.000Z,מתחת לגיל 60,0,4,56,0,0,1,0.0,0.1,1.5,0.0,0.0,0.0
294,2021-04-28T00:00:00.000Z,מעל גיל 60,0,11,42,0,0,0,0.0,0.8,19.2,0.0,0.0,0.0
295,2021-04-28T00:00:00.000Z,כלל האוכלוסיה,0,16,98,0,0,0,0.0,0.30000000000000004,2.4,0.0,0.0,0.0
296,2021-04-28T00:00:00.000Z,מתחת לגיל 60,0,5,56,0,0,0,0.0,0.1,1.5,0.0,0.0,0.0
297,2021-04-29T00:00:00.000Z,מעל גיל 60,0,9,38,0,0,0,0.0,0.7000000000000001,17.4,0.0,0.0,0.0
298,2021-04-29T00:00:00.000Z,כלל האוכלוסיה,0,11,89,0,0,0,0.0,0.2,2.2,0.0,0.0,0.0
299,2021-04-29T00:00:00.000Z,מתחת לגיל 60,0,2,51,0,0,0,0.0,0.1,1.3,0.0,0.0,0.0
300,2021-04-30T00:00:00.000Z,מתחת לגיל 60,0,3,50,0,0,1,0.0,0.1,1.3,0.0,0.0,0.0
301,2021-04-30T00:00:00.000Z,מעל גיל 60,0,9,33,0,0,1,0.0,0.7000000000000001,15.2,0.0,0.0,0.5
302,2021-04-30T00:00:00.000Z,כלל האוכלוסיה,0,12,83,0,0,2,0.0,0.2,2.0,0.0,0.0,0.0
303,2021-05-01T00:00:00.000Z,כלל האוכלוסיה,0,11,85,0,0,1,0.0,0.2,2.1,0.0,0.0,0.0
304,2021-05-01T00:00:00.000Z,מתחת לגיל 60,0,3,51,0,0,0,0.0,0.1,1.3,0.0,0.0,0.0
305,2021-05-01T00:00:00.000Z,מעל גיל 60,0,8,34,0,0,1,0.0,0.6000000000000001,15.7,0.0,0.0,0.5
306,2021-05-02T00:00:00.000Z,כלל האוכלוסיה,0,10,82,0,0,3,0.0,0.2,2.0,0.0,0.0,0.1
307,2021-05-02T00:00:00.000Z,מעל גיל 60,0,7,35,0,0,3,0.0,0.5,16.2,0.0,0.0,1.4
308,2021-05-02T00:00:00.000Z,מתחת לגיל 60,0,3,47,0,0,0,0.0,0.1,1.2,0.0,0.0,0.0
309,2021-05-03T00:00:00.000Z,כלל האוכלוסיה,0,8,78,0,1,1,0.0,0.2,1.9,0.0,0.0,0.0
310,2021-05-03T00:00:00.000Z,מעל גיל 60,0,5,34,0,0,1,0.0,0.4,15.8,0.0,0.0,0.5
311,2021-05-03T00:00:00.000Z,מתחת לגיל 60,0,3,44,0,1,0,0.0,0.1,1.1,0.0,0.0,0.0
312,2021-05-04T00:00:00.000Z,מתחת לגיל 60,0,3,43,0,0,0,0.0,0.1,1.1,0.0,0.0,0.0
313,2021-05-04T00:00:00.000Z,כלל האוכלוסיה,0,6,75,0,0,1,0.0,0.1,1.9,0.0,0.0,0.0
314,2021-05-04T00:00:00.000Z,מעל גיל 60,0,3,32,0,0,1,0.0,0.2,14.9,0.0,0.0,0.5
315,2021-05-05T00:00:00.000Z,מתחת לגיל 60,0,3,42,0,0,1,0.0,0.1,1.1,0.0,0.0,0.0
316,2021-05-05T00:00:00.000Z,כלל האוכלוסיה,0,6,75,0,0,2,0.0,0.1,1.9,0.0,0.0,0.0
317,2021-05-05T00:00:00.000Z,מעל גיל 60,0,3,33,0,0,1,0.0,0.2,15.4,0.0,0.0,0.5
318,2021-05-06T00:00:00.000Z,כלל האוכלוסיה,0,4,70,0,0,0,0.0,0.1,1.7000000000000002,0.0,0.0,0.0
319,2021-05-06T00:00:00.000Z,מתחת לגיל 60,0,2,40,0,0,0,0.0,0.1,1.0,0.0,0.0,0.0
320,2021-05-06T00:00:00.000Z,מעל גיל 60,0,2,30,0,0,0,0.0,0.1,14.1,0.0,0.0,0.0
321,2021-05-07T00:00:00.000Z,מתחת לגיל 60,0,2,40,0,0,0,0.0,0.1,1.0,0.0,0.0,0.0
322,2021-05-07T00:00:00.000Z,מעל גיל 60,0,2,28,0,0,0,0.0,0.1,13.2,0.0,0.0,0.0
323,2021-05-07T00:00:00.000Z,כלל האוכלוסיה,0,4,68,0,0,0,0.0,0.1,1.7000000000000002,0.0,0.0,0.0
324,2021-05-08T00:00:00.000Z,כלל האוכלוסיה,0,5,66,0,0,0,0.0,0.1,1.6,0.0,0.0,0.0
325,2021-05-08T00:00:00.000Z,מתחת לגיל 60,0,2,38,0,0,0,0.0,0.1,1.0,0.0,0.0,0.0
326,2021-05-08T00:00:00.000Z,מעל גיל 60,0,3,28,0,0,0,0.0,0.2,13.2,0.0,0.0,0.0
327,2021-05-09T00:00:00.000Z,מתחת לגיל 60,0,3,37,0,0,0,0.0,0.1,1.0,0.0,0.0,0.0
328,2021-05-09T00:00:00.000Z,מעל גיל 60,0,3,25,0,0,0,0.0,0.2,11.8,0.0,0.0,0.0
329,2021-05-09T00:00:00.000Z,כלל האוכלוסיה,0,6,62,0,0,0,0.0,0.1,1.5,0.0,0.0,0.0
330,2021-05-10T00:00:00.000Z,מתחת לגיל 60,0,2,34,0,0,0,0.0,0.1,0.9,0.0,0.0,0.0
331,2021-05-10T00:00:00.000Z,מעל גיל 60,0,3,25,0,0,0,0.0,0.2,11.9,0.0,0.0,0.0
332,2021-05-10T00:00:00.000Z,כלל האוכלוסיה,0,5,59,0,0,0,0.0,0.1,1.5,0.0,0.0,0.0
333,2021-05-11T00:00:00.000Z,מתחת לגיל 60,0,2,34,0,0,0,0.0,0.1,0.9,0.0,0.0,0.0
334,2021-05-11T00:00:00.000Z,כלל האוכלוסיה,0,4,59,0,0,0,0.0,0.1,1.5,0.0,0.0,0.0
335,2021-05-11T00:00:00.000Z,מעל גיל 60,0,2,25,0,0,0,0.0,0.1,11.9,0.0,0.0,0.0
336,2021-05-12T00:00:00.000Z,כלל האוכלוסיה,0,4,55,0,0,0,0.0,0.1,1.4,0.0,0.0,0.0
337,2021-05-12T00:00:00.000Z,מתחת לגיל 60,0,2,31,0,0,0,0.0,0.1,0.8,0.0,0.0,0.0
338,2021-05-12T00:00:00.000Z,מעל גיל 60,0,2,24,0,0,0,0.0,0.1,11.5,0.0,0.0,0.0
339,2021-05-13T00:00:00.000Z,כלל האוכלוסיה,0,1,52,0,0,1,0.0,0.0,1.3,0.0,0.0,0.0
340,2021-05-13T00:00:00.000Z,מתחת לגיל 60,0,1,28,0,0,0,0.0,0.0,0.7000000000000001,0.0,0.0,0.0
341,2021-05-13T00:00:00.000Z,מעל גיל 60,0,0,24,0,0,1,0.0,0.0,11.5,0.0,0.0,0.5
342,2021-05-14T00:00:00.000Z,כלל האוכלוסיה,0,1,53,0,0,0,0.0,0.0,1.3,0.0,0.0,0.0
343,2021-05-14T00:00:00.000Z,מתחת לגיל 60,0,1,27,0,0,0,0.0,0.0,0.7000000000000001,0.0,0.0,0.0
344,2021-05-14T00:00:00.000Z,מעל גיל 60,0,0,26,0,0,0,0.0,0.0,12.5,0.0,0.0,0.0
345,2021-05-15T00:00:00.000Z,מתחת לגיל 60,0,1,27,0,0,0,0.0,0.0,0.7000000000000001,0.0,0.0,0.0
346,2021-05-15T00:00:00.000Z,כלל האוכלוסיה,0,1,50,0,0,0,0.0,0.0,1.3,0.0,0.0,0.0
347,2021-05-15T00:00:00.000Z,מעל גיל 60,0,0,23,0,0,0,0.0,0.0,11.0,0.0,0.0,0.0
348,2021-05-16T00:00:00.000Z,כלל האוכלוסיה,0,2,53,0,0,1,0.0,0.0,1.3,0.0,0.0,0.0
349,2021-05-16T00:00:00.000Z,מעל גיל 60,0,1,25,0,0,0,0.0,0.1,12.0,0.0,0.0,0.0
350,2021-05-16T00:00:00.000Z,מתחת לגיל 60,0,1,28,0,0,1,0.0,0.0,0.7000000000000001,0.0,0.0,0.0
351,2021-05-17T00:00:00.000Z,כלל האוכלוסיה,0,1,49,0,0,0,0.0,0.0,1.2,0.0,0.0,0.0
352,2021-05-17T00:00:00.000Z,מתחת לגיל 60,0,1,27,0,0,0,0.0,0.0,0.7000000000000001,0.0,0.0,0.0
353,2021-05-17T00:00:00.000Z,מעל גיל 60,0,0,22,0,0,0,0.0,0.0,10.6,0.0,0.0,0.0
354,2021-05-18T00:00:00.000Z,מעל גיל 60,0,1,21,0,0,0,0.0,0.1,10.1,0.0,0.0,0.0
355,2021-05-18T00:00:00.000Z,כלל האוכלוסיה,0,2,46,0,0,0,0.0,0.0,1.2,0.0,0.0,0.0
356,2021-05-18T00:00:00.000Z,מתחת לגיל 60,0,1,25,0,0,0,0.0,0.0,0.7000000000000001,0.0,0.0,0.0
357,2021-05-19T00:00:00.000Z,מעל גיל 60,0,1,21,0,0,1,0.0,0.1,10.2,0.0,0.0,0.5
358,2021-05-19T00:00:00.000Z,כלל האוכלוסיה,0,2,45,0,0,1,0.0,0.0,1.1,0.0,0.0,0.0
359,2021-05-19T00:00:00.000Z,מתחת לגיל 60,0,1,24,0,0,0,0.0,0.0,0.6000000000000001,0.0,0.0,0.0
360,2021-05-20T00:00:00.000Z,מעל גיל 60,0,3,22,0,0,0,0.0,0.2,10.7,0.0,0.0,0.0
361,2021-05-20T00:00:00.000Z,מתחת לגיל 60,0,1,25,0,0,0,0.0,0.0,0.7000000000000001,0.0,0.0,0.0
362,2021-05-20T00:00:00.000Z,כלל האוכלוסיה,0,4,47,0,0,0,0.0,0.1,1.2,0.0,0.0,0.0
363,2021-05-21T00:00:00.000Z,כלל האוכלוסיה,0,3,43,0,0,0,0.0,0.1,1.1,0.0,0.0,0.0
364,2021-05-21T00:00:00.000Z,מעל גיל 60,0,2,22,0,0,0,0.0,0.1,10.7,0.0,0.0,0.0
365,2021-05-21T00:00:00.000Z,מתחת לגיל 60,0,1,21,0,0,0,0.0,0.0,0.6000000000000001,0.0,0.0,0.0
366,2021-05-22T00:00:00.000Z,מעל גיל 60,0,2,22,0,0,0,0.0,0.1,10.7,0.0,0.0,0.0
367,2021-05-22T00:00:00.000Z,כלל האוכלוסיה,0,3,43,0,0,0,0.0,0.1,1.1,0.0,0.0,0.0
368,2021-05-22T00:00:00.000Z,מתחת לגיל 60,0,1,21,0,0,0,0.0,0.0,0.6000000000000001,0.0,0.0,0.0
369,2021-05-23T00:00:00.000Z,כלל האוכלוסיה,0,4,43,0,1,0,0.0,0.1,1.1,0.0,0.0,0.0
370,2021-05-23T00:00:00.000Z,מעל גיל 60,0,3,22,0,1,0,0.0,0.2,10.8,0.0,0.1,0.0
371,2021-05-23T00:00:00.000Z,מתחת לגיל 60,0,1,21,0,0,0,0.0,0.0,0.6000000000000001,0.0,0.0,0.0
372,2021-05-24T00:00:00.000Z,מתחת לגיל 60,0,1,20,0,0,0,0.0,0.0,0.5,0.0,0.0,0.0
373,2021-05-24T00:00:00.000Z,כלל האוכלוסיה,0,4,42,0,0,0,0.0,0.1,1.1,0.0,0.0,0.0
374,2021-05-24T00:00:00.000Z,מעל גיל 60,0,3,22,0,0,0,0.0,0.2,10.8,0.0,0.0,0.0
375,2021-05-25T00:00:00.000Z,כלל האוכלוסיה,0,3,41,0,0,0,0.0,0.1,1.0,0.0,0.0,0.0
376,2021-05-25T00:00:00.000Z,מתחת לגיל 60,0,1,19,0,0,0,0.0,0.0,0.5,0.0,0.0,0.0
377,2021-05-25T00:00:00.000Z,מעל גיל 60,0,2,22,0,0,0,0.0,0.1,10.8,0.0,0.0,0.0
378,2021-05-26T00:00:00.000Z,מתחת לגיל 60,0,1,16,0,0,0,0.0,0.0,0.4,0.0,0.0,0.0
379,2021-05-26T00:00:00.000Z,מעל גיל 60,0,2,22,0,0,0,0.0,0.1,10.9,0.0,0.0,0.0
380,2021-05-26T00:00:00.000Z,כלל האוכלוסיה,0,3,38,0,0,0,0.0,0.1,1.0,0.0,0.0,0.0
381,2021-05-27T00:00:00.000Z,מעל גיל 60,0,2,22,0,0,1,0.0,0.1,10.9,0.0,0.0,0.5
382,2021-05-27T00:00:00.000Z,כלל האוכלוסיה,0,3,36,0,0,1,0.0,0.1,0.9,0.0,0.0,0.0
383,2021-05-27T00:00:00.000Z,מתחת לגיל 60,0,1,14,0,0,0,0.0,0.0,0.4,0.0,0.0,0.0
384,2021-05-28T00:00:00.000Z,כלל האוכלוסיה,0,2,35,0,0,1,0.0,0.0,0.9,0.0,0.0,0.0
385,2021-05-28T00:00:00.000Z,מעל גיל 60,0,1,20,0,0,0,0.0,0.1,9.9,0.0,0.0,0.0
386,2021-05-28T00:00:00.000Z,מתחת לגיל 60,0,1,15,0,0,1,0.0,0.0,0.4,0.0,0.0,0.0
387,2021-05-29T00:00:00.000Z,מעל גיל 60,0,1,20,0,0,0,0.0,0.1,9.9,0.0,0.0,0.0
388,2021-05-29T00:00:00.000Z,כלל האוכלוסיה,0,2,35,0,0,0,0.0,0.0,0.9,0.0,0.0,0.0
389,2021-05-29T00:00:00.000Z,מתחת לגיל 60,0,1,15,0,0,0,0.0,0.0,0.4,0.0,0.0,0.0
390,2021-05-30T00:00:00.000Z,מתחת לגיל 60,0,1,16,0,0,0,0.0,0.0,0.4,0.0,0.0,0.0
391,2021-05-30T00:00:00.000Z,כלל האוכלוסיה,0,2,35,0,0,0,0.0,0.0,0.9,0.0,0.0,0.0
392,2021-05-30T00:00:00.000Z,מעל גיל 60,0,1,19,0,0,0,0.0,0.1,9.4,0.0,0.0,0.0
393,2021-05-31T00:00:00.000Z,כלל האוכלוסיה,0,3,34,0,1,0,0.0,0.1,0.9,0.0,0.0,0.0
394,2021-05-31T00:00:00.000Z,מתחת לגיל 60,0,1,15,0,0,0,0.0,0.0,0.4,0.0,0.0,0.0
395,2021-05-31T00:00:00.000Z,מעל גיל 60,0,2,19,0,1,0,0.0,0.1,9.5,0.0,0.1,0.0
396,2021-06-01T00:00:00.000Z,כלל האוכלוסיה,0,3,34,0,0,1,0.0,0.1,0.9,0.0,0.0,0.0
397,2021-06-01T00:00:00.000Z,מעל גיל 60,0,2,19,0,0,0,0.0,0.1,9.5,0.0,0.0,0.0
398,2021-06-01T00:00:00.000Z,מתחת לגיל 60,0,1,15,0,0,1,0.0,0.0,0.4,0.0,0.0,0.0
399,2021-06-02T00:00:00.000Z,מעל גיל 60,0,3,18,0,0,0,0.0,0.2,9.0,0.0,0.0,0.0
400,2021-06-02T00:00:00.000Z,כלל האוכלוסיה,0,4,29,0,0,0,0.0,0.1,0.7000000000000001,0.0,0.0,0.0
401,2021-06-02T00:00:00.000Z,מתחת לגיל 60,0,1,11,0,0,0,0.0,0.0,0.30000000000000004,0.0,0.0,0.0
402,2021-06-03T00:00:00.000Z,מתחת לגיל 60,0,1,12,0,0,0,0.0,0.0,0.30000000000000004,0.0,0.0,0.0
403,2021-06-03T00:00:00.000Z,כלל האוכלוסיה,0,4,29,0,0,0,0.0,0.1,0.7000000000000001,0.0,0.0,0.0
404,2021-06-03T00:00:00.000Z,מעל גיל 60,0,3,17,0,0,0,0.0,0.2,8.5,0.0,0.0,0.0
405,2021-06-04T00:00:00.000Z,מתחת לגיל 60,0,1,11,0,0,0,0.0,0.0,0.30000000000000004,0.0,0.0,0.0
406,2021-06-04T00:00:00.000Z,כלל האוכלוסיה,0,4,28,0,0,0,0.0,0.1,0.7000000000000001,0.0,0.0,0.0
407,2021-06-04T00:00:00.000Z,מעל גיל 60,0,3,17,0,0,0,0.0,0.2,8.5,0.0,0.0,0.0
408,2021-06-05T00:00:00.000Z,כלל האוכלוסיה,0,3,28,0,0,0,0.0,0.1,0.7000000000000001,0.0,0.0,0.0
409,2021-06-05T00:00:00.000Z,מעל גיל 60,0,2,17,0,0,0,0.0,0.1,8.5,0.0,0.0,0.0
410,2021-06-05T00:00:00.000Z,מתחת לגיל 60,0,1,11,0,0,0,0.0,0.0,0.30000000000000004,0.0,0.0,0.0
411,2021-06-06T00:00:00.000Z,מתחת לגיל 60,0,1,11,0,0,0,0.0,0.0,0.30000000000000004,0.0,0.0,0.0
412,2021-06-06T00:00:00.000Z,מעל גיל 60,0,2,19,0,0,0,0.0,0.1,9.6,0.0,0.0,0.0
413,2021-06-06T00:00:00.000Z,כלל האוכלוסיה,0,3,30,0,0,0,0.0,0.1,0.8,0.0,0.0,0.0
414,2021-06-07T00:00:00.000Z,כלל האוכלוסיה,0,2,27,0,0,0,0.0,0.0,0.7000000000000001,0.0,0.0,0.0
415,2021-06-07T00:00:00.000Z,מתחת לגיל 60,0,1,9,0,0,0,0.0,0.0,0.2,0.0,0.0,0.0
416,2021-06-07T00:00:00.000Z,מעל גיל 60,0,1,18,0,0,0,0.0,0.1,9.1,0.0,0.0,0.0
417,2021-06-08T00:00:00.000Z,כלל האוכלוסיה,0,2,26,0,0,0,0.0,0.0,0.7000000000000001,0.0,0.0,0.0
418,2021-06-08T00:00:00.000Z,מתחת לגיל 60,0,0,9,0,0,0,0.0,0.0,0.2,0.0,0.0,0.0
419,2021-06-08T00:00:00.000Z,מעל גיל 60,0,2,17,0,0,0,0.0,0.1,8.6,0.0,0.0,0.0
420,2021-06-09T00:00:00.000Z,כלל האוכלוסיה,0,2,26,0,0,0,0.0,0.0,0.7000000000000001,0.0,0.0,0.0
421,2021-06-09T00:00:00.000Z,מעל גיל 60,0,2,17,0,0,0,0.0,0.1,8.6,0.0,0.0,0.0
422,2021-06-09T00:00:00.000Z,מתחת לגיל 60,0,0,9,0,0,0,0.0,0.0,0.2,0.0,0.0,0.0
423,2021-06-10T00:00:00.000Z,מעל גיל 60,0,2,16,0,0,0,0.0,0.1,8.1,0.0,0.0,0.0
424,2021-06-10T00:00:00.000Z,מתחת לגיל 60,0,0,10,0,0,0,0.0,0.0,0.30000000000000004,0.0,0.0,0.0
425,2021-06-10T00:00:00.000Z,כלל האוכלוסיה,0,2,26,0,0,0,0.0,0.0,0.7000000000000001,0.0,0.0,0.0
426,2021-06-11T00:00:00.000Z,כלל האוכלוסיה,0,2,26,0,0,0,0.0,0.0,0.7000000000000001,0.0,0.0,0.0
427,2021-06-11T00:00:00.000Z,מעל גיל 60,0,2,16,0,0,0,0.0,0.1,8.1,0.0,0.0,0.0
428,2021-06-11T00:00:00.000Z,מתחת לגיל 60,0,0,10,0,0,0,0.0,0.0,0.30000000000000004,0.0,0.0,0.0
429,2021-06-12T00:00:00.000Z,כלל האוכלוסיה,0,2,24,0,0,0,0.0,0.0,0.6000000000000001,0.0,0.0,0.0
430,2021-06-12T00:00:00.000Z,מעל גיל 60,0,2,16,0,0,0,0.0,0.1,8.1,0.0,0.0,0.0
431,2021-06-12T00:00:00.000Z,מתחת לגיל 60,0,0,8,0,0,0,0.0,0.0,0.2,0.0,0.0,0.0
432,2021-06-13T00:00:00.000Z,כלל האוכלוסיה,0,2,23,0,0,0,0.0,0.0,0.6000000000000001,0.0,0.0,0.0
433,2021-06-13T00:00:00.000Z,מעל גיל 60,0,2,15,0,0,0,0.0,0.1,7.6,0.0,0.0,0.0
434,2021-06-13T00:00:00.000Z,מתחת לגיל 60,0,0,8,0,0,0,0.0,0.0,0.2,0.0,0.0,0.0
435,2021-06-14T00:00:00.000Z,מתחת לגיל 60,0,0,8,0,0,0,0.0,0.0,0.2,0.0,0.0,0.0
436,2021-06-14T00:00:00.000Z,כלל האוכלוסיה,0,3,23,0,1,0,0.0,0.1,0.6000000000000001,0.0,0.0,0.0
437,2021-06-14T00:00:00.000Z,מעל גיל 60,0,3,15,0,1,0,0.0,0.2,7.6,0.0,0.1,0.0
438,2021-06-15T00:00:00.000Z,מעל גיל 60,0,3,12,0,0,0,0.0,0.2,6.1,0.0,0.0,0.0
439,2021-06-15T00:00:00.000Z,כלל האוכלוסיה,0,3,20,0,0,0,0.0,0.1,0.5,0.0,0.0,0.0
440,2021-06-15T00:00:00.000Z,מתחת לגיל 60,0,0,8,0,0,0,0.0,0.0,0.2,0.0,0.0,0.0
441,2021-06-16T00:00:00.000Z,כלל האוכלוסיה,0,3,17,0,0,0,0.0,0.1,0.4,0.0,0.0,0.0
442,2021-06-16T00:00:00.000Z,מתחת לגיל 60,0,0,6,0,0,0,0.0,0.0,0.2,0.0,0.0,0.0
443,2021-06-16T00:00:00.000Z,מעל גיל 60,0,3,11,0,0,0,0.0,0.2,5.6,0.0,0.0,0.0
444,2021-06-17T00:00:00.000Z,מתחת לגיל 60,0,0,6,0,0,0,0.0,0.0,0.2,0.0,0.0,0.0
445,2021-06-17T00:00:00.000Z,כלל האוכלוסיה,0,2,17,0,0,0,0.0,0.0,0.4,0.0,0.0,0.0
446,2021-06-17T00:00:00.000Z,מעל גיל 60,0,2,11,0,0,0,0.0,0.1,5.6,0.0,0.0,0.0
447,2021-06-18T00:00:00.000Z,מעל גיל 60,0,2,10,0,0,0,0.0,0.1,5.1,0.0,0.0,0.0
448,2021-06-18T00:00:00.000Z,מתחת לגיל 60,0,0,6,0,0,0,0.0,0.0,0.2,0.0,0.0,0.0
449,2021-06-18T00:00:00.000Z,כלל האוכלוסיה,0,2,16,0,0,0,0.0,0.0,0.4,0.0,0.0,0.0
450,2021-06-19T00:00:00.000Z,מעל גיל 60,0,2,10,0,0,0,0.0,0.1,5.1,0.0,0.0,0.0
451,2021-06-19T00:00:00.000Z,כלל האוכלוסיה,0,2,16,0,0,0,0.0,0.0,0.4,0.0,0.0,0.0
452,2021-06-19T00:00:00.000Z,מתחת לגיל 60,0,0,6,0,0,0,0.0,0.0,0.2,0.0,0.0,0.0
453,2021-06-20T00:00:00.000Z,כלל האוכלוסיה,0,3,17,0,0,1,0.0,0.1,0.4,0.0,0.0,0.0
454,2021-06-20T00:00:00.000Z,מעל גיל 60,0,3,10,0,0,0,0.0,0.2,5.1,0.0,0.0,0.0
455,2021-06-20T00:00:00.000Z,מתחת לגיל 60,0,0,7,0,0,1,0.0,0.0,0.2,0.0,0.0,0.0
456,2021-06-21T00:00:00.000Z,מעל גיל 60,0,3,10,0,0,0,0.0,0.2,5.2,0.0,0.0,0.0
457,2021-06-21T00:00:00.000Z,כלל האוכלוסיה,0,3,17,0,0,0,0.0,0.1,0.4,0.0,0.0,0.0
458,2021-06-21T00:00:00.000Z,מתחת לגיל 60,0,0,7,0,0,0,0.0,0.0,0.2,0.0,0.0,0.0
459,2021-06-22T00:00:00.000Z,כלל האוכלוסיה,0,3,20,0,0,2,0.0,0.1,0.5,0.0,0.0,0.1
460,2021-06-22T00:00:00.000Z,מתחת לגיל 60,0,0,8,0,0,1,0.0,0.0,0.2,0.0,0.0,0.0
461,2021-06-22T00:00:00.000Z,מעל גיל 60,0,3,12,0,0,1,0.0,0.2,6.2,0.0,0.0,0.5
462,2021-06-23T00:00:00.000Z,מעל גיל 60,0,3,12,0,0,0,0.0,0.2,6.2,0.0,0.0,0.0
463,2021-06-23T00:00:00.000Z,כלל האוכלוסיה,0,3,19,0,0,0,0.0,0.1,0.5,0.0,0.0,0.0
464,2021-06-23T00:00:00.000Z,מתחת לגיל 60,0,0,7,0,0,0,0.0,0.0,0.2,0.0,0.0,0.0
465,2021-06-24T00:00:00.000Z,מעל גיל 60,0,3,11,0,0,0,0.0,0.2,5.7,0.0,0.0,0.0
466,2021-06-24T00:00:00.000Z,כלל האוכלוסיה,0,3,18,0,0,0,0.0,0.1,0.5,0.0,0.0,0.0
467,2021-06-24T00:00:00.000Z,מתחת לגיל 60,0,0,7,0,0,0,0.0,0.0,0.2,0.0,0.0,0.0
468,2021-06-25T00:00:00.000Z,מעל גיל 60,0,4,10,0,0,0,0.0,0.30000000000000004,5.2,0.0,0.0,0.0
469,2021-06-25T00:00:00.000Z,כלל האוכלוסיה,0,4,17,0,0,0,0.0,0.1,0.4,0.0,0.0,0.0
470,2021-06-25T00:00:00.000Z,מתחת לגיל 60,0,0,7,0,0,0,0.0,0.0,0.2,0.0,0.0,0.0
471,2021-06-26T00:00:00.000Z,כלל האוכלוסיה,0,5,17,0,1,0,0.0,0.1,0.4,0.0,0.0,0.0
472,2021-06-26T00:00:00.000Z,מעל גיל 60,0,5,10,0,1,0,0.0,0.4,5.2,0.0,0.1,0.0
473,2021-06-26T00:00:00.000Z,מתחת לגיל 60,0,0,7,0,0,0,0.0,0.0,0.2,0.0,0.0,0.0
474,2021-06-27T00:00:00.000Z,כלל האוכלוסיה,0,5,15,0,0,0,0.0,0.1,0.4,0.0,0.0,0.0
475,2021-06-27T00:00:00.000Z,מעל גיל 60,0,5,9,0,0,0,0.0,0.4,4.7,0.0,0.0,0.0
476,2021-06-27T00:00:00.000Z,מתחת לגיל 60,0,0,6,0,0,0,0.0,0.0,0.2,0.0,0.0,0.0
477,2021-06-28T00:00:00.000Z,מעל גיל 60,0,4,9,0,0,0,0.0,0.30000000000000004,4.7,0.0,0.0,0.0
478,2021-06-28T00:00:00.000Z,כלל האוכלוסיה,0,4,15,0,0,0,0.0,0.1,0.4,0.0,0.0,0.0
479,2021-06-28T00:00:00.000Z,מתחת לגיל 60,0,0,6,0,0,0,0.0,0.0,0.2,0.0,0.0,0.0
480,2021-06-29T00:00:00.000Z,כלל האוכלוסיה,0,4,15,0,0,0,0.0,0.1,0.4,0.0,0.0,0.0
481,2021-06-29T00:00:00.000Z,מתחת לגיל 60,0,0,6,0,0,0,0.0,0.0,0.2,0.0,0.0,0.0
482,2021-06-29T00:00:00.000Z,מעל גיל 60,0,4,9,0,0,0,0.0,0.30000000000000004,4.7,0.0,0.0,0.0
483,2021-06-30T00:00:00.000Z,מתחת לגיל 60,0,0,5,0,0,0,0.0,0.0,0.1,0.0,0.0,0.0
484,2021-06-30T00:00:00.000Z,כלל האוכלוסיה,0,7,15,0,2,0,0.0,0.1,0.4,0.0,0.0,0.0
485,2021-06-30T00:00:00.000Z,מעל גיל 60,0,7,10,0,2,0,0.0,0.5,5.3,0.0,0.1,0.0
486,2021-07-01T00:00:00.000Z,מעל גיל 60,0,7,10,0,0,0,0.0,0.5,5.3,0.0,0.0,0.0
487,2021-07-01T00:00:00.000Z,מתחת לגיל 60,0,0,5,0,0,0,0.0,0.0,0.1,0.0,0.0,0.0
488,2021-07-01T00:00:00.000Z,כלל האוכלוסיה,0,7,15,0,0,0,0.0,0.1,0.4,0.0,0.0,0.0
489,2021-07-02T00:00:00.000Z,מתחת לגיל 60,0,0,6,0,0,1,0.0,0.0,0.2,0.0,0.0,0.0
490,2021-07-02T00:00:00.000Z,מעל גיל 60,0,8,11,0,0,1,0.0,0.6000000000000001,5.8,0.0,0.0,0.5
491,2021-07-02T00:00:00.000Z,כלל האוכלוסיה,0,8,17,0,0,2,0.0,0.2,0.4,0.0,0.0,0.1
492,2021-07-03T00:00:00.000Z,מעל גיל 60,0,9,11,0,1,1,0.0,0.7000000000000001,5.8,0.0,0.1,0.5
493,2021-07-03T00:00:00.000Z,מתחת לגיל 60,0,0,7,0,0,1,0.0,0.0,0.2,0.0,0.0,0.0
494,2021-07-03T00:00:00.000Z,כלל האוכלוסיה,0,9,18,0,1,2,0.0,0.2,0.5,0.0,0.0,0.1
495,2021-07-04T00:00:00.000Z,מתחת לגיל 60,0,0,8,0,0,2,0.0,0.0,0.2,0.0,0.0,0.1
496,2021-07-04T00:00:00.000Z,מעל גיל 60,0,11,9,0,0,0,0.0,0.8,4.8,0.0,0.0,0.0
497,2021-07-04T00:00:00.000Z,כלל האוכלוסיה,0,11,17,0,0,2,0.0,0.2,0.4,0.0,0.0,0.1
498,2021-07-05T00:00:00.000Z,כלל האוכלוסיה,0,11,20,0,2,3,0.0,0.2,0.5,0.0,0.0,0.1
499,2021-07-05T00:00:00.000Z,מתחת לגיל 60,0,0,10,0,0,2,0.0,0.0,0.30000000000000004,0.0,0.0,0.1
500,2021-07-05T00:00:00.000Z,מעל גיל 60,0,11,10,0,2,1,0.0,0.8,5.3,0.0,0.1,0.5
501,2021-07-06T00:00:00.000Z,כלל האוכלוסיה,0,13,22,0,2,2,0.0,0.2,0.6000000000000001,0.0,0.0,0.1
502,2021-07-06T00:00:00.000Z,מתחת לגיל 60,0,1,12,0,1,2,0.0,0.0,0.30000000000000004,0.0,0.0,0.1
503,2021-07-06T00:00:00.000Z,מעל גיל 60,0,12,10,0,1,0,0.0,0.9,5.3,0.0,0.1,0.0
504,2021-07-07T00:00:00.000Z,מתחת לגיל 60,0,1,13,0,0,2,0.0,0.0,0.4,0.0,0.0,0.1
505,2021-07-07T00:00:00.000Z,כלל האוכלוסיה,0,17,23,0,2,3,0.0,0.30000000000000004,0.6000000000000001,0.0,0.0,0.1
506,2021-07-07T00:00:00.000Z,מעל גיל 60,0,16,10,0,2,1,0.0,1.2,5.3,0.0,0.1,0.5
507,2021-07-08T00:00:00.000Z,כלל האוכלוסיה,0,18,23,0,5,1,0.0,0.30000000000000004,0.6000000000000001,0.0,0.1,0.0
508,2021-07-08T00:00:00.000Z,מעל גיל 60,0,18,11,0,5,1,0.0,1.3,5.9,0.0,0.4,0.5
509,2021-07-08T00:00:00.000Z,מתחת לגיל 60,0,0,12,0,0,0,0.0,0.0,0.30000000000000004,0.0,0.0,0.0
510,2021-07-09T00:00:00.000Z,כלל האוכלוסיה,0,19,20,0,2,0,0.0,0.4,0.5,0.0,0.0,0.0
511,2021-07-09T00:00:00.000Z,מעל גיל 60,0,17,9,0,1,0,0.0,1.2,4.8,0.0,0.1,0.0
512,2021-07-09T00:00:00.000Z,מתחת לגיל 60,0,2,11,0,1,0,0.0,0.1,0.30000000000000004,0.0,0.0,0.0
513,2021-07-10T00:00:00.000Z,מעל גיל 60,0,17,11,0,1,1,0.0,1.2,5.9,0.0,0.1,0.5
514,2021-07-10T00:00:00.000Z,כלל האוכלוסיה,0,19,20,0,1,1,0.0,0.4,0.5,0.0,0.0,0.0
515,2021-07-10T00:00:00.000Z,מתחת לגיל 60,0,2,9,0,0,0,0.0,0.1,0.2,0.0,0.0,0.0
516,2021-07-11T00:00:00.000Z,מעל גיל 60,0,25,13,0,6,1,0.0,1.8,7.0,0.0,0.4,0.5
517,2021-07-11T00:00:00.000Z,כלל האוכלוסיה,0,27,20,0,6,1,0.0,0.5,0.5,0.0,0.1,0.0
518,2021-07-11T00:00:00.000Z,מתחת לגיל 60,0,2,7,0,0,0,0.0,0.1,0.2,0.0,0.0,0.0
519,2021-07-12T00:00:00.000Z,מעל גיל 60,0,25,11,0,4,0,0.0,1.8,5.9,0.0,0.30000000000000004,0.0
520,2021-07-12T00:00:00.000Z,כלל האוכלוסיה,0,26,19,0,4,0,0.0,0.5,0.5,0.0,0.1,0.0
521,2021-07-12T00:00:00.000Z,מתחת לגיל 60,0,1,8,0,0,0,0.0,0.0,0.2,0.0,0.0,0.0
522,2021-07-13T00:00:00.000Z,מעל גיל 60,0,24,11,0,1,0,0.0,1.8,6.0,0.0,0.1,0.0
523,2021-07-13T00:00:00.000Z,כלל האוכלוסיה,0,25,20,0,1,0,0.0,0.5,0.5,0.0,0.0,0.0
524,2021-07-13T00:00:00.000Z,מתחת לגיל 60,0,1,9,0,0,0,0.0,0.0,0.2,0.0,0.0,0.0
525,2021-07-14T00:00:00.000Z,כלל האוכלוסיה,0,32,19,0,3,0,0.0,0.6000000000000001,0.5,0.0,0.1,0.0
526,2021-07-14T00:00:00.000Z,מעל גיל 60,0,31,11,0,3,0,0.0,2.3,6.0,0.0,0.2,0.0
527,2021-07-14T00:00:00.000Z,מתחת לגיל 60,0,1,8,0,0,0,0.0,0.0,0.2,0.0,0.0,0.0
528,2021-07-15T00:00:00.000Z,כלל האוכלוסיה,0,31,22,0,2,3,0.0,0.6000000000000001,0.6000000000000001,0.0,0.0,0.1
529,2021-07-15T00:00:00.000Z,מתחת לגיל 60,0,1,12,0,0,3,0.0,0.0,0.30000000000000004,0.0,0.0,0.1
530,2021-07-15T00:00:00.000Z,מעל גיל 60,0,30,10,0,2,0,0.0,2.2,5.4,0.0,0.1,0.0
531,2021-07-16T00:00:00.000Z,כלל האוכלוסיה,0,29,19,0,2,0,0.0,0.5,0.5,0.0,0.0,0.0
532,2021-07-16T00:00:00.000Z,מתחת לגיל 60,0,0,9,0,0,0,0.0,0.0,0.2,0.0,0.0,0.0
533,2021-07-16T00:00:00.000Z,מעל גיל 60,0,29,10,0,2,0,0.0,2.1,5.4,0.0,0.1,0.0
534,2021-07-17T00:00:00.000Z,מעל גיל 60,0,35,11,0,3,1,0.0,2.6,6.0,0.0,0.2,0.5
535,2021-07-17T00:00:00.000Z,מתחת לגיל 60,0,0,11,0,0,1,0.0,0.0,0.30000000000000004,0.0,0.0,0.0
536,2021-07-17T00:00:00.000Z,כלל האוכלוסיה,0,35,22,0,3,2,0.0,0.7000000000000001,0.6000000000000001,0.0,0.1,0.1
537,2021-07-18T00:00:00.000Z,כלל האוכלוסיה,0,41,24,0,11,2,0.0,0.8,0.6000000000000001,0.0,0.2,0.1
538,2021-07-18T00:00:00.000Z,מעל גיל 60,0,40,11,0,10,1,0.0,2.9,6.0,0.0,0.7000000000000001,0.5
539,2021-07-18T00:00:00.000Z,מתחת לגיל 60,0,1,13,0,1,1,0.0,0.0,0.4,0.0,0.0,0.0
540,2021-07-19T00:00:00.000Z,מתחת לגיל 60,0,2,6,0,0,0,0.0,0.0,0.2,0.0,0.0,0.0
541,2021-07-19T00:00:00.000Z,כלל האוכלוסיה,0,43,17,0,1,1,0.0,0.8,0.4,0.0,0.0,0.0
542,2021-07-19T00:00:00.000Z,מעל גיל 60,0,41,11,0,1,1,0.0,3.0,6.0,0.0,0.1,0.5
543,2021-07-20T00:00:00.000Z,כלל האוכלוסיה,0,38,22,0,1,4,0.0,0.7000000000000001,0.6000000000000001,0.0,0.0,0.1
544,2021-07-20T00:00:00.000Z,מעל גיל 60,0,36,12,0,1,1,0.0,2.6,6.6,0.0,0.1,0.5
545,2021-07-20T00:00:00.000Z,מתחת לגיל 60,0,2,10,0,0,3,0.0,0.0,0.30000000000000004,0.0,0.0,0.1
546,2021-07-21T00:00:00.000Z,מתחת לגיל 60,0,3,14,0,1,3,0.0,0.1,0.4,0.0,0.0,0.1
547,2021-07-21T00:00:00.000Z,כלל האוכלוסיה,0,38,27,0,3,5,0.0,0.7000000000000001,0.7000000000000001,0.0,0.1,0.1
548,2021-07-21T00:00:00.000Z,מעל גיל 60,0,35,13,0,2,2,0.0,2.5,7.1,0.0,0.1,1.1
549,2021-07-22T00:00:00.000Z,מתחת לגיל 60,0,5,15,0,3,1,0.0,0.1,0.4,0.0,0.1,0.0
550,2021-07-22T00:00:00.000Z,מעל גיל 60,0,40,14,0,5,2,0.0,2.9,7.7,0.0,0.4,1.1
551,2021-07-22T00:00:00.000Z,כלל האוכלוסיה,0,45,29,0,8,3,0.0,0.8,0.8,0.0,0.1,0.1
552,2021-07-23T00:00:00.000Z,כלל האוכלוסיה,0,54,30,0,8,4,0.0,1.0,0.8,0.0,0.1,0.1
553,2021-07-23T00:00:00.000Z,מתחת לגיל 60,0,6,17,0,0,3,0.0,0.1,0.5,0.0,0.0,0.1
554,2021-07-23T00:00:00.000Z,מעל גיל 60,0,48,13,0,8,1,0.0,3.5,7.2,0.0,0.6000000000000001,0.6000000000000001
555,2021-07-24T00:00:00.000Z,מתחת לגיל 60,0,8,14,0,1,1,0.0,0.2,0.4,0.0,0.0,0.0
556,2021-07-24T00:00:00.000Z,כלל האוכלוסיה,0,58,28,0,7,3,0.0,1.1,0.8,0.0,0.1,0.1
557,2021-07-24T00:00:00.000Z,מעל גיל 60,0,50,14,0,6,2,0.0,3.6,7.7,0.0,0.4,1.1
558,2021-07-25T00:00:00.000Z,כלל האוכלוסיה,0,64,30,0,6,2,0.0,1.2,0.8,0.0,0.1,0.1
559,2021-07-25T00:00:00.000Z,מתחת לגיל 60,0,5,17,0,0,0,0.0,0.1,0.5,0.0,0.0,0.0
560,2021-07-25T00:00:00.000Z,מעל גיל 60,0,59,13,0,6,2,0.0,4.3,7.2,0.0,0.4,1.1
561,2021-07-26T00:00:00.000Z,מעל גיל 60,0,75,17,0,9,5,0.0,5.5,9.5,0.0,0.7000000000000001,2.8
562,2021-07-26T00:00:00.000Z,מתחת לגיל 60,0,6,22,0,0,3,0.0,0.1,0.6000000000000001,0.0,0.0,0.1
563,2021-07-26T00:00:00.000Z,כלל האוכלוסיה,0,81,39,0,9,8,0.0,1.5,1.1,0.0,0.2,0.2
564,2021-07-27T00:00:00.000Z,כלל האוכלוסיה,0,99,52,0,14,7,0.0,1.8,1.4,0.0,0.30000000000000004,0.2
565,2021-07-27T00:00:00.000Z,מתחת לגיל 60,0,7,25,0,0,3,0.0,0.2,0.7000000000000001,0.0,0.0,0.1
566,2021-07-27T00:00:00.000Z,מעל גיל 60,0,92,27,0,14,4,0.0,6.7,15.1,0.0,1.0,2.2
567,2021-07-28T00:00:00.000Z,מתחת לגיל 60,0,8,27,0,1,3,0.0,0.2,0.8,0.0,0.0,0.1
568,2021-07-28T00:00:00.000Z,כלל האוכלוסיה,0,91,55,0,7,6,0.0,1.7000000000000002,1.5,0.0,0.1,0.2
569,2021-07-28T00:00:00.000Z,מעל גיל 60,0,83,28,0,6,3,0.0,6.0,15.7,0.0,0.4,1.7000000000000002
570,2021-07-29T00:00:00.000Z,כלל האוכלוסיה,0,88,61,0,4,6,0.0,1.6,1.7000000000000002,0.0,0.1,0.2
571,2021-07-29T00:00:00.000Z,מעל גיל 60,0,80,33,0,4,4,0.0,5.8,18.5,0.0,0.30000000000000004,2.2
572,2021-07-29T00:00:00.000Z,מתחת לגיל 60,0,8,28,0,0,2,0.0,0.2,0.8,0.0,0.0,0.1
573,2021-07-30T00:00:00.000Z,מעל גיל 60,0,107,35,0,18,2,0.0,7.8,19.7,0.0,1.3,1.1
574,2021-07-30T00:00:00.000Z,מתחת לגיל 60,0,7,25,0,0,0,0.0,0.2,0.7000000000000001,0.0,0.0,0.0
575,2021-07-30T00:00:00.000Z,כלל האוכלוסיה,0,114,60,0,18,2,0.0,2.1,1.6,0.0,0.30000000000000004,0.1
576,2021-07-31T00:00:00.000Z,כלל האוכלוסיה,0,124,67,0,9,6,0.0,2.3,1.8,0.0,0.2,0.2
577,2021-07-31T00:00:00.000Z,מעל גיל 60,0,117,41,0,9,4,0.0,8.5,23.1,0.0,0.7000000000000001,2.3
578,2021-07-31T00:00:00.000Z,מתחת לגיל 60,0,7,26,0,0,2,0.0,0.2,0.8,0.0,0.0,0.1
579,2021-08-01T00:00:00.000Z,מעל גיל 60,0,114,41,0,10,3,0.0,8.3,23.2,0.0,0.7000000000000001,1.7000000000000002
580,2021-08-01T00:00:00.000Z,כלל האוכלוסיה,0,121,67,0,10,4,0.0,2.2,1.8,0.0,0.2,0.1
581,2021-08-01T00:00:00.000Z,מתחת לגיל 60,0,7,26,0,0,1,0.0,0.2,0.8,0.0,0.0,0.0
582,2021-08-02T00:00:00.000Z,מעל גיל 60,0,127,39,0,7,3,0.0,9.2,22.1,0.0,0.5,1.7000000000000002
583,2021-08-02T00:00:00.000Z,כלל האוכלוסיה,0,138,69,0,7,7,0.0,2.5,1.9,0.0,0.1,0.2
584,2021-08-02T00:00:00.000Z,מתחת לגיל 60,0,11,30,0,0,4,0.0,0.30000000000000004,0.9,0.0,0.0,0.1
585,2021-08-03T00:00:00.000Z,מתחת לגיל 60,0,9,29,0,1,1,0.0,0.2,0.8,0.0,0.0,0.0
586,2021-08-03T00:00:00.000Z,מעל גיל 60,0,143,41,0,20,2,0.0,10.4,23.3,0.0,1.5,1.1
587,2021-08-03T00:00:00.000Z,כלל האוכלוסיה,0,152,70,0,21,3,0.0,2.7,1.9,0.0,0.4,0.1
588,2021-08-04T00:00:00.000Z,מעל גיל 60,0,141,44,0,13,5,0.0,10.2,25.1,0.0,0.9,2.9
589,2021-08-04T00:00:00.000Z,כלל האוכלוסיה,0,150,77,0,13,10,0.0,2.7,2.1,0.0,0.2,0.30000000000000004
590,2021-08-04T00:00:00.000Z,מתחת לגיל 60,0,9,33,0,0,5,0.0,0.2,1.0,0.0,0.0,0.1
591,2021-08-05T00:00:00.000Z,כלל האוכלוסיה,0,165,86,0,19,14,0.0,3.0,2.4,0.0,0.30000000000000004,0.4
592,2021-08-05T00:00:00.000Z,מעל גיל 60,0,155,51,0,17,8,0.0,11.3,29.3,0.0,1.2,4.6
593,2021-08-05T00:00:00.000Z,מתחת לגיל 60,0,10,35,0,2,6,0.0,0.2,1.0,0.0,0.0,0.2
594,2021-08-06T00:00:00.000Z,מתחת לגיל 60,0,13,38,0,2,4,0.0,0.30000000000000004,1.1,0.0,0.0,0.1
595,2021-08-06T00:00:00.000Z,כלל האוכלוסיה,0,176,90,0,18,8,0.0,3.2,2.5,0.0,0.30000000000000004,0.2
596,2021-08-06T00:00:00.000Z,מעל גיל 60,0,163,52,0,16,4,0.0,11.9,29.9,0.0,1.2,2.3
597,2021-08-07T00:00:00.000Z,מתחת לגיל 60,0,17,42,0,3,1,0.0,0.4,1.2,0.0,0.1,0.0
598,2021-08-07T00:00:00.000Z,כלל האוכלוסיה,1,210,106,0,13,5,6.7,3.8,2.9,0.0,0.2,0.1
599,2021-08-07T00:00:00.000Z,מעל גיל 60,1,193,64,0,10,4,7.6,14.1,36.9,0.0,0.7000000000000001,2.3
600,2021-08-08T00:00:00.000Z,כלל האוכלוסיה,2,225,127,0,14,8,4.4,4.1,3.5,0.0,0.30000000000000004,0.2
601,2021-08-08T00:00:00.000Z,מעל גיל 60,2,206,79,0,12,5,4.6,15.4,45.8,0.0,0.9,2.9
602,2021-08-08T00:00:00.000Z,מתחת לגיל 60,0,19,48,0,2,3,0.0,0.5,1.4,0.0,0.0,0.1
603,2021-08-09T00:00:00.000Z,כלל האוכלוסיה,3,236,134,1,17,7,2.9,4.3,3.7,1.0,0.30000000000000004,0.2
604,2021-08-09T00:00:00.000Z,מתחת לגיל 60,0,21,49,0,3,1,0.0,0.5,1.4,0.0,0.1,0.0
605,2021-08-09T00:00:00.000Z,מעל גיל 60,3,215,85,1,14,6,2.9,16.8,49.6,1.0,1.1,3.5
606,2021-08-10T00:00:00.000Z,מעל גיל 60,4,219,87,2,14,2,2.2,18.2,51.1,1.1,1.2,1.2
607,2021-08-10T00:00:00.000Z,כלל האוכלוסיה,4,243,139,2,16,3,2.2,4.5,3.9,1.1,0.30000000000000004,0.1
608,2021-08-10T00:00:00.000Z,מתחת לגיל 60,0,24,52,0,2,1,0.0,0.6000000000000001,1.5,0.0,0.0,0.0
609,2021-08-11T00:00:00.000Z,מתחת לגיל 60,0,27,56,0,6,4,0.0,0.6000000000000001,1.6,0.0,0.1,0.1
610,2021-08-11T00:00:00.000Z,כלל האוכלוסיה,6,242,148,0,19,13,2.3,4.5,4.1,0.0,0.4,0.4
611,2021-08-11T00:00:00.000Z,מעל גיל 60,6,215,92,0,13,9,2.3,19.2,54.4,0.0,1.2,5.3
612,2021-08-12T00:00:00.000Z,מעל גיל 60,6,249,98,0,19,2,1.7000000000000002,24.1,58.4,0.0,1.8,1.2
613,2021-08-12T00:00:00.000Z,מתחת לגיל 60,0,23,64,0,0,4,0.0,0.5,1.9,0.0,0.0,0.1
614,2021-08-12T00:00:00.000Z,כלל האוכלוסיה,6,272,162,0,19,6,1.7000000000000002,5.2,4.5,0.0,0.4,0.2
615,2021-08-13T00:00:00.000Z,מעל גיל 60,11,248,110,1,12,5,2.8,25.0,65.8,0.30000000000000004,1.2,3.0
616,2021-08-13T00:00:00.000Z,מתחת לגיל 60,0,23,70,0,1,5,0.0,0.5,2.0,0.0,0.0,0.1
617,2021-08-13T00:00:00.000Z,כלל האוכלוסיה,11,271,180,1,13,10,2.8,5.2,5.0,0.30000000000000004,0.2,0.30000000000000004
618,2021-08-14T00:00:00.000Z,מתחת לגיל 60,0,25,72,0,7,5,0.0,0.6000000000000001,2.1,0.0,0.2,0.1
619,2021-08-14T00:00:00.000Z,מעל גיל 60,17,257,117,4,17,5,4.0,26.7,70.1,1.0,1.8,3.0
620,2021-08-14T00:00:00.000Z,כלל האוכלוסיה,17,282,189,4,24,10,4.0,5.4,5.3,0.9,0.5,0.30000000000000004
621,2021-08-15T00:00:00.000Z,מעל גיל 60,15,265,128,5,15,7,3.0,29.9,77.2,1.0,1.7000000000000002,4.2
622,2021-08-15T00:00:00.000Z,מתחת לגיל 60,0,37,81,0,5,7,0.0,0.9,2.4,0.0,0.1,0.2
623,2021-08-15T00:00:00.000Z,כלל האוכלוסיה,15,302,209,5,20,14,3.0,5.9,5.9,1.0,0.4,0.4
624,2021-08-16T00:00:00.000Z,מתחת לגיל 60,0,35,81,0,1,3,0.0,0.8,2.4,0.0,0.0,0.1
625,2021-08-16T00:00:00.000Z,מעל גיל 60,18,250,135,1,7,3,3.1,30.8,82.1,0.2,0.9,1.8
626,2021-08-16T00:00:00.000Z,כלל האוכלוסיה,18,285,216,1,8,6,3.1,5.7,6.1,0.2,0.2,0.2
627,2021-08-17T00:00:00.000Z,מתחת לגיל 60,0,45,86,0,5,3,0.0,1.1,2.5,0.0,0.1,0.1
628,2021-08-17T00:00:00.000Z,כלל האוכלוסיה,26,299,234,3,17,8,4.0,6.0,6.6,0.5,0.30000000000000004,0.2
629,2021-08-17T00:00:00.000Z,מעל גיל 60,26,254,148,3,12,5,4.0,34.4,90.7,0.5,1.6,3.1
630,2021-08-18T00:00:00.000Z,מתחת לגיל 60,0,50,96,0,0,8,0.0,1.2,2.8,0.0,0.0,0.2
631,2021-08-18T00:00:00.000Z,מעל גיל 60,30,247,161,3,11,13,4.2,36.4,99.3,0.4,1.6,8.0
632,2021-08-18T00:00:00.000Z,כלל האוכלוסיה,30,297,257,3,11,21,4.2,6.1,7.3,0.4,0.2,0.6000000000000001
633,2021-08-19T00:00:00.000Z,מעל גיל 60,31,242,160,0,10,7,4.0,38.9,99.5,0.0,1.6,4.4
634,2021-08-19T00:00:00.000Z,כלל האוכלוסיה,32,292,261,0,14,11,4.1,6.0,7.4,0.0,0.30000000000000004,0.30000000000000004
635,2021-08-19T00:00:00.000Z,מתחת לגיל 60,1,50,101,0,4,4,9.1,1.2,3.0,0.0,0.1,0.1
636,2021-08-20T00:00:00.000Z,כלל האוכלוסיה,37,286,270,3,10,11,4.5,6.0,7.7,0.4,0.2,0.30000000000000004
637,2021-08-20T00:00:00.000Z,מעל גיל 60,37,233,172,3,7,6,4.7,39.0,107.4,0.4,1.2,3.7
638,2021-08-20T00:00:00.000Z,מתחת לגיל 60,0,53,98,0,3,5,0.0,1.3,2.9,0.0,0.1,0.1
639,2021-08-21T00:00:00.000Z,מעל גיל 60,44,238,189,4,6,10,5.5,40.9,118.3,0.5,1.0,6.3
640,2021-08-21T00:00:00.000Z,מתחת לגיל 60,0,62,112,0,3,10,0.0,1.5,3.3,0.0,0.1,0.30000000000000004
641,2021-08-21T00:00:00.000Z,כלל האוכלוסיה,44,300,301,4,9,20,5.1,6.3,8.6,0.5,0.2,0.6000000000000001
642,2021-08-22T00:00:00.000Z,מתחת לגיל 60,0,67,120,0,6,7,0.0,1.6,3.6,0.0,0.1,0.2
643,2021-08-22T00:00:00.000Z,מעל גיל 60,52,247,191,3,6,10,6.1,45.5,120.3,0.4,1.1,6.3
644,2021-08-22T00:00:00.000Z,כלל האוכלוסיה,52,314,311,3,12,17,5.4,6.7,8.9,0.30000000000000004,0.30000000000000004,0.5
645,2021-08-23T00:00:00.000Z,מתחת לגיל 60,1,59,126,1,2,13,0.6000000000000001,1.4,3.8,0.6000000000000001,0.0,0.4
646,2021-08-23T00:00:00.000Z,כלל האוכלוסיה,49,296,331,3,9,24,4.7,6.5,9.5,0.30000000000000004,0.2,0.7000000000000001
647,2021-08-23T00:00:00.000Z,מעל גיל 60,48,237,205,2,7,11,5.4,46.6,129.8,0.2,1.4,7.0
648,2021-08-24T00:00:00.000Z,מתחת לגיל 60,0,52,133,0,0,6,0.0,1.3,4.0,0.0,0.0,0.2
649,2021-08-24T00:00:00.000Z,מעל גיל 60,56,227,211,3,7,9,6.1,47.5,134.3,0.30000000000000004,1.5,5.7
650,2021-08-24T00:00:00.000Z,כלל האוכלוסיה,56,279,344,3,7,15,4.9,6.2,9.9,0.30000000000000004,0.2,0.4
651,2021-08-25T00:00:00.000Z,מתחת לגיל 60,1,52,143,1,3,6,0.4,1.3,4.3,0.4,0.1,0.2
652,2021-08-25T00:00:00.000Z,מעל גיל 60,51,226,218,4,10,11,5.4,50.0,139.4,0.4,2.2,7.0
653,2021-08-25T00:00:00.000Z,כלל האוכלוסיה,52,278,361,5,13,17,4.3,6.3,10.4,0.4,0.30000000000000004,0.5
654,2021-08-26T00:00:00.000Z,כלל האוכלוסיה,55,261,361,2,10,13,4.3,6.0,10.5,0.2,0.2,0.4
655,2021-08-26T00:00:00.000Z,מעל גיל 60,54,205,220,2,6,5,5.6,47.7,141.6,0.2,1.4,3.2
656,2021-08-26T00:00:00.000Z,מתחת לגיל 60,1,56,141,0,4,8,0.30000000000000004,1.4,4.3,0.0,0.1,0.2
657,2021-08-27T00:00:00.000Z,מעל גיל 60,57,204,225,2,11,7,5.9,48.7,145.2,0.2,2.6,4.5
658,2021-08-27T00:00:00.000Z,כלל האוכלוסיה,59,262,367,3,15,13,4.4,6.1,10.7,0.2,0.30000000000000004,0.4
659,2021-08-27T00:00:00.000Z,מתחת לגיל 60,2,58,142,1,4,6,0.6000000000000001,1.5,4.3,0.30000000000000004,0.1,0.2
660,2021-08-28T00:00:00.000Z,מעל גיל 60,62,198,217,4,7,9,6.3,47.8,140.4,0.4,1.7000000000000002,5.8
661,2021-08-28T00:00:00.000Z,כלל האוכלוסיה,66,255,360,4,10,13,4.8,6.0,10.5,0.30000000000000004,0.2,0.4
662,2021-08-28T00:00:00.000Z,מתחת לגיל 60,4,57,143,0,3,4,1.0,1.5,4.4,0.0,0.1,0.1
663,2021-08-29T00:00:00.000Z,מתחת לגיל 60,6,62,159,0,3,7,1.2,1.6,4.9,0.0,0.1,0.2
664,2021-08-29T00:00:00.000Z,כלל האוכלוסיה,71,269,398,4,12,11,4.8,6.4,11.7,0.30000000000000004,0.30000000000000004,0.30000000000000004
665,2021-08-29T00:00:00.000Z,מעל גיל 60,65,207,239,4,9,4,6.5,52.2,155.7,0.4,2.3,2.6
666,2021-08-30T00:00:00.000Z,מתחת לגיל 60,7,58,163,2,2,14,1.2,1.6,5.0,0.4,0.1,0.4
667,2021-08-30T00:00:00.000Z,כלל האוכלוסיה,74,252,403,9,6,21,4.7,6.2,11.9,0.6000000000000001,0.1,0.6000000000000001
668,2021-08-30T00:00:00.000Z,מעל גיל 60,67,194,240,7,4,7,6.6,50.9,157.4,0.7000000000000001,1.0,4.6
669,2021-08-31T00:00:00.000Z,כלל האוכלוסיה,69,240,381,1,8,14,4.1,6.0,11.3,0.1,0.2,0.4
670,2021-08-31T00:00:00.000Z,מתחת לגיל 60,6,55,157,0,2,7,0.9,1.5,4.9,0.0,0.1,0.2
671,2021-08-31T00:00:00.000Z,מעל גיל 60,63,185,224,1,6,7,6.1,50.3,148.0,0.1,1.6,4.6
672,2021-09-01T00:00:00.000Z,מתחת לגיל 60,7,48,155,0,2,6,1.0,1.4,4.8,0.0,0.1,0.2
673,2021-09-01T00:00:00.000Z,מעל גיל 60,61,174,225,1,6,11,5.9,48.8,149.7,0.1,1.7000000000000002,7.3
674,2021-09-01T00:00:00.000Z,כלל האוכלוסיה,68,222,380,1,8,17,3.8,5.7,11.3,0.1,0.2,0.5
675,2021-09-02T00:00:00.000Z,כלל האוכלוסיה,62,216,373,5,5,14,3.3,5.7,11.1,0.30000000000000004,0.1,0.4
676,2021-09-02T00:00:00.000Z,מתחת לגיל 60,7,50,149,0,1,5,0.8,1.4,4.7,0.0,0.0,0.2
677,2021-09-02T00:00:00.000Z,מעל גיל 60,55,166,224,5,4,9,5.2,47.9,149.9,0.5,1.2,6.0
678,2021-09-03T00:00:00.000Z,מתחת לגיל 60,7,49,161,1,3,7,0.8,1.4,5.0,0.1,0.1,0.2
679,2021-09-03T00:00:00.000Z,כלל האוכלוסיה,62,213,374,3,10,15,3.2,5.7,11.2,0.2,0.30000000000000004,0.4
680,2021-09-03T00:00:00.000Z,מעל גיל 60,55,164,213,2,7,8,5.2,47.9,142.9,0.2,2.0,5.4
681,2021-09-04T00:00:00.000Z,מעל גיל 60,56,162,218,4,5,4,5.3,47.6,146.5,0.4,1.5,2.7
682,2021-09-04T00:00:00.000Z,מתחת לגיל 60,8,52,165,1,1,9,0.9,1.5,5.2,0.1,0.0,0.30000000000000004
683,2021-09-04T00:00:00.000Z,כלל האוכלוסיה,64,214,383,5,6,13,3.3,5.7,11.5,0.30000000000000004,0.2,0.4
684,2021-09-05T00:00:00.000Z,כלל האוכלוסיה,72,204,400,4,5,12,3.5,5.6,12.0,0.2,0.1,0.4
685,2021-09-05T00:00:00.000Z,מעל גיל 60,63,151,233,4,3,6,5.9,45.4,157.3,0.4,0.9,4.1
686,2021-09-05T00:00:00.000Z,מתחת לגיל 60,9,53,167,0,2,6,0.9,1.6,5.3,0.0,0.1,0.2
687,2021-09-06T00:00:00.000Z,מעל גיל 60,55,134,221,2,4,9,5.1,41.3,149.6,0.2,1.2,6.1
688,2021-09-06T00:00:00.000Z,מתחת לגיל 60,10,50,168,0,2,10,0.9,1.5,5.3,0.0,0.1,0.30000000000000004
689,2021-09-06T00:00:00.000Z,כלל האוכלוסיה,65,184,389,2,6,19,3.0,5.2,11.7,0.1,0.2,0.6000000000000001
690,2021-09-07T00:00:00.000Z,מתחת לגיל 60,11,53,171,0,3,13,0.9,1.7000000000000002,5.4,0.0,0.1,0.4
691,2021-09-07T00:00:00.000Z,מעל גיל 60,58,125,224,5,3,17,5.4,39.4,151.9,0.5,0.9,11.5
692,2021-09-07T00:00:00.000Z,כלל האוכלוסיה,69,178,396,5,6,31,3.0,5.2,11.9,0.2,0.2,0.9
693,2021-09-08T00:00:00.000Z,מתחת לגיל 60,12,52,185,1,1,9,0.9,1.7000000000000002,5.8,0.1,0.0,0.30000000000000004
694,2021-09-08T00:00:00.000Z,כלל האוכלוסיה,66,180,413,3,3,17,2.8,5.4,12.5,0.1,0.1,0.5
695,2021-09-08T00:00:00.000Z,מעל גיל 60,54,128,227,2,2,8,5.0,41.1,154.2,0.2,0.6000000000000001,5.4
